r,method,rss,R2,adjR2,iter,conv,message,gamma,p_gamma,lambda,p_lambda,delta_KL,p_delta_KL,delta_VAE,p_delta_VAE,nu,p_nu,rho_KL,rho_VAE,sigma_KL,sigma_VAE,aic,bic,runtime
Argentina,LM,0.0077869681729887,0.9895244933159157,0.9846359235300097,251,TRUE,Relative error in the sum of squares is at most `ftol'.,3.614907355079663e-6,NA,0.006228796415098676,NA,1.8015250857340601,NA,0.27241060172339016,NA,0.644752187560585,NA,1,0,0.5,1,NA,NA,3.800194025039673
Argentina,NM,0.00862491377685733,0.9883972375497153,0.9829826150729158,139,TRUE,,0.0176481086767798,NA,0.0020066651070734668,NA,0.5379769855424893,NA,0.5149409789052175,NA,1.0305123527077518,NA,-1,1,NA,0.5,NA,NA,0.2477550506591797
Argentina,Nelder-Mead,0.00862491377685733,0.9883972375497153,0.9829826150729158,139,TRUE,,0.0176481086767798,NA,0.0020066651070734668,NA,0.5379769855424893,NA,0.5149409789052175,NA,1.0305123527077518,NA,-1,1,NA,0.5,NA,NA,0.22043204307556152
Argentina,BFGS,0.058237490176349285,0.9216553600767493,0.8850945281125656,605,TRUE,,8.054610942438387e-14,NA,0.014985678184139511,NA,0.0847149237257528,NA,-0.37926546817860124,NA,0.779477159858497,NA,1,1,0.5,0.5,NA,NA,1.3748211860656738
Argentina,BFGS,0.058237490176349285,0.9216553600767493,0.8850945281125656,26,TRUE,,8.054610942438387e-14,NA,0.014985678184139511,NA,0.0847149237257528,NA,-0.37926546817860124,NA,0.779477159858497,NA,1,1,0.5,0.5,NA,NA,1.3748211860656738
Argentina,PORT,0.008250520797356492,0.9889008939243287,0.9837213110890154,2706,TRUE,relative convergence (4),0.0011861929300471673,NA,0.0033496220215287528,NA,0.6548553408421526,NA,0.46800227550134293,NA,0.9472925022559571,NA,-1,0,NA,1,NA,NA,36.93552589416504
Argentina,CG,0.13170682448576218,0.8228199101896868,0.7401358682782073,182,TRUE,,7.896974669593444e-14,NA,0.014999999999814755,NA,0.5,NA,0.5,NA,1,NA,-1,-1,NA,NA,NA,NA,0.782944917678833
Argentina,CG,0.13170682448576218,0.8228199101896868,0.7401358682782073,16,TRUE,,7.896974669593444e-14,NA,0.014999999999814755,NA,0.5,NA,0.5,NA,1,NA,-1,-1,NA,NA,NA,NA,0.782944917678833
Argentina,DE,0.018926196423915277,0.9745393209862176,0.9626576707797859,500,FALSE,,318323375.8446603,NA,-0.009737334431404714,NA,0.13571338189273774,NA,0.6768838118142271,NA,2.2928708734384546,NA,-1,-1,NA,NA,NA,NA,31.921100854873657
Argentina,SANN,2.049760207868761,-1.7574630178642536,-3.044279092867572,1000,FALSE,,0.3885755716664674,NA,5.749930656674433e-4,NA,1.6410131528008418,NA,0.08215220638123627,NA,-0.1233078145167732,NA,1,-1,0.5,NA,NA,NA,1.5012750625610352
Australia and New Zealand,LM,9.485748980536228e-4,0.998708588491889,0.998105929788104,952,TRUE,Relative error in the sum of squares is at most `ftol'.,2.5682673358604555e-15,NA,0.01670101855745983,NA,0.18783729848112649,NA,0.6900944243852969,NA,0.6044526163695289,NA,1,1,0.5,0.5,NA,NA,7.272225856781006
Australia and New Zealand,NM,0.042939601809003525,0.9415410464227488,0.9142602014200316,325,TRUE,,0.008816780307462723,NA,0.002352643420957832,NA,0.6463844368319883,NA,0.6602181666853,NA,1.0445749568863152,NA,0,1,1,0.5,NA,NA,0.18050098419189453
Australia and New Zealand,Nelder-Mead,0.042939601809003525,0.9415410464227488,0.9142602014200316,325,TRUE,,0.008816780307462723,NA,0.002352643420957832,NA,0.6463844368319883,NA,0.6602181666853,NA,1.0445749568863152,NA,0,1,1,0.5,NA,NA,0.2329399585723877
Australia and New Zealand,BFGS,0.0012765634529822197,0.9982620573900935,0.9974510175054705,487,TRUE,,1.0839491421930043e-13,NA,0.014840289411328112,NA,0.16189262213964012,NA,0.5502637295913595,NA,0.8297083219339607,NA,1,-1,0.5,NA,NA,NA,1.2089080810546875
Australia and New Zealand,BFGS,0.0012765634529822197,0.9982620573900935,0.9974510175054705,23,TRUE,,1.0839491421930043e-13,NA,0.014840289411328112,NA,0.16189262213964012,NA,0.5502637295913595,NA,0.8297083219339607,NA,1,-1,0.5,NA,NA,NA,1.2089080810546875
Australia and New Zealand,PORT,9.550956160174352e-4,0.9986997110376817,0.9980929095219332,240,FALSE,false convergence (8),4.2428173445659354e-14,NA,0.015306652547345517,NA,0.15430546565194495,NA,0.7328040237341785,NA,0.6783725671962166,NA,1,1,0.5,0.5,NA,NA,2.3275468349456787
Australia and New Zealand,CG,0.02447430764731676,0.9666801191833784,0.951130841468955,229,TRUE,,7.849488557624787e-14,NA,0.014999999999814304,NA,0.5,NA,0.5,NA,1,NA,-1,-1,NA,NA,NA,NA,0.6222310066223145
Australia and New Zealand,CG,0.02447430764731676,0.9666801191833784,0.951130841468955,20,TRUE,,7.849488557624787e-14,NA,0.014999999999814304,NA,0.5,NA,0.5,NA,1,NA,-1,-1,NA,NA,NA,NA,0.6222310066223145
Australia and New Zealand,DE,0.003355648465702774,0.9954315436190907,0.9932995973079997,500,FALSE,,3334063308.656553,NA,-0.010903983053496177,NA,0.0230605074080729,NA,0.939300694410385,NA,2.103853463061012,NA,1,-1,0.5,NA,NA,NA,20.406766176223755
Australia and New Zealand,SANN,1.95282129892715,-1.6586154703162173,-2.8993026897971186,1000,FALSE,,0.3885755716664674,NA,5.749930656674433e-4,NA,1.6410131528008418,NA,0.08215220638123627,NA,-0.1233078145167732,NA,1,-1,0.5,NA,NA,NA,0.6495058536529541
Brazil,LM,0.0032611237690368584,0.994254866318047,0.9915738039331357,1024,FALSE,Number of iterations has reached `maxiter' == 1024.,0.07769972052566565,NA,0.0012697394380819136,NA,0.304715701152931,NA,0.9486820064326018,NA,1.301589750009304,NA,-1,1,NA,0.5,NA,NA,11.279716968536377
Brazil,NM,0.019524034587053582,0.9656044367960943,0.949553173967605,247,TRUE,,0.023532418480315287,NA,0.0018689821977029312,NA,0.5591521164093722,NA,0.6932167395037692,NA,0.8070473404575393,NA,1,1,0.5,0.5,NA,NA,0.4279348850250244
Brazil,Nelder-Mead,0.019524034587053582,0.9656044367960943,0.949553173967605,247,TRUE,,0.023532418480315287,NA,0.0018689821977029312,NA,0.5591521164093722,NA,0.6932167395037692,NA,0.8070473404575393,NA,1,1,0.5,0.5,NA,NA,0.42639899253845215
Brazil,BFGS,0.0074907705168188,0.9868034821589542,0.9806451071664661,521,TRUE,,7.41661664044584e-14,NA,0.015025902797981373,NA,0.508494135682233,NA,1.2479492473770675,NA,0.579600908812963,NA,-1,0,NA,1,NA,NA,1.4475171566009521
Brazil,BFGS,0.0074907705168188,0.9868034821589542,0.9806451071664661,24,TRUE,,7.41661664044584e-14,NA,0.015025902797981373,NA,0.508494135682233,NA,1.2479492473770675,NA,0.579600908812963,NA,-1,0,NA,1,NA,NA,1.4475171566009521
Brazil,PORT,0.0031720608473747047,0.9944117687931731,0.9918039275633205,4118,TRUE,relative convergence (4),20.643195757701587,NA,-0.0015047214761628718,NA,0.295254756977866,NA,0.9153300232003423,NA,1.4142602770116575,NA,-1,1,NA,0.5,NA,NA,31.219985008239746
Brazil,CG,0.47598185000489096,0.16146103241317167,-0.2298571524606816,230,TRUE,,8.040812392604037e-14,NA,0.014999999999811914,NA,0.5,NA,0.5,NA,1,NA,-1,1,NA,0.5,NA,NA,0.8469672203063965
Brazil,CG,0.47598185000489096,0.16146103241317167,-0.2298571524606816,16,TRUE,,8.040812392604037e-14,NA,0.014999999999811914,NA,0.5,NA,0.5,NA,1,NA,-1,1,NA,0.5,NA,NA,0.8469672203063965
Brazil,DE,0.004139182391137449,0.9927079872291713,0.989305047936118,500,FALSE,,2126765935.0707655,NA,-0.010672799482281049,NA,0.28528204656981193,NA,0.8307828455902184,NA,1.7532547638154397,NA,0,1,1,0.5,NA,NA,30.871647119522095
Brazil,SANN,1.944127890182249,-2.4249772210293483,-4.023299924176377,1000,FALSE,,0.3885755716664674,NA,5.749930656674433e-4,NA,1.6410131528008418,NA,0.08215220638123627,NA,-0.1233078145167732,NA,1,-1,0.5,NA,NA,NA,1.506688117980957
Canada,LM,0.0019879190348601077,0.9940227192731955,0.9912333216006868,283,TRUE,Relative error in the sum of squares is at most `ftol'.,2.7934537479478466e-13,NA,0.014372543233357417,NA,3.765615302829986,NA,0.07487133889089304,NA,0.44016674697539127,NA,0,1,1,0.5,NA,NA,1.392413854598999
Canada,NM,0.032014853618758034,0.9037376451700705,0.8588152129161034,139,TRUE,,0.01758070877373113,NA,0.0020080489737151035,NA,0.5149770635931357,NA,0.5393993344435091,NA,1.0294194889710446,NA,1,0,0.5,1,NA,NA,0.20899701118469238
Canada,Nelder-Mead,0.032014853618758034,0.9037376451700705,0.8588152129161034,139,TRUE,,0.01758070877373113,NA,0.0020080489737151035,NA,0.5149770635931357,NA,0.5393993344435091,NA,1.0294194889710446,NA,1,0,0.5,1,NA,NA,0.4520750045776367
Canada,BFGS,0.0034681447238210394,0.9895719723731504,0.9847055594806207,605,TRUE,,8.630798443635485e-14,NA,0.014953991131895975,NA,0.36229860255520213,NA,0.21698142465034803,NA,0.47737501268372284,NA,-1,0,NA,1,NA,NA,1.503065824508667
Canada,BFGS,0.0034681447238210394,0.9895719723731504,0.9847055594806207,26,TRUE,,8.630798443635485e-14,NA,0.014953991131895975,NA,0.36229860255520213,NA,0.21698142465034803,NA,0.47737501268372284,NA,-1,0,NA,1,NA,NA,1.503065824508667
Canada,PORT,0.0020455184337560884,0.9938495292333304,0.9909793095422179,391,TRUE,relative convergence (4),1.593379867934398e-12,NA,0.013506079283910448,NA,1,NA,0.24911067644546037,NA,0.5275614407929522,NA,0,1,1,0.5,NA,NA,3.5455210208892822
Canada,CG,0.05271050127024058,0.8415099117128253,0.7675478705121438,274,TRUE,,7.894839806213409e-14,NA,0.014999999999814733,NA,0.5,NA,0.5,NA,1,NA,-1,-1,NA,NA,NA,NA,0.70147705078125
Canada,CG,0.05271050127024058,0.8415099117128253,0.7675478705121438,21,TRUE,,7.894839806213409e-14,NA,0.014999999999814733,NA,0.5,NA,0.5,NA,1,NA,-1,-1,NA,NA,NA,NA,0.70147705078125
Canada,DE,0.012556983847719496,0.962243624502025,0.9446239826029701,500,FALSE,,610244196.5906866,NA,-0.01005928428285167,NA,2.370102049122491e-7,NA,0.8559004155401894,NA,2.6511952934130933,NA,-1,-1,NA,NA,NA,NA,21.759483814239502
Canada,SANN,1.4355624223703591,-3.316453260362877,-5.330798115198887,1000,FALSE,,0.3885755716664674,NA,5.749930656674433e-4,NA,1.6410131528008418,NA,0.08215220638123627,NA,-0.1233078145167732,NA,1,-1,0.5,NA,NA,NA,0.6674380302429199
Caribbean Extended,LM,0.0033123821530999477,0.9967216421532479,0.9951917418247636,639,TRUE,Relative error in the sum of squares is at most `ftol'.,2.634756235986783e-10,NA,0.010962598942420528,NA,0.06948976166041006,NA,0.6966567696146956,NA,1.577436326766914,NA,1,-1,0.5,NA,NA,NA,4.058866024017334
Caribbean Extended,NM,0.02820602781939687,0.9720837003843676,0.9590560938970726,307,TRUE,,0.007469767139163324,NA,0.0024338491326642273,NA,0.4662435005458223,NA,0.9791770466107592,NA,0.98746891327171,NA,-1,1,NA,0.5,NA,NA,0.3206479549407959
Caribbean Extended,Nelder-Mead,0.02820602781939687,0.9720837003843676,0.9590560938970726,307,TRUE,,0.007469767139163324,NA,0.0024338491326642273,NA,0.4662435005458223,NA,0.9791770466107592,NA,0.98746891327171,NA,-1,1,NA,0.5,NA,NA,0.32186198234558105
Caribbean Extended,BFGS,0.005051816263990707,0.9950000752558399,0.9926667770418985,600,TRUE,,1.1111042615170242e-13,NA,0.014827465442570414,NA,0.20791697925662628,NA,0.7037182833890417,NA,0.9797678902224493,NA,1,-1,0.5,NA,NA,NA,1.3498759269714355
Caribbean Extended,BFGS,0.005051816263990707,0.9950000752558399,0.9926667770418985,26,TRUE,,1.1111042615170242e-13,NA,0.014827465442570414,NA,0.20791697925662628,NA,0.7037182833890417,NA,0.9797678902224493,NA,1,-1,0.5,NA,NA,NA,1.3498759269714355
Caribbean Extended,PORT,0.003372379839268018,0.9966622607545611,0.9951046491066896,944,FALSE,false convergence (8),5.446751896550985e-12,NA,0.01289265199454109,NA,0.08055911689910082,NA,0.6632867288311819,NA,1.4441277663860352,NA,1,1,0.5,0.5,NA,NA,4.377692937850952
Caribbean Extended,CG,0.009140843698622138,0.9909530497146098,0.9867311395814278,281,TRUE,,7.831895804686565e-14,NA,0.014999999999814256,NA,0.5,NA,0.5,NA,1,NA,-1,0,NA,1,NA,NA,0.6096651554107666
Caribbean Extended,CG,0.009140843698622138,0.9909530497146098,0.9867311395814278,24,TRUE,,7.831895804686565e-14,NA,0.014999999999814256,NA,0.5,NA,0.5,NA,1,NA,-1,0,NA,1,NA,NA,0.6096651554107666
Caribbean Extended,DE,0.01078150661250671,0.9893292394508737,0.9843495511946148,500,FALSE,,3493169577.3844705,NA,-0.01092992591835817,NA,0.016250591113183693,NA,0.9062784101519671,NA,3.008195062200466,NA,1,-1,0.5,NA,NA,NA,38.06980490684509
Caribbean Extended,SANN,2.2861933834740715,-1.2627099384924874,-2.3186412431223147,1000,FALSE,,0.3885755716664674,NA,5.749930656674433e-4,NA,1.6410131528008418,NA,0.08215220638123627,NA,-0.1233078145167732,NA,1,-1,0.5,NA,NA,NA,1.5482330322265625
Central America,LM,0.0012157189480559644,0.9991698565134375,0.9987824562197083,1024,FALSE,Number of iterations has reached `maxiter' == 1024.,4.672056772804956e-15,NA,0.016402224461809625,NA,0.4324261840118967,NA,0.8682933532836374,NA,0.6899220860343575,NA,1,1,0.5,0.5,NA,NA,10.72367787361145
Central America,NM,0.028847517624731065,0.9803017145550299,0.9711091813473772,141,TRUE,,0.017617339806819496,NA,0.002006138148456404,NA,0.5302044359364333,NA,0.51532414784947,NA,1.0381059514362425,NA,1,1,0.5,0.5,NA,NA,0.21918416023254395
Central America,Nelder-Mead,0.028847517624731065,0.9803017145550299,0.9711091813473772,141,TRUE,,0.017617339806819496,NA,0.002006138148456404,NA,0.5302044359364333,NA,0.51532414784947,NA,1.0381059514362425,NA,1,1,0.5,0.5,NA,NA,0.2219078540802002
Central America,BFGS,0.0018404806275939415,0.9987432432408948,0.9981567567533124,533,TRUE,,6.370692280966091e-14,NA,0.015101784456994567,NA,0.5388497878436317,NA,0.7408209087545905,NA,0.7138356796919278,NA,0,1,1,0.5,NA,NA,1.447119951248169
Central America,BFGS,0.0018404806275939415,0.9987432432408948,0.9981567567533124,24,TRUE,,6.370692280966091e-14,NA,0.015101784456994567,NA,0.5388497878436317,NA,0.7408209087545905,NA,0.7138356796919278,NA,0,1,1,0.5,NA,NA,1.447119951248169
Central America,PORT,0.0012230107889819163,0.9991648773410231,0.9987751534335005,184,FALSE,false convergence (8),5.075473281321731e-14,NA,0.015216336587258138,NA,0.3949769708872028,NA,0.8675625762670882,NA,0.7434449019712174,NA,1,1,0.5,0.5,NA,NA,4.374237060546875
Central America,CG,0.04617654704470823,0.9684687321667482,0.9537541405112308,229,TRUE,,7.805393379665963e-14,NA,0.014999999999814087,NA,0.5,NA,0.5,NA,1,NA,-1,-1,NA,NA,NA,NA,0.6760110855102539
Central America,CG,0.04617654704470823,0.9684687321667482,0.9537541405112308,16,TRUE,,7.805393379665963e-14,NA,0.014999999999814087,NA,0.5,NA,0.5,NA,1,NA,-1,-1,NA,NA,NA,NA,0.6760110855102539
Central America,DE,0.004458161450166699,0.9969557818475904,0.9955351467097993,500,FALSE,,3434891932.494217,NA,-0.010918625136088024,NA,0.10330084876734086,NA,0.8557235983186416,NA,1.9221495084478928,NA,1,1,0.5,0.5,NA,NA,37.370096921920776
Central America,SANN,3.0630700387949332,-1.0915916837988804,-2.067667802905025,1000,FALSE,,0.3885755716664674,NA,5.749930656674433e-4,NA,1.6410131528008418,NA,0.08215220638123627,NA,-0.1233078145167732,NA,1,-1,0.5,NA,NA,NA,1.2881159782409668
Central Asia Extended,LM,0.003187672909762363,0.9991277488946722,0.9987206983788525,1024,FALSE,Number of iterations has reached `maxiter' == 1024.,9.520429724627379e-28,NA,0.030964978900000394,NA,16.500927171930165,NA,0.7752948511682136,NA,0.026732461063446258,NA,0,1,1,0.5,NA,NA,8.596921920776367
Central Asia Extended,NM,0.03651302265343471,0.9900088480625509,0.9853463104917413,285,TRUE,,0.007014943035289168,NA,0.0024852999479137595,NA,0.5487581360273472,NA,0.7712841932932537,NA,1.127928376144518,NA,1,-1,0.5,NA,NA,NA,0.44088006019592285
Central Asia Extended,Nelder-Mead,0.03651302265343471,0.9900088480625509,0.9853463104917413,285,TRUE,,0.007014943035289168,NA,0.0024852999479137595,NA,0.5487581360273472,NA,0.7712841932932537,NA,1.127928376144518,NA,1,-1,0.5,NA,NA,NA,0.4793069362640381
Central Asia Extended,BFGS,0.040134255506694645,0.9890179608390771,0.9838930092306465,458,TRUE,,6.0845264702242e-14,NA,0.015146245593145587,NA,1.2137086545326212,NA,0.4933074808103827,NA,0.6123717244998423,NA,-1,0,NA,1,NA,NA,1.0882039070129395
Central Asia Extended,BFGS,0.040134255506694645,0.9890179608390771,0.9838930092306465,22,TRUE,,6.0845264702242e-14,NA,0.015146245593145587,NA,1.2137086545326212,NA,0.4933074808103827,NA,0.6123717244998423,NA,-1,0,NA,1,NA,NA,1.0882039070129395
Central Asia Extended,PORT,0.013269415713217804,0.9963690557812686,0.9946746151458605,201,FALSE,false convergence (8),2.139277058850935e-13,NA,0.014516322546592795,NA,0.16997895646476158,NA,1,NA,1.4540366031398377,NA,1,1,0.5,0.5,NA,NA,2.524397850036621
Central Asia Extended,CG,0.06140589037170428,0.9831973488916276,0.9753561117077204,229,TRUE,,8.026023925751643e-14,NA,0.01499999999981178,NA,0.5,NA,0.5,NA,1,NA,1,1,0.5,0.5,NA,NA,0.6013801097869873
Central Asia Extended,CG,0.06140589037170428,0.9831973488916276,0.9753561117077204,16,TRUE,,8.026023925751643e-14,NA,0.01499999999981178,NA,0.5,NA,0.5,NA,1,NA,1,1,0.5,0.5,NA,NA,0.6013801097869873
Central Asia Extended,DE,0.0120075242804074,0.99671435036708,0.9951810472050506,500,FALSE,,5498125502.627862,NA,-0.01114251504353622,NA,0.05372254891014743,NA,0.9779317466859846,NA,3.8511554243157406,NA,1,0,0.5,1,NA,NA,29.560261964797974
Central Asia Extended,SANN,5.783276191658158,-0.5824926814602096,-1.3209892661416407,1000,FALSE,,0.3885755716664674,NA,5.749930656674433e-4,NA,1.6410131528008418,NA,0.08215220638123627,NA,-0.1233078145167732,NA,1,-1,0.5,NA,NA,NA,0.8953430652618408
Chile,LM,0.004087886332904967,0.9967933288205613,0.9952968822701566,225,TRUE,Conditions for `info = 1' and `info = 2' both hold.,1.6157084470620783e-13,NA,0.014642707568086652,NA,0.3519696824394355,NA,1.1299086882471987,NA,0.5976863884781092,NA,0,-1,1,NA,NA,NA,3.102189064025879
Chile,NM,0.015607463333282,0.9877569974360272,0.9820435962395065,139,TRUE,,0.01759777284360156,NA,0.002010197978404613,NA,0.5155947151733786,NA,0.5384113567941538,NA,1.0303002662045335,NA,1,-1,0.5,NA,NA,NA,0.2618899345397949
Chile,Nelder-Mead,0.015607463333282,0.9877569974360272,0.9820435962395065,139,TRUE,,0.01759777284360156,NA,0.002010197978404613,NA,0.5155947151733786,NA,0.5384113567941538,NA,1.0303002662045335,NA,1,-1,0.5,NA,NA,NA,0.2342700958251953
Chile,BFGS,0.004718072876414458,0.9962989899710495,0.9945718519575393,704,TRUE,,1.4469195555782227e-13,NA,0.014698667147699731,NA,0.5522387127742516,NA,0.6829602621857174,NA,0.5854048617724013,NA,1,0,0.5,1,NA,NA,1.528217077255249
Chile,BFGS,0.004718072876414458,0.9962989899710495,0.9945718519575393,29,TRUE,,1.4469195555782227e-13,NA,0.014698667147699731,NA,0.5522387127742516,NA,0.6829602621857174,NA,0.5854048617724013,NA,1,0,0.5,1,NA,NA,1.528217077255249
Chile,PORT,0.004146844510686823,0.9967470801056781,0.9952290508216612,180,FALSE,false convergence (8),2.447651383135274e-13,NA,0.01443605887608676,NA,0.3901231759311846,NA,1,NA,0.6077133916262429,NA,0,1,1,0.5,NA,NA,2.1708719730377197
Chile,CG,0.09256724070130952,0.9273872415366267,0.8935012875870525,225,TRUE,,7.859949586252259e-14,NA,0.014999999999814504,NA,0.5,NA,0.5,NA,1,NA,-1,-1,NA,NA,NA,NA,0.5747518539428711
Chile,CG,0.09256724070130952,0.9273872415366267,0.8935012875870525,18,TRUE,,7.859949586252259e-14,NA,0.014999999999814504,NA,0.5,NA,0.5,NA,1,NA,-1,-1,NA,NA,NA,NA,0.5747518539428711
Chile,DE,0.03426474464621995,0.9731216183181415,0.9605783735332741,500,FALSE,,292879287.3674286,NA,-0.009692139023650813,NA,0.14132584728273823,NA,0.5480316356174321,NA,1.7499113476900239,NA,1,1,0.5,0.5,NA,NA,37.07397413253784
Chile,SANN,2.789367358875907,-1.1880706042569344,-2.2091702195768375,1000,FALSE,,0.3885755716664674,NA,5.749930656674433e-4,NA,1.6410131528008418,NA,0.08215220638123627,NA,-0.1233078145167732,NA,1,-1,0.5,NA,NA,NA,1.7789688110351563
China,LM,0.017630784481063644,0.9974612893883299,0.9962765577695505,1024,FALSE,Number of iterations has reached `maxiter' == 1024.,5.338465039266744e-32,NA,0.035756374164545975,NA,1.228679311786941,NA,-4.224009661212418e-4,NA,0.960783476385316,NA,-1,1,NA,0.5,NA,NA,8.392032146453857
China,NM,0.06883778651322524,0.990087836460558,0.9854621601421517,379,TRUE,,0.10413289223889483,NA,0.0010756085303851464,NA,3.9878348542604766e-4,NA,-0.684861033526478,NA,1.0251791404358208,NA,1,1,0.5,0.5,NA,NA,0.5318059921264648
China,Nelder-Mead,0.06883778651322524,0.990087836460558,0.9854621601421517,379,TRUE,,0.10413289223889483,NA,0.0010756085303851464,NA,3.9878348542604766e-4,NA,-0.684861033526478,NA,1.0251791404358208,NA,1,1,0.5,0.5,NA,NA,0.49477386474609375
China,BFGS,0.09145581602902564,0.9868309971742223,0.9806854625221927,564,TRUE,,1.242308638602452e-13,NA,0.014709513881345504,NA,0.2535517920771904,NA,-0.06328788918175682,NA,1.2208843528495248,NA,1,1,0.5,0.5,NA,NA,1.2331669330596924
China,BFGS,0.09145581602902564,0.9868309971742223,0.9806854625221927,25,TRUE,,1.242308638602452e-13,NA,0.014709513881345504,NA,0.2535517920771904,NA,-0.06328788918175682,NA,1.2208843528495248,NA,1,1,0.5,0.5,NA,NA,1.2331669330596924
China,PORT,0.055427703067393516,0.9920187954138496,0.9882942332736461,350,FALSE,false convergence (8),1.0090864563230869e-16,NA,0.018265010396144366,NA,0,NA,0.4590265775651589,NA,2.2976528738361854,NA,0,-1,1,NA,NA,NA,1.755810022354126
China,CG,1.0084427370771698,0.8547912442222005,0.7870271581925607,232,TRUE,,1.002704039879254e-13,NA,0.014999999999813158,NA,0.5,NA,0.5,NA,1,NA,1,-1,0.5,NA,NA,NA,0.5077991485595703
China,CG,1.0084427370771698,0.8547912442222005,0.7870271581925607,20,TRUE,,1.002704039879254e-13,NA,0.014999999999813158,NA,0.5,NA,0.5,NA,1,NA,1,-1,0.5,NA,NA,NA,0.5077991485595703
China,DE,0.19608229997037338,0.9717655095704751,0.9585894140366968,500,FALSE,,806959606.205951,NA,-0.010241408667291996,NA,1.0280036320940687e-6,NA,0.46406312732519056,NA,3.3076985914798924,NA,1,-1,0.5,NA,NA,NA,30.91999387741089
China,SANN,3.9344928403759067,0.4334603354638169,0.1690751586802648,1000,FALSE,,0.15006822437555184,NA,0.0012703542385493938,NA,0.7370269895034578,NA,0.5756572326218117,NA,1.0322688381045602,NA,1,0,0.5,1,NA,NA,1.6398289203643799
Eastern Africa,LM,0.001565587259570529,0.9915128995811003,0.9875522527189472,286,TRUE,Relative error in the sum of squares is at most `ftol'.,1.5495228012686165e-5,NA,0.005505909877360289,NA,0.21897549512401496,NA,0.9109786061512006,NA,1.4910671129893311,NA,-1,1,NA,0.5,NA,NA,2.3403549194335938
Eastern Africa,NM,0.019097810119451514,0.8964701384263298,0.8481562030252837,903,TRUE,,7.96624862071818e-4,NA,0.003546798634559058,NA,0.9143832360399662,NA,0.9392684268679474,NA,0.6180263247585771,NA,-1,0,NA,1,NA,NA,0.41114091873168945
Eastern Africa,Nelder-Mead,0.019097810119451514,0.8964701384263298,0.8481562030252837,903,TRUE,,7.96624862071818e-4,NA,0.003546798634559058,NA,0.9143832360399662,NA,0.9392684268679474,NA,0.6180263247585771,NA,-1,0,NA,1,NA,NA,0.35991597175598145
Eastern Africa,BFGS,0.006957207056693512,0.9622847499784655,0.9446842999684161,601,TRUE,,1.299152093000352e-13,NA,0.014755196828181672,NA,0.42610751198088287,NA,0.1309820344553969,NA,0.8993957151394226,NA,1,1,0.5,0.5,NA,NA,1.640287160873413
Eastern Africa,BFGS,0.006957207056693512,0.9622847499784655,0.9446842999684161,26,TRUE,,1.299152093000352e-13,NA,0.014755196828181672,NA,0.42610751198088287,NA,0.1309820344553969,NA,0.8993957151394226,NA,1,1,0.5,0.5,NA,NA,1.640287160873413
Eastern Africa,PORT,0.0015697313639995445,0.9914904342536518,0.9875193035720227,2280,TRUE,relative convergence (4),1.3591166609476096e-5,NA,0.005571406018549217,NA,0.22259982005877335,NA,0.9110956177121293,NA,1.479123184027247,NA,0,1,1,0.5,NA,NA,10.079416036605835
Eastern Africa,CG,0.023307259577516063,0.8736505734097628,0.8146875076676521,233,TRUE,,7.916481926816993e-14,NA,0.014999999999814991,NA,0.5,NA,0.5,NA,1,NA,1,1,0.5,0.5,NA,NA,0.615339994430542
Eastern Africa,CG,0.023307259577516063,0.8736505734097628,0.8146875076676521,21,TRUE,,7.916481926816993e-14,NA,0.014999999999814991,NA,0.5,NA,0.5,NA,1,NA,1,1,0.5,0.5,NA,NA,0.615339994430542
Eastern Africa,DE,0.01796363875323265,0.9026185189899071,0.8571738278518637,500,FALSE,,500681680.6132324,NA,-0.009960898444500006,NA,0.10243865915265009,NA,0.9999999995942809,NA,4.387899601181251,NA,-1,0,NA,1,NA,NA,38.379586935043335
Eastern Africa,SANN,1.2333454208245982,-5.686006400307838,-8.806142720451497,1000,FALSE,,0.3885755716664674,NA,5.749930656674433e-4,NA,1.6410131528008418,NA,0.08215220638123627,NA,-0.1233078145167732,NA,1,-1,0.5,NA,NA,NA,1.287492036819458
EU27,LM,0.004620651919567764,0.9985558195751113,0.9978818687101633,1024,FALSE,Number of iterations has reached `maxiter' == 1024.,9.231913237524421e-26,NA,0.028654717645133627,NA,1.1684576561355684,NA,0.8215090892987802,NA,0.27182551342865274,NA,1,-1,0.5,NA,NA,NA,10.750036001205444
EU27,NM,0.01371631078878201,0.9957129799241163,0.9937123705553706,255,TRUE,,0.014616722502272531,NA,0.00211020661017642,NA,0.6394146701506811,NA,0.504729031588349,NA,1.0069749392056158,NA,-1,1,NA,0.5,NA,NA,0.22806000709533691
EU27,Nelder-Mead,0.01371631078878201,0.9957129799241163,0.9937123705553706,255,TRUE,,0.014616722502272531,NA,0.00211020661017642,NA,0.6394146701506811,NA,0.504729031588349,NA,1.0069749392056158,NA,-1,1,NA,0.5,NA,NA,0.22712993621826172
EU27,BFGS,0.005784111342132864,0.9981921814235113,0.9973485327544832,835,TRUE,,5.870814725639134e-13,NA,0.013997230845476695,NA,0.4645050212482128,NA,0.5007788467590154,NA,0.9383589507900738,NA,-1,1,NA,0.5,NA,NA,1.3100528717041016
EU27,BFGS,0.005784111342132864,0.9981921814235113,0.9973485327544832,33,TRUE,,5.870814725639134e-13,NA,0.013997230845476695,NA,0.4645050212482128,NA,0.5007788467590154,NA,0.9383589507900738,NA,-1,1,NA,0.5,NA,NA,1.3100528717041016
EU27,PORT,0.005190598369030276,0.9983776833467448,0.9976206022418924,1435,FALSE,false convergence (8),9.25821097122323e-18,NA,0.019494696820861763,NA,0.507293017171219,NA,0.5341279477082121,NA,0.7564721432882766,NA,0,-1,1,NA,NA,NA,4.8209099769592285
EU27,CG,0.025903538596610837,0.9919038733001833,0.9881256808402687,177,TRUE,,7.829120987084399e-14,NA,0.014999999999813796,NA,0.5,NA,0.5,NA,1,NA,-1,0,NA,1,NA,NA,0.7380039691925049
EU27,CG,0.025903538596610837,0.9919038733001833,0.9881256808402687,13,TRUE,,7.829120987084399e-14,NA,0.014999999999813796,NA,0.5,NA,0.5,NA,1,NA,-1,0,NA,1,NA,NA,0.7380039691925049
EU27,DE,0.008407814444921294,0.9973721454788603,0.9961458133689951,500,FALSE,,2538912034.948475,NA,-0.010775769632453115,NA,0.13451576774127472,NA,0.805509527603763,NA,1.8926628077784744,NA,-1,1,NA,0.5,NA,NA,36.52720618247986
EU27,SANN,5.462386933522723,-0.7072639142441361,-1.503987074224733,1000,FALSE,,0.3885755716664674,NA,5.749930656674433e-4,NA,1.6410131528008418,NA,0.08215220638123627,NA,-0.1233078145167732,NA,1,-1,0.5,NA,NA,NA,1.5618650913238525
India,LM,0.007972494631268836,0.9979777779338154,0.9970340743029292,912,TRUE,Relative error in the sum of squares is at most `ftol'.,2.655099763963078e-19,NA,0.021248637586390142,NA,0.22869571759635124,NA,0.6839540238919433,NA,1.2317190973312677,NA,0,-1,1,NA,NA,NA,9.042047023773193
India,NM,0.028115238804401144,0.9928685738986509,0.9895405750513546,287,TRUE,,0.014068001987701063,NA,0.0021155178185945614,NA,0.6154656785805572,NA,0.4947278015812374,NA,1.2141430801222062,NA,0,-1,1,NA,NA,NA,0.33986783027648926
India,Nelder-Mead,0.028115238804401144,0.9928685738986509,0.9895405750513546,287,TRUE,,0.014068001987701063,NA,0.0021155178185945614,NA,0.6154656785805572,NA,0.4947278015812374,NA,1.2141430801222062,NA,0,-1,1,NA,NA,NA,0.35718321800231934
India,BFGS,0.011504100516399307,0.9970819866313083,0.9957202470592522,643,TRUE,,6.811468909125626e-14,NA,0.015062088258641412,NA,0.3641375407320647,NA,0.6887360372944276,NA,1.1871047732786841,NA,0,0,1,1,NA,NA,1.250403881072998
India,BFGS,0.011504100516399307,0.9970819866313083,0.9957202470592522,27,TRUE,,6.811468909125626e-14,NA,0.015062088258641412,NA,0.3641375407320647,NA,0.6887360372944276,NA,1.1871047732786841,NA,0,0,1,1,NA,NA,1.250403881072998
India,PORT,0.00805317013769161,0.9979573146037246,0.997004061418796,163,FALSE,false convergence (8),4.247870322997499e-14,NA,0.015289377414012819,NA,0.40693115287752873,NA,0.6903271688674919,NA,1.1994295269727617,NA,-1,-1,NA,NA,NA,NA,3.5032050609588623
India,CG,0.016296977758008407,0.995866274038605,0.9939372019232873,272,TRUE,,7.722885586427896e-14,NA,0.014999999999812557,NA,0.5,NA,0.5,NA,1,NA,0,-1,1,NA,NA,NA,0.5911519527435303
India,CG,0.016296977758008407,0.995866274038605,0.9939372019232873,23,TRUE,,7.722885586427896e-14,NA,0.014999999999812557,NA,0.5,NA,0.5,NA,1,NA,0,-1,1,NA,NA,NA,0.5911519527435303
India,DE,0.012041800193815051,0.9969455991888646,0.995520212143668,500,FALSE,,3397552555.730083,NA,-0.010927306948931743,NA,0.3056165354277615,NA,0.7761164966995586,NA,2.1786703430538377,NA,-1,-1,NA,NA,NA,NA,28.8019278049469
India,SANN,6.789937274081951,-0.7222665700899533,-1.5259909694652647,1000,FALSE,,0.3885755716664674,NA,5.749930656674433e-4,NA,1.6410131528008418,NA,0.08215220638123627,NA,-0.1233078145167732,NA,1,-1,0.5,NA,NA,NA,0.8114011287689209
Japan,LM,0.0010606244147690462,0.9759783259776115,0.9647682114338302,15,TRUE,Relative error in the sum of squares is at most `ftol'.,1.2685031229555283e-12,NA,0.013622711659842433,NA,-3.212998223284552,NA,-0.17536897023983516,NA,0.488944169554904,NA,-1,-1,NA,NA,NA,NA,2.3364720344543457
Japan,NM,0.016078361930755434,0.635847370910577,0.4659094773355129,319,TRUE,,0.03441117005079095,NA,0.001675268286565572,NA,0.1553206878789274,NA,1.6972190579434874,NA,0.29401337168677716,NA,-1,-1,NA,NA,NA,NA,0.33257389068603516
Japan,Nelder-Mead,0.016078361930755434,0.635847370910577,0.4659094773355129,319,TRUE,,0.03441117005079095,NA,0.001675268286565572,NA,0.1553206878789274,NA,1.6972190579434874,NA,0.29401337168677716,NA,-1,-1,NA,NA,NA,NA,0.28813600540161133
Japan,BFGS,0.001389055142962429,0.9685398248628551,0.9538584097988541,710,TRUE,,6.662000389671588e-14,NA,0.015088236358001115,NA,0.5537019609927812,NA,0.3205787207062094,NA,1.0781547859649396,NA,-1,1,NA,0.5,NA,NA,1.689655065536499
Japan,BFGS,0.001389055142962429,0.9685398248628551,0.9538584097988541,29,TRUE,,6.662000389671588e-14,NA,0.015088236358001115,NA,0.5537019609927812,NA,0.3205787207062094,NA,1.0781547859649396,NA,-1,1,NA,0.5,NA,NA,1.689655065536499
Japan,PORT,0.001271201205113074,0.9712090533266262,0.9577732782123851,289,TRUE,relative convergence (4),1.876859303420936e-13,NA,0.014573091414722832,NA,1,NA,0.2280982943711835,NA,0.8819669699855847,NA,1,1,0.5,0.5,NA,NA,2.441493034362793
Japan,CG,0.010545175557294596,0.7611663787681504,0.649710688859954,186,TRUE,,7.93963135821484e-14,NA,0.014999999999815295,NA,0.5,NA,0.5,NA,1,NA,-1,1,NA,0.5,NA,NA,0.6827490329742432
Japan,CG,0.010545175557294596,0.7611663787681504,0.649710688859954,16,TRUE,,7.93963135821484e-14,NA,0.014999999999815295,NA,0.5,NA,0.5,NA,1,NA,-1,1,NA,0.5,NA,NA,0.6827490329742432
Japan,DE,0.2111802061808191,-3.7829391839534416,-6.014977469798381,500,FALSE,,104659919.57328825,NA,-0.00918299675119544,NA,5.73085025658754e-8,NA,0.9999999462067833,NA,2.260385631968246,NA,0,1,1,0.5,NA,NA,36.80146098136902
Japan,SANN,1.0640491086633266,-23.09923859587389,-34.34554994061504,1000,FALSE,,0.3885755716664674,NA,5.749930656674433e-4,NA,1.6410131528008418,NA,0.08215220638123627,NA,-0.1233078145167732,NA,1,-1,0.5,NA,NA,NA,1.9322898387908936
Levant,LM,0.003075383940064968,0.9983745162219723,0.9976159571255593,1024,FALSE,Number of iterations has reached `maxiter' == 1024.,1.6337485759727196e-19,NA,0.021503044009438973,NA,0.5713107997643374,NA,0.6235175195899203,NA,0.5790976756705241,NA,1,1,0.5,0.5,NA,NA,9.901396989822388
Levant,NM,0.015302242705813688,0.9919120513826937,0.988137675361284,265,TRUE,,0.018538190057816536,NA,0.0019827896526397417,NA,0.5627847453790561,NA,0.4411070012595082,NA,1.1924904892404464,NA,1,0,0.5,1,NA,NA,0.18829798698425293
Levant,Nelder-Mead,0.015302242705813688,0.9919120513826937,0.988137675361284,265,TRUE,,0.018538190057816536,NA,0.0019827896526397417,NA,0.5627847453790561,NA,0.4411070012595082,NA,1.1924904892404464,NA,1,0,0.5,1,NA,NA,0.2545318603515625
Levant,BFGS,0.004334167002315166,0.9977091906926662,0.9966401463492437,728,TRUE,,8.222992038529978e-14,NA,0.014973487646590691,NA,0.49514515454114866,NA,0.5545787197722921,NA,0.8310307843092992,NA,0,1,1,0.5,NA,NA,1.2292170524597168
Levant,BFGS,0.004334167002315166,0.9977091906926662,0.9966401463492437,29,TRUE,,8.222992038529978e-14,NA,0.014973487646590691,NA,0.49514515454114866,NA,0.5545787197722921,NA,0.8310307843092992,NA,0,1,1,0.5,NA,NA,1.2292170524597168
Levant,PORT,0.0033711677551435423,0.9982181806870982,0.9973866650077441,662,FALSE,false convergence (8),9.271509760249061e-16,NA,0.017205962116235117,NA,0.40883190651395374,NA,0.652917180816154,NA,0.7707964441421737,NA,1,0,0.5,1,NA,NA,3.305478096008301
Levant,CG,0.024451382869365705,0.9870763042992167,0.9810452463055178,228,TRUE,,7.771513971769647e-14,NA,0.014999999999813652,NA,0.5,NA,0.5,NA,1,NA,-1,-1,NA,NA,NA,NA,0.5229291915893555
Levant,CG,0.024451382869365705,0.9870763042992167,0.9810452463055178,19,TRUE,,7.771513971769647e-14,NA,0.014999999999813652,NA,0.5,NA,0.5,NA,1,NA,-1,-1,NA,NA,NA,NA,0.5229291915893555
Levant,DE,0.015745183840371133,0.9916779363444163,0.9877943066384772,500,FALSE,,2121909374.452731,NA,-0.01067729632527297,NA,0.14902626428488225,NA,0.6799865271679336,NA,1.9981509851388028,NA,1,1,0.5,0.5,NA,NA,31.04912519454956
Levant,SANN,3.661225918983728,-0.9351285741818793,-1.8381885754667566,1000,FALSE,,0.3885755716664674,NA,5.749930656674433e-4,NA,1.6410131528008418,NA,0.08215220638123627,NA,-0.1233078145167732,NA,1,-1,0.5,NA,NA,NA,1.2961540222167969
Mexico,LM,0.005762696604058145,0.9781143466815739,0.9679010417996418,784,TRUE,Relative error in the sum of squares is at most `ftol'.,1.151235761704643e-14,NA,0.015960447107419867,NA,5.707666406020898,NA,37989.70126548365,NA,1.4093356102297803e-6,NA,-1,0,NA,1,NA,NA,4.040304899215698
Mexico,NM,0.01960196964848255,0.9255553534116397,0.8908145183370716,251,TRUE,,0.017787229966892915,NA,0.002003430421845235,NA,0.5016408366033017,NA,0.8986502236397381,NA,0.6437711971797966,NA,0,1,1,0.5,NA,NA,0.2735249996185303
Mexico,Nelder-Mead,0.01960196964848255,0.9255553534116397,0.8908145183370716,251,TRUE,,0.017787229966892915,NA,0.002003430421845235,NA,0.5016408366033017,NA,0.8986502236397381,NA,0.6437711971797966,NA,0,1,1,0.5,NA,NA,0.28422999382019043
Mexico,BFGS,0.013998672453122741,0.9468356373279291,0.922025601414296,707,TRUE,,1.2728767353669743e-13,NA,0.014762012753331938,NA,0.5267756959806944,NA,-0.0031327079749434578,NA,0.17901380987034418,NA,1,0,0.5,1,NA,NA,1.9157748222351074
Mexico,BFGS,0.013998672453122741,0.9468356373279291,0.922025601414296,29,TRUE,,1.2728767353669743e-13,NA,0.014762012753331938,NA,0.5267756959806944,NA,-0.0031327079749434578,NA,0.17901380987034418,NA,1,0,0.5,1,NA,NA,1.9157748222351074
Mexico,PORT,0.008097168016948665,0.9692484570582461,0.954897737018761,640,TRUE,relative convergence (4),4.121719991201326e-10,NA,0.010744278017248655,NA,1,NA,1,NA,0.2691345289435383,NA,0,0,1,1,NA,NA,4.356188058853149
Mexico,CG,0.22124628638832014,0.15974762258473274,-0.23237015354239188,220,TRUE,,7.940351837340932e-14,NA,0.014999999999815194,NA,0.5,NA,0.5,NA,1,NA,1,-1,0.5,NA,NA,NA,0.6659867763519287
Mexico,CG,0.22124628638832014,0.15974762258473274,-0.23237015354239188,17,TRUE,,7.940351837340932e-14,NA,0.014999999999815194,NA,0.5,NA,0.5,NA,1,NA,1,-1,0.5,NA,NA,NA,0.6659867763519287
Mexico,DE,0.016624316874998754,0.9368639265989335,0.9074004256784358,500,FALSE,,1100262814.4128542,NA,-0.010350084163786542,NA,2.4800084987692692e-8,NA,0.9999999952696429,NA,1.3545228355821157,NA,0,0,1,1,NA,NA,37.56450319290161
Mexico,SANN,1.3792659250444586,-4.238196272243233,-6.6826878659567415,1000,FALSE,,0.3885755716664674,NA,5.749930656674433e-4,NA,1.6410131528008418,NA,0.08215220638123627,NA,-0.1233078145167732,NA,1,-1,0.5,NA,NA,NA,1.4977707862854004
Middle Africa,LM,0.04240638198482277,0.9795252054093324,0.9699703012670209,1010,TRUE,Relative error in the sum of squares is at most `ftol'.,1.6858322599794557e-7,NA,0.0077525305929667075,NA,5430.167823806675,NA,6.954020296312795e-5,NA,0.7800282381631928,NA,-1,-1,NA,NA,NA,NA,9.939418077468872
Middle Africa,NM,0.04676382572482499,0.9774213294986523,0.9668846165980235,139,TRUE,,0.017648637614784454,NA,0.002006283582408716,NA,0.5379976411497178,NA,0.5304995031138391,NA,1.0149334536782968,NA,-1,0,NA,1,NA,NA,0.29375195503234863
Middle Africa,Nelder-Mead,0.04676382572482499,0.9774213294986523,0.9668846165980235,139,TRUE,,0.017648637614784454,NA,0.002006283582408716,NA,0.5379976411497178,NA,0.5304995031138391,NA,1.0149334536782968,NA,-1,0,NA,1,NA,NA,0.2977302074432373
Middle Africa,BFGS,0.049874597009064846,0.9759193762528887,0.9646817518375701,490,TRUE,,6.302420839430262e-14,NA,0.01511313583517125,NA,0.9579887188275871,NA,0.6694650901307636,NA,0.4785521290841926,NA,0,-1,1,NA,NA,NA,1.0770199298858643
Middle Africa,BFGS,0.049874597009064846,0.9759193762528887,0.9646817518375701,23,TRUE,,6.302420839430262e-14,NA,0.01511313583517125,NA,0.9579887188275871,NA,0.6694650901307636,NA,0.4785521290841926,NA,0,-1,1,NA,NA,NA,1.0770199298858643
Middle Africa,PORT,0.046778724426276064,0.9774141360565904,0.9668740662163327,286,FALSE,false convergence (8),1.8256963202602475e-12,NA,0.013437260328136937,NA,1,NA,0.5352992189745631,NA,0.5730874777358576,NA,0,-1,1,NA,NA,NA,2.6148579120635986
Middle Africa,CG,0.15608882620069228,0.9246366583335972,0.8894670988892759,181,TRUE,,7.858471665823761e-14,NA,0.014999999999814325,NA,0.5,NA,0.5,NA,1,NA,-1,-1,NA,NA,NA,NA,0.5555059909820557
Middle Africa,CG,0.15608882620069228,0.9246366583335972,0.8894670988892759,16,TRUE,,7.858471665823761e-14,NA,0.014999999999814325,NA,0.5,NA,0.5,NA,1,NA,-1,-1,NA,NA,NA,NA,0.5555059909820557
Middle Africa,DE,0.04565781478957505,0.9779553374864675,0.9676678283134856,500,FALSE,,4664022752.066871,NA,-0.011069795407909911,NA,0.5487955838186196,NA,0.39126843341861633,NA,1.4721893553939418,NA,-1,-1,NA,NA,NA,NA,30.540704011917114
Middle Africa,SANN,0.9859580003126194,0.5239563814090247,0.30180269273323623,1000,FALSE,,0.025024273662922758,NA,0.001750076159840027,NA,0.8565871573912843,NA,0.6003954876364916,NA,0.8608935489646892,NA,-1,0,NA,1,NA,NA,1.089271068572998
Non-EU Europe,LM,0.004121590313683025,0.990022787971828,0.9853667556920144,272,TRUE,Relative error in the sum of squares is at most `ftol'.,2.773198590656367e-14,NA,0.015531697632809132,NA,2.5213686108683038,NA,0.06083166310498061,NA,0.7746896563942919,NA,-1,0,NA,1,NA,NA,4.402775049209595
Non-EU Europe,NM,0.018099653172312175,0.9561858254720237,0.9357392106923014,391,TRUE,,0.004180732128326106,NA,0.0027346894485030856,NA,1.292669538232816,NA,0.4795289081297035,NA,0.8081632944929162,NA,-1,1,NA,0.5,NA,NA,0.5364279747009277
Non-EU Europe,Nelder-Mead,0.018099653172312175,0.9561858254720237,0.9357392106923014,391,TRUE,,0.004180732128326106,NA,0.0027346894485030856,NA,1.292669538232816,NA,0.4795289081297035,NA,0.8081632944929162,NA,-1,1,NA,0.5,NA,NA,0.5490679740905762
Non-EU Europe,BFGS,0.02359963138608702,0.9428719236494859,0.9162121546859127,763,TRUE,,1.321024723575044e-13,NA,0.014746024953139803,NA,0.8549566984464926,NA,0.36646334932054464,NA,1.1109297824965931,NA,-1,-1,NA,NA,NA,NA,1.7066190242767334
Non-EU Europe,BFGS,0.02359963138608702,0.9428719236494859,0.9162121546859127,31,TRUE,,1.321024723575044e-13,NA,0.014746024953139803,NA,0.8549566984464926,NA,0.36646334932054464,NA,1.1109297824965931,NA,-1,-1,NA,NA,NA,NA,1.7066190242767334
Non-EU Europe,PORT,0.011761006857918968,0.9715299071097283,0.9582438637609348,493,FALSE,false convergence (8),1.0089706360107237e-11,NA,0.01259482553634392,NA,1,NA,0.357190407279946,NA,0.943126017133446,NA,-1,1,NA,0.5,NA,NA,4.0180580615997314
Non-EU Europe,CG,0.03482675945095561,0.9156942013031555,0.8763514952446281,269,TRUE,,7.927763873316194e-14,NA,0.014999999999814996,NA,0.5,NA,0.5,NA,1,NA,-1,1,NA,0.5,NA,NA,0.7012310028076172
Non-EU Europe,CG,0.03482675945095561,0.9156942013031555,0.8763514952446281,18,TRUE,,7.927763873316194e-14,NA,0.014999999999814996,NA,0.5,NA,0.5,NA,1,NA,-1,1,NA,0.5,NA,NA,0.7012310028076172
Non-EU Europe,DE,0.040800888068293885,0.9012325145845596,0.8551410213906874,500,FALSE,,91348240.71646643,NA,-0.009112353873351013,NA,0.9759039582475554,NA,0.9999887440901594,NA,0.8650871579837499,NA,0,0,1,1,NA,NA,37.82248902320862
Non-EU Europe,SANN,1.507866377684129,-2.650120806612611,-4.353510516365163,1000,FALSE,,0.3885755716664674,NA,5.749930656674433e-4,NA,1.6410131528008418,NA,0.08215220638123627,NA,-0.1233078145167732,NA,0,-1,1,NA,NA,NA,1.5267250537872314
Northern Africa,LM,0.0052048026658650616,0.9953523042929435,0.9931833796296505,858,TRUE,Relative error in the sum of squares is at most `ftol'.,1.2840427933033507e-20,NA,0.022776623059181555,NA,17.72296023832564,NA,0.11021100025769748,NA,0.07402169945812986,NA,-1,-1,NA,NA,NA,NA,6.463726997375488
Northern Africa,NM,0.027775186994347535,0.9751977883421018,0.9636234229017493,265,TRUE,,0.02467733073687682,NA,0.0018398730787284221,NA,0.4043776652969764,NA,0.5672365494445915,NA,0.9696112476843679,NA,-1,1,NA,0.5,NA,NA,0.2869870662689209
Northern Africa,Nelder-Mead,0.027775186994347535,0.9751977883421018,0.9636234229017493,265,TRUE,,0.02467733073687682,NA,0.0018398730787284221,NA,0.4043776652969764,NA,0.5672365494445915,NA,0.9696112476843679,NA,-1,1,NA,0.5,NA,NA,0.26454997062683105
Northern Africa,BFGS,0.008203953658022895,0.992674173711261,0.9892554547765161,530,TRUE,,8.473171922215247e-14,NA,0.014963962163554471,NA,0.26619709686338,NA,0.7113811329306512,NA,0.6281395294689667,NA,1,1,0.5,0.5,NA,NA,1.4989449977874756
Northern Africa,BFGS,0.008203953658022895,0.992674173711261,0.9892554547765161,24,TRUE,,8.473171922215247e-14,NA,0.014963962163554471,NA,0.26619709686338,NA,0.7113811329306512,NA,0.6281395294689667,NA,1,1,0.5,0.5,NA,NA,1.4989449977874756
Northern Africa,PORT,0.0074502315650026634,0.9933472195808037,0.9902425887185121,282,FALSE,false convergence (8),7.810850536459567e-15,NA,0.016148250315859758,NA,0.1911343447486068,NA,0.8728995935561119,NA,0.6670384920797863,NA,1,0,0.5,1,NA,NA,2.0281670093536377
Northern Africa,CG,0.25181056281349573,0.775142508388442,0.6702090123030482,280,TRUE,,7.953812397335414e-14,NA,0.014999999999815182,NA,0.5,NA,0.5,NA,1,NA,-1,1,NA,0.5,NA,NA,0.77391815185546875
Northern Africa,CG,0.25181056281349573,0.775142508388442,0.6702090123030482,24,TRUE,,7.953812397335414e-14,NA,0.014999999999815182,NA,0.5,NA,0.5,NA,1,NA,-1,1,NA,0.5,NA,NA,0.77391815185546875
Northern Africa,DE,0.06297633683653896,0.9437644673291754,0.9175212187494572,500,FALSE,,290774076.8233799,NA,-0.009693855011799386,NA,0.07830240715548797,NA,0.6864663157368933,NA,1.7720781034914381,NA,-1,-1,NA,NA,NA,NA,37.412917137145996
Northern Africa,SANN,2.694328876356983,-1.4059357397295456,-2.5287057516033333,1000,FALSE,,0.3885755716664674,NA,5.749930656674433e-4,NA,1.6410131528008418,NA,0.08215220638123627,NA,-0.1233078145167732,NA,1,-1,0.5,NA,NA,NA,1.5315780639648438
Peninsular West Asia,LM,0.00844928207566341,0.9939543767380071,0.9911330858824104,423,TRUE,Relative error in the sum of squares is at most `ftol'.,1.7254968926674332e-10,NA,0.011173053280556285,NA,0.17211953230154592,NA,1.0424673411846122,NA,0.7953657539492154,NA,-1,1,NA,0.5,NA,NA,4.404504060745239
Peninsular West Asia,NM,0.0357643912367807,0.9744098926185735,0.962467842507241,243,TRUE,,0.023223292732933193,NA,0.0018714903835793124,NA,0.3156355831166135,NA,0.6112275395596904,NA,0.891341522611268,NA,1,0,0.5,1,NA,NA,0.5656731128692627
Peninsular West Asia,Nelder-Mead,0.0357643912367807,0.9744098926185735,0.962467842507241,243,TRUE,,0.023223292732933193,NA,0.0018714903835793124,NA,0.3156355831166135,NA,0.6112275395596904,NA,0.891341522611268,NA,1,0,0.5,1,NA,NA,0.30513691902160645
Peninsular West Asia,BFGS,0.011572347126529351,0.9917197638382161,0.9878556536293837,490,TRUE,,7.912395332235595e-14,NA,0.014995698231570624,NA,0.21222901597937766,NA,0.604470483481068,NA,0.6144112336744258,NA,1,0,0.5,1,NA,NA,1.2755489349365234
Peninsular West Asia,BFGS,0.011572347126529351,0.9917197638382161,0.9878556536293837,23,TRUE,,7.912395332235595e-14,NA,0.014995698231570624,NA,0.21222901597937766,NA,0.604470483481068,NA,0.6144112336744258,NA,1,0,0.5,1,NA,NA,1.2755489349365234
Peninsular West Asia,PORT,0.008673231312641059,0.9937941367667934,0.9908980672579637,256,FALSE,false convergence (8),5.750625345470789e-13,NA,0.014008634366821185,NA,0.20664865275447777,NA,1,NA,0.6966782159366522,NA,-1,0,NA,1,NA,NA,2.792482852935791
Peninsular West Asia,CG,0.29910324256197784,0.7859858974080405,0.6861126495317926,277,TRUE,,7.925049679415987e-14,NA,0.014999999999815331,NA,0.5,NA,0.5,NA,1,NA,-1,1,NA,0.5,NA,NA,0.6513550281524658
Peninsular West Asia,CG,0.29910324256197784,0.7859858974080405,0.6861126495317926,23,TRUE,,7.925049679415987e-14,NA,0.014999999999815331,NA,0.5,NA,0.5,NA,1,NA,-1,1,NA,0.5,NA,NA,0.6513550281524658
Peninsular West Asia,DE,0.013715336389561067,0.9901864139485139,0.9856067404578204,500,FALSE,,1000640067.5620649,NA,-0.010303146470523005,NA,3.8936140099009055e-7,NA,0.8449032529646605,NA,1.4472414668493159,NA,1,-1,0.5,NA,NA,NA,30.766334056854248
Peninsular West Asia,SANN,3.125152590563251,-1.2361065744522701,-2.279622975863329,1000,FALSE,,0.3885755716664674,NA,5.749930656674433e-4,NA,1.6410131528008418,NA,0.08215220638123627,NA,-0.1233078145167732,NA,1,-1,0.5,NA,NA,NA,1.46409010887146
Republic of Korea,LM,0.005101838210025498,0.995897026599421,0.9939823056791508,744,TRUE,Relative error in the sum of squares is at most `ftol'.,2.6403096020019433e-21,NA,0.023557821108196316,NA,9.747146818406113,NA,0.028054424479324803,NA,0.5477894232501208,NA,0,1,1,0.5,NA,NA,10.09500002861023
Republic of Korea,NM,0.24794231349189208,0.8006011411463156,0.7075483403479297,145,TRUE,,0.01753621313209406,NA,0.002002861374418644,NA,0.5361913206227242,NA,0.5160749479132974,NA,1.033628742739242,NA,1,1,0.5,0.5,NA,NA,0.2166287899017334
Republic of Korea,Nelder-Mead,0.24794231349189208,0.8006011411463156,0.7075483403479297,145,TRUE,,0.01753621313209406,NA,0.002002861374418644,NA,0.5361913206227242,NA,0.5160749479132974,NA,1.033628742739242,NA,1,1,0.5,0.5,NA,NA,0.22312307357788086
Republic of Korea,BFGS,0.012381809804884927,0.9900423662630767,0.9853954705191792,533,TRUE,,6.483431194922793e-14,NA,0.015092094252941536,NA,0.5396534401200661,NA,0.26919870413279806,NA,1.3111514163158033,NA,1,0,0.5,1,NA,NA,1.4458119869232178
Republic of Korea,BFGS,0.012381809804884927,0.9900423662630767,0.9853954705191792,24,TRUE,,6.483431194922793e-14,NA,0.015092094252941536,NA,0.5396534401200661,NA,0.26919870413279806,NA,1.3111514163158033,NA,1,0,0.5,1,NA,NA,1.4458119869232178
Republic of Korea,PORT,0.011647790614745489,0.9906326753024227,0.98626125711022,983,FALSE,false convergence (8),1.733991915366802e-17,NA,0.019180924460755554,NA,0.9890095721892755,NA,0.0923540317378928,NA,1.100822220089498,NA,0,0,1,1,NA,NA,3.536792039871216
Republic of Korea,CG,0.024459060784488618,0.980329663217335,0.9711501727187579,183,TRUE,,7.794457281766597e-14,NA,0.014999999999813626,NA,0.5,NA,0.5,NA,1,NA,1,1,0.5,0.5,NA,NA,0.6059811115264893
Republic of Korea,CG,0.024459060784488618,0.980329663217335,0.9711501727187579,16,TRUE,,7.794457281766597e-14,NA,0.014999999999813626,NA,0.5,NA,0.5,NA,1,NA,1,1,0.5,0.5,NA,NA,0.6059811115264893
Republic of Korea,DE,0.028066850633215,0.9774282255051051,0.9668947307408208,500,FALSE,,2747194010.555077,NA,-0.010810347617216984,NA,0.2654400543400636,NA,0.697548764881131,NA,2.9415241223817596,NA,1,-1,0.5,NA,NA,NA,37.94826817512512
Republic of Korea,SANN,2.6347504748815633,-1.1189051221499775,-2.1077275124866337,1000,FALSE,,0.3885755716664674,NA,5.749930656674433e-4,NA,1.6410131528008418,NA,0.08215220638123627,NA,-0.1233078145167732,NA,1,-1,0.5,NA,NA,NA,1.3593101501464844
Russia,LM,0.0027299676468040338,0.9969332553445864,0.9955021078387267,9,TRUE,Relative error in the sum of squares is at most `ftol'.,2.5158822985232917e-8,NA,0.008708729342129412,NA,3.704879024360163,NA,0.715837217208433,NA,0.1519908029537342,NA,0,1,1,0.5,NA,NA,3.573138952255249
Russia,NM,0.008236611533556891,0.9907472953282712,0.9864293664814644,615,TRUE,,0.0016879093592356408,NA,0.0031798862977181356,NA,0.8668711955753565,NA,0.586000619815927,NA,0.914596202756047,NA,0,1,1,0.5,NA,NA,0.5066070556640625
Russia,Nelder-Mead,0.008236611533556891,0.9907472953282712,0.9864293664814644,615,TRUE,,0.0016879093592356408,NA,0.0031798862977181356,NA,0.8668711955753565,NA,0.586000619815927,NA,0.914596202756047,NA,0,1,1,0.5,NA,NA,0.5247089862823486
Russia,BFGS,0.006497573564756236,0.9927008662442576,0.9892946038249111,521,TRUE,,6.488749932991522e-14,NA,0.015101061810826485,NA,0.3402134495313461,NA,1.1401846202017818,NA,0.7507276158062319,NA,1,1,0.5,0.5,NA,NA,1.384963035583496
Russia,BFGS,0.006497573564756236,0.9927008662442576,0.9892946038249111,24,TRUE,,6.488749932991522e-14,NA,0.015101061810826485,NA,0.3402134495313461,NA,1.1401846202017818,NA,0.7507276158062319,NA,1,1,0.5,0.5,NA,NA,1.384963035583496
Russia,PORT,0.003062868203890732,0.9965592871748814,0.9949536211898261,1168,TRUE,relative convergence (4),2.161281637519038e-9,NA,0.009926168711959874,NA,0.4155174671788381,NA,0.8928228011655642,NA,0.9729445036311303,NA,1,0,0.5,1,NA,NA,6.728816032409668
Russia,CG,0.04217793153133489,0.952618872149797,0.9305076791530356,232,TRUE,,7.950938179310665e-14,NA,0.014999999999815432,NA,0.5,NA,0.5,NA,1,NA,1,1,0.5,0.5,NA,NA,0.5850718021392822
Russia,CG,0.04217793153133489,0.952618872149797,0.9305076791530356,20,TRUE,,7.950938179310665e-14,NA,0.014999999999815432,NA,0.5,NA,0.5,NA,1,NA,1,1,0.5,0.5,NA,NA,0.5850718021392822
Russia,DE,0.047029334288915633,0.9471689857764255,0.9225145124720907,500,FALSE,,1026867759.6554509,NA,-0.01030506514385289,NA,0.9367047591567182,NA,0.40006846304505955,NA,1.7061463444512195,NA,-1,1,NA,0.5,NA,NA,29.499320030212402
Russia,SANN,2.1342469195311375,-1.397534029923992,-2.5163832438885216,1000,FALSE,,0.3885755716664674,NA,5.749930656674433e-4,NA,1.6410131528008418,NA,0.08215220638123627,NA,-0.1233078145167732,NA,1,-1,0.5,NA,NA,NA,1.0348739624023438
South Africa,LM,0.0016521559438288451,0.9970687623708488,0.995700851477245,447,TRUE,Relative error in the sum of squares is at most `ftol'.,2.4899047279460376e-10,NA,0.010996468271623962,NA,0.7105127807389499,NA,1.310998955543456,NA,0.37080578456185526,NA,0,-1,1,NA,NA,NA,3.1436829566955566
South Africa,NM,0.005180937294186036,0.990808035762171,0.9865184524511842,291,TRUE,,0.009300246478282759,NA,0.0023247103926669135,NA,0.3910060103375751,NA,1.2141437275308071,NA,0.9184052931833111,NA,-1,0,NA,1,NA,NA,0.49407505989074707
South Africa,Nelder-Mead,0.005180937294186036,0.990808035762171,0.9865184524511842,291,TRUE,,0.009300246478282759,NA,0.0023247103926669135,NA,0.3910060103375751,NA,1.2141437275308071,NA,0.9184052931833111,NA,-1,0,NA,1,NA,NA,0.3565351963043213
South Africa,BFGS,0.0032340156328697065,0.9942622436146298,0.9915846239681236,628,TRUE,,1.0823348355430352e-13,NA,0.014843435304290695,NA,0.8626104340971706,NA,1.0007326299210306,NA,0.3101823850669865,NA,1,0,0.5,1,NA,NA,1.5128979682922363
South Africa,BFGS,0.0032340156328697065,0.9942622436146298,0.9915846239681236,27,TRUE,,1.0823348355430352e-13,NA,0.014843435304290695,NA,0.8626104340971706,NA,1.0007326299210306,NA,0.3101823850669865,NA,1,0,0.5,1,NA,NA,1.5128979682922363
South Africa,PORT,0.0020063070441503576,0.9964404312284133,0.9947792991350062,339,FALSE,false convergence (8),9.700580832163278e-13,NA,0.013753387887240686,NA,0.9427485926983283,NA,1,NA,0.3189110895474406,NA,-1,0,NA,1,NA,NA,2.827366828918457
South Africa,CG,0.05478860674320869,0.9027946324714325,0.8574321276247677,224,TRUE,,7.87998316796148e-14,NA,0.014999999999814658,NA,0.5,NA,0.5,NA,1,NA,-1,-1,NA,NA,NA,NA,0.6087779998779297
South Africa,CG,0.05478860674320869,0.9027946324714325,0.8574321276247677,16,TRUE,,7.87998316796148e-14,NA,0.014999999999814658,NA,0.5,NA,0.5,NA,1,NA,-1,-1,NA,NA,NA,NA,0.6087779998779297
South Africa,DE,0.0328177587825868,0.9417750789159837,0.914603449076776,500,FALSE,,399987747.2402182,NA,-0.009850959076275085,NA,0.22799791272571324,NA,0.9999999982626561,NA,1.8760258331415105,NA,-1,1,NA,0.5,NA,NA,37.25078511238098
South Africa,SANN,1.7437844598578913,-2.093803974713535,-3.537579162913185,1000,FALSE,,0.3885755716664674,NA,5.749930656674433e-4,NA,1.6410131528008418,NA,0.08215220638123627,NA,-0.1233078145167732,NA,1,-1,0.5,NA,NA,NA,1.7440099716186523
South America Cluster,LM,0.002675035262027631,0.9983557453872413,0.9975884265679539,700,TRUE,Relative error in the sum of squares is at most `ftol'.,6.348574372294785e-22,NA,0.024260341545398127,NA,1.2211261750781939,NA,0.6156972701531789,NA,0.34501622201396337,NA,1,-1,0.5,NA,NA,NA,10.584532976150513
South America Cluster,NM,0.07492042554766463,0.9539489228253188,0.932458420143801,311,TRUE,,0.01017163204697629,NA,0.002282437782283153,NA,0.6082850657606618,NA,0.7130834655075157,NA,1.042413778648985,NA,0,-1,1,NA,NA,NA,0.28311800956726074
South America Cluster,Nelder-Mead,0.07492042554766463,0.9539489228253188,0.932458420143801,311,TRUE,,0.01017163204697629,NA,0.002282437782283153,NA,0.6082850657606618,NA,0.7130834655075157,NA,1.042413778648985,NA,0,-1,1,NA,NA,NA,0.27922892570495605
South America Cluster,BFGS,0.004631435217711543,0.9971532118366763,0.9958247106937919,596,TRUE,,3.410838396747183e-13,NA,0.014265496090738522,NA,0.31437130390035334,NA,1.1100555919184387,NA,0.8427549020068409,NA,-1,1,NA,0.5,NA,NA,1.4116120338439941
South America Cluster,BFGS,0.004631435217711543,0.9971532118366763,0.9958247106937919,26,TRUE,,3.410838396747183e-13,NA,0.014265496090738522,NA,0.31437130390035334,NA,1.1100555919184387,NA,0.8427549020068409,NA,-1,1,NA,0.5,NA,NA,1.4116120338439941
South America Cluster,PORT,0.003748568410738877,0.9976958805036742,0.9966206247387221,334,FALSE,false convergence (8),3.10097809945414e-15,NA,0.016602153329241736,NA,0.29296916741352536,NA,1,NA,0.8306091750212256,NA,-1,1,NA,0.5,NA,NA,4.142544984817505
South America Cluster,CG,0.03483417146568106,0.978588601082339,0.9685966149207639,231,TRUE,,7.849253449216291e-14,NA,0.014999999999813628,NA,0.5,NA,0.5,NA,1,NA,-1,-1,NA,NA,NA,NA,0.6090831756591797
South America Cluster,CG,0.03483417146568106,0.978588601082339,0.9685966149207639,19,TRUE,,7.849253449216291e-14,NA,0.014999999999813628,NA,0.5,NA,0.5,NA,1,NA,-1,-1,NA,NA,NA,NA,0.6090831756591797
South America Cluster,DE,0.04524585799120256,0.9721888859686104,0.9592103660872953,500,FALSE,,192256469.74270833,NA,-0.00949736313975195,NA,2.9569774235170196e-4,NA,0.9999987796209693,NA,2.8733735456000655,NA,-1,-1,NA,NA,NA,NA,37.67559599876404
South America Cluster,SANN,3.1996297193058427,-0.9667052617094614,-1.8845010505072102,1000,FALSE,,0.3885755716664674,NA,5.749930656674433e-4,NA,1.6410131528008418,NA,0.08215220638123627,NA,-0.1233078145167732,NA,1,-1,0.5,NA,NA,NA,1.3451437950134277
South-eastern Asia,LM,0.0013934829360941704,0.9994204574356349,0.9991500042389312,723,TRUE,Relative error in the sum of squares is at most `ftol'.,7.152008126113086e-17,NA,0.018477438887484827,NA,1.1080424578557784,NA,0.812757768190571,NA,0.5702737214980607,NA,0,-1,1,NA,NA,NA,7.710657119750977
South-eastern Asia,NM,0.008688920788710445,0.9963863214216513,0.9946999380850886,2293,TRUE,,8.901910015984163e-7,NA,0.006915707130375955,NA,0.6345650726212423,NA,0.579453371642367,NA,1.2442032184746967,NA,-1,-1,NA,NA,NA,NA,1.1169559955596924
South-eastern Asia,Nelder-Mead,0.008688920788710445,0.9963863214216513,0.9946999380850886,2293,TRUE,,8.901910015984163e-7,NA,0.006915707130375955,NA,0.6345650726212423,NA,0.579453371642367,NA,1.2442032184746967,NA,-1,-1,NA,NA,NA,NA,0.9129929542541504
South-eastern Asia,BFGS,0.0021099212515520603,0.9991224943334002,0.9987129916889869,554,TRUE,,8.18209109115077e-14,NA,0.01497476772254761,NA,0.5785985067222316,NA,0.8878864534298557,NA,0.9258546883649345,NA,-1,1,NA,0.5,NA,NA,1.1894409656524658
South-eastern Asia,BFGS,0.0021099212515520603,0.9991224943334002,0.9987129916889869,25,TRUE,,8.18209109115077e-14,NA,0.01497476772254761,NA,0.5785985067222316,NA,0.8878864534298557,NA,0.9258546883649345,NA,-1,1,NA,0.5,NA,NA,1.1894409656524658
South-eastern Asia,PORT,0.001498336293705434,0.9993768494500771,0.9990860458601131,456,FALSE,false convergence (8),4.8978156938110284e-15,NA,0.016376305659201083,NA,1,NA,0.7879441215326105,NA,0.6643681387204463,NA,1,-1,0.5,NA,NA,NA,3.85231614112854
South-eastern Asia,CG,0.02702120314254603,0.9887620171328658,0.9835176251282032,234,TRUE,,7.758409806140543e-14,NA,0.014999999999813367,NA,0.5,NA,0.5,NA,1,NA,1,1,0.5,0.5,NA,NA,0.6262149810791016
South-eastern Asia,CG,0.02702120314254603,0.9887620171328658,0.9835176251282032,21,TRUE,,7.758409806140543e-14,NA,0.014999999999813367,NA,0.5,NA,0.5,NA,1,NA,1,1,0.5,0.5,NA,NA,0.6262149810791016
South-eastern Asia,DE,0.014506964997531454,0.9939666260145278,0.9911510514879741,500,FALSE,,1405488533.0444725,NA,-0.010479919965707019,NA,0.405742493921778,NA,0.8495848934413909,NA,1.9703285470622676,NA,-1,-1,NA,NA,NA,NA,28.831287145614624
South-eastern Asia,SANN,4.26367445294896,-0.7732408213098612,-1.6007532045877966,1000,FALSE,,0.3885755716664674,NA,5.749930656674433e-4,NA,1.6410131528008418,NA,0.08215220638123627,NA,-0.1233078145167732,NA,1,-1,0.5,NA,NA,NA,0.7730998992919922
Southern Africa Cluster,LM,0.018702473180773477,0.9824668004554131,0.9742846406679393,146,TRUE,Relative error in the sum of squares is at most `ftol'.,3.11997301223777e-13,NA,0.014306760578346482,NA,1.907461879732764,NA,0.08727036041125916,NA,0.7805498377329266,NA,1,-1,0.5,NA,NA,NA,8.62759280204773
Southern Africa Cluster,NM,0.034530415297737704,0.9676284170590281,0.9525216783532413,137,TRUE,,0.017668622307099927,NA,0.0020050926816253534,NA,0.5374992613125733,NA,0.5303701593647877,NA,1.0152019148125713,NA,-1,-1,NA,NA,NA,NA,0.2095661163330078
Southern Africa Cluster,Nelder-Mead,0.034530415297737704,0.9676284170590281,0.9525216783532413,137,TRUE,,0.017668622307099927,NA,0.0020050926816253534,NA,0.5374992613125733,NA,0.5303701593647877,NA,1.0152019148125713,NA,-1,-1,NA,NA,NA,NA,0.19694995880126953
Southern Africa Cluster,BFGS,0.022451533986230066,0.9789521299318148,0.9691297905666617,673,TRUE,,8.946490903700849e-14,NA,0.014939248293445251,NA,0.4870946232047568,NA,0.48114920451806953,NA,0.6055546019000553,NA,1,0,0.5,1,NA,NA,1.5331640243530273
Southern Africa Cluster,BFGS,0.022451533986230066,0.9789521299318148,0.9691297905666617,28,TRUE,,8.946490903700849e-14,NA,0.014939248293445251,NA,0.4870946232047568,NA,0.48114920451806953,NA,0.6055546019000553,NA,1,0,0.5,1,NA,NA,1.5331640243530273
Southern Africa Cluster,PORT,0.019949541586991117,0.9812976984334179,0.9725699577023462,116,FALSE,false convergence (8),1.9898358215351238e-13,NA,0.014536728206393165,NA,1,NA,0.24054109292018205,NA,0.6637962484634086,NA,0,-1,1,NA,NA,NA,9.328328132629395
Southern Africa Cluster,CG,0.11516004262697918,0.8920397325302754,0.8416582743777372,223,TRUE,,7.904014629871691e-14,NA,0.014999999999814573,NA,0.5,NA,0.5,NA,1,NA,-1,-1,NA,NA,NA,NA,0.7527580261230469
Southern Africa Cluster,CG,0.11516004262697918,0.8920397325302754,0.8416582743777372,18,TRUE,,7.904014629871691e-14,NA,0.014999999999814573,NA,0.5,NA,0.5,NA,1,NA,-1,-1,NA,NA,NA,NA,0.7527580261230469
Southern Africa Cluster,DE,0.0204757339789618,0.9808044034494827,0.9718464583925747,500,FALSE,,3678957577.9540067,NA,-0.010955661937524435,NA,0.06846796279017596,NA,0.7195086019565125,NA,2.42996415094894,NA,-1,-1,NA,NA,NA,NA,36.15369892120361
Southern Africa Cluster,SANN,2.4671161575111755,-1.312872713208138,-2.3922133127052687,1000,FALSE,,0.3885755716664674,NA,5.749930656674433e-4,NA,1.6410131528008418,NA,0.08215220638123627,NA,-0.1233078145167732,NA,1,-1,0.5,NA,NA,NA,1.241015911102295
Southern Asia Cluster,LM,0.0040665044731412634,0.9983404961176359,0.9975660609725326,1024,FALSE,Number of iterations has reached `maxiter' == 1024.,6.863128971101181e-20,NA,0.021929086761209252,NA,0.13051162986256631,NA,0.772205335578469,NA,0.9742494461185842,NA,1,-1,0.5,NA,NA,NA,9.348480939865112
Southern Asia Cluster,NM,0.024927572588102714,0.9898272819417502,0.985080013514567,265,TRUE,,0.017701538750763628,NA,0.002008888411132814,NA,0.5627968140583028,NA,0.5482957724033555,NA,1.1897771957141328,NA,1,-1,0.5,NA,NA,NA,0.22294378280639648
Southern Asia Cluster,Nelder-Mead,0.024927572588102714,0.9898272819417502,0.985080013514567,265,TRUE,,0.017701538750763628,NA,0.002008888411132814,NA,0.5627968140583028,NA,0.5482957724033555,NA,1.1897771957141328,NA,1,-1,0.5,NA,NA,NA,0.22771906852722168
Southern Asia Cluster,BFGS,0.005885551518421054,0.9975981593874577,0.9964773004349379,686,TRUE,,6.844385329776695e-14,NA,0.015061250515865503,NA,0.13176752927733157,NA,0.47689881604783924,NA,1.2182786284989868,NA,1,-1,0.5,NA,NA,NA,1.2224369049072266
Southern Asia Cluster,BFGS,0.005885551518421054,0.9975981593874577,0.9964773004349379,28,TRUE,,6.844385329776695e-14,NA,0.015061250515865503,NA,0.13176752927733157,NA,0.47689881604783924,NA,1.2182786284989868,NA,1,-1,0.5,NA,NA,NA,1.2224369049072266
Southern Asia Cluster,PORT,0.004326767640969437,0.9982342850608672,0.9974102847559385,1000,FALSE,false convergence (8),3.3319448953523454e-16,NA,0.01770945327376131,NA,0.10519490891863376,NA,0.7720091597776431,NA,1.1677368639645138,NA,1,1,0.5,0.5,NA,NA,3.6726131439208984
Southern Asia Cluster,CG,0.019601114998388774,0.9920009613530875,0.988268076651195,229,TRUE,,7.79789398377007e-14,NA,0.01499999999981392,NA,0.5,NA,0.5,NA,1,NA,0,0,1,1,NA,NA,0.48534083366394043
Southern Asia Cluster,CG,0.019601114998388774,0.9920009613530875,0.988268076651195,18,TRUE,,7.79789398377007e-14,NA,0.01499999999981392,NA,0.5,NA,0.5,NA,1,NA,0,0,1,1,NA,NA,0.48534083366394043
Southern Asia Cluster,DE,0.0074929223029878665,0.9969422058344731,0.995515235223894,500,FALSE,,1625833507.6908064,NA,-0.010552413344435147,NA,0.07302361019640187,NA,0.9057091755785662,NA,2.394849954445631,NA,0,-1,1,NA,NA,NA,28.200154066085815
Southern Asia Cluster,SANN,4.434467564559416,-0.8096663087939906,-1.6541772528978527,1000,FALSE,,0.3885755716664674,NA,5.749930656674433e-4,NA,1.6410131528008418,NA,0.08215220638123627,NA,-0.1233078145167732,NA,1,-1,0.5,NA,NA,NA,0.6975669860839844
Switzerland,LM,0.0035181388322337846,0.9900430038326463,0.9853964056212146,42,TRUE,Relative error in the sum of squares is at most `ftol'.,1.4401291946438096e-12,NA,0.013556300880585355,NA,1.609392557162162,NA,0.8052625511795479,NA,0.2823538869179309,NA,1,1,0.5,0.5,NA,NA,1.3182148933410645
Switzerland,NM,0.006083385778001408,0.9827828713519984,0.9747482113162643,281,TRUE,,0.01408524961774367,NA,0.0021188044928027987,NA,0.47560124566716216,NA,1.212064267109775,NA,0.848166020739733,NA,0,0,1,1,NA,NA,0.3545799255371094
Switzerland,Nelder-Mead,0.006083385778001408,0.9827828713519984,0.9747482113162643,281,TRUE,,0.01408524961774367,NA,0.0021188044928027987,NA,0.47560124566716216,NA,1.212064267109775,NA,0.848166020739733,NA,0,0,1,1,NA,NA,0.34700489044189453
Switzerland,BFGS,0.00438208590027843,0.9875978707507734,0.9818102104344677,741,TRUE,,6.613675720948718e-13,NA,0.013942905584995051,NA,0.49510426068358515,NA,0.7472939049933477,NA,0.47013987902248905,NA,-1,0,NA,1,NA,NA,1.8533539772033691
Switzerland,BFGS,0.00438208590027843,0.9875978707507734,0.9818102104344677,32,TRUE,,6.613675720948718e-13,NA,0.013942905584995051,NA,0.49510426068358515,NA,0.7472939049933477,NA,0.47013987902248905,NA,-1,0,NA,1,NA,NA,1.8533539772033691
Switzerland,PORT,0.0035824833068132554,0.9898608968387697,0.9851293153635289,672,FALSE,false convergence (8),6.6515174462296975e-12,NA,0.012795479881705292,NA,1,NA,0.8606133433490817,NA,0.37536489889487823,NA,1,1,0.5,0.5,NA,NA,4.110445976257324
Switzerland,CG,0.010755211137839544,0.9695607248078537,0.9553557297181855,277,TRUE,,7.889992243920654e-14,NA,0.014999999999814563,NA,0.5,NA,0.5,NA,1,NA,-1,-1,NA,NA,NA,NA,0.6513729095458984
Switzerland,CG,0.010755211137839544,0.9695607248078537,0.9553557297181855,24,TRUE,,7.889992243920654e-14,NA,0.014999999999814563,NA,0.5,NA,0.5,NA,1,NA,-1,-1,NA,NA,NA,NA,0.6513729095458984
Switzerland,DE,0.013698170821130206,0.9612315940701007,0.9431396713028144,500,FALSE,,468475147.48639214,NA,-0.00992698660293734,NA,0.32092265782438495,NA,0.9999953814815626,NA,2.056650417391612,NA,0,0,1,1,NA,NA,36.53356313705444
Switzerland,SANN,1.421260622436046,-3.0224355107164858,-4.8995720823841795,1000,FALSE,,0.3885755716664674,NA,5.749930656674433e-4,NA,1.6410131528008418,NA,0.08215220638123627,NA,-0.1233078145167732,NA,1,-1,0.5,NA,NA,NA,1.816573143005371
Tropical Pacific Islands,LM,0.0198157906092698,0.9853794054740984,0.978556461362011,1024,FALSE,Number of iterations has reached `maxiter' == 1024.,1.32307257444451e-24,NA,0.027319118448262413,NA,0.03079474984330305,NA,-0.69635983732317,NA,0.8326735595782069,NA,1,1,0.5,0.5,NA,NA,7.646482944488525
Tropical Pacific Islands,NM,0.07059531937837701,0.9479129770590525,0.9236056996866104,261,TRUE,,0.021677761778566118,NA,0.0019210767919225142,NA,0.31937150275466664,NA,0.2956758399164452,NA,1.2232058990722474,NA,1,-1,0.5,NA,NA,NA,0.433729887008667
Tropical Pacific Islands,Nelder-Mead,0.07059531937837701,0.9479129770590525,0.9236056996866104,261,TRUE,,0.021677761778566118,NA,0.0019210767919225142,NA,0.31937150275466664,NA,0.2956758399164452,NA,1.2232058990722474,NA,1,-1,0.5,NA,NA,NA,0.42088890075683594
Tropical Pacific Islands,BFGS,0.027082206257105716,0.9800180591145939,0.9706931533680712,612,TRUE,,7.94347132746236e-14,NA,0.014989745457859539,NA,0.2500129836019527,NA,0.06300093346257121,NA,1.2898516404919063,NA,-1,1,NA,0.5,NA,NA,1.559812068939209
Tropical Pacific Islands,BFGS,0.027082206257105716,0.9800180591145939,0.9706931533680712,26,TRUE,,7.94347132746236e-14,NA,0.014989745457859539,NA,0.2500129836019527,NA,0.06300093346257121,NA,1.2898516404919063,NA,-1,1,NA,0.5,NA,NA,1.559812068939209
Tropical Pacific Islands,PORT,0.024235827782473695,0.9821181895795063,0.9737733447166091,558,FALSE,false convergence (8),1.2313505472567452e-15,NA,0.01706494115727367,NA,0.5796672003461484,NA,0.046152746001357,NA,1.1150975177092213,NA,-1,1,NA,0.5,NA,NA,4.291865110397339
Tropical Pacific Islands,CG,0.3339586006028735,0.7535968468716975,0.6386087087451563,271,TRUE,,8.26501148360395e-14,NA,0.014999999999812446,NA,0.5,NA,0.5,NA,1,NA,-1,1,NA,0.5,NA,NA,0.5834779739379883
Tropical Pacific Islands,CG,0.3339586006028735,0.7535968468716975,0.6386087087451563,20,TRUE,,8.26501148360395e-14,NA,0.014999999999812446,NA,0.5,NA,0.5,NA,1,NA,-1,1,NA,0.5,NA,NA,0.5834779739379883
Tropical Pacific Islands,DE,0.06344966835489967,0.9531852202058577,0.9313383229685913,500,FALSE,,2486413074.0317497,NA,-0.010744425192471504,NA,0.06544237041997572,NA,0.3467592481238259,NA,2.4425892043581063,NA,1,-1,0.5,NA,NA,NA,37.897422075271606
Tropical Pacific Islands,SANN,2.44527898860735,-0.8041890581139464,-1.6461439519004548,1000,FALSE,,0.025024273662922758,NA,0.001750076159840027,NA,0.8565871573912843,NA,0.6003954876364916,NA,0.8608935489646892,NA,1,-1,0.5,NA,NA,NA,1.5620079040527344
United Kingdom,LM,0.0051048678519534756,0.9746723086079336,0.962852719291636,1024,FALSE,Number of iterations has reached `maxiter' == 1024.,0.011918732192435931,NA,0.0022039573574319407,NA,0.2114063517576725,NA,0.8192335347961219,NA,1.8510946550177259,NA,-1,1,NA,0.5,NA,NA,9.33282995223999
United Kingdom,NM,0.00772842760879334,0.9616555736410439,0.9437615080068644,323,TRUE,,0.008493632862726717,NA,0.0023709754108924763,NA,0.4430318501312397,NA,0.9618847941023896,NA,1.0193915882476436,NA,1,-1,0.5,NA,NA,NA,0.2712581157684326
United Kingdom,Nelder-Mead,0.00772842760879334,0.9616555736410439,0.9437615080068644,323,TRUE,,0.008493632862726717,NA,0.0023709754108924763,NA,0.4430318501312397,NA,0.9618847941023896,NA,1.0193915882476436,NA,1,-1,0.5,NA,NA,NA,0.2588679790496826
United Kingdom,BFGS,0.00828137437292403,0.9589121402350652,0.9397378056780956,633,TRUE,,6.314304657344012e-14,NA,0.015113632426320677,NA,0.5114692704813167,NA,0.40287582207201034,NA,1.0149446516286091,NA,-1,1,NA,0.5,NA,NA,1.220184087753296
United Kingdom,BFGS,0.00828137437292403,0.9589121402350652,0.9397378056780956,27,TRUE,,6.314304657344012e-14,NA,0.015113632426320677,NA,0.5114692704813167,NA,0.40287582207201034,NA,1.0149446516286091,NA,-1,1,NA,0.5,NA,NA,1.220184087753296
United Kingdom,PORT,0.005660205244111622,0.9719170141527256,0.9588116207573308,4788,TRUE,relative convergence (4),24.431803132373943,NA,-0.0015881545437188228,NA,0.16917128181005928,NA,0.8738824218380925,NA,2.1927630081627885,NA,1,0,0.5,1,NA,NA,23.84230899810791
United Kingdom,CG,0.012720270846723503,0.936888651425905,0.9074366887579941,183,TRUE,,7.953437232225023e-14,NA,0.014999999999815342,NA,0.5,NA,0.5,NA,1,NA,1,1,0.5,0.5,NA,NA,0.6097128391265869
United Kingdom,CG,0.012720270846723503,0.936888651425905,0.9074366887579941,16,TRUE,,7.953437232225023e-14,NA,0.014999999999815342,NA,0.5,NA,0.5,NA,1,NA,1,1,0.5,0.5,NA,NA,0.6097128391265869
United Kingdom,DE,0.006301729471544445,0.9687341055791495,0.9541433548494193,500,FALSE,,3840988630.7134185,NA,-0.010972858169481322,NA,0.14855468900326868,NA,0.9606319058475636,NA,2.8673142081657548,NA,-1,1,NA,0.5,NA,NA,19.620771884918213
United Kingdom,SANN,1.2342563182677995,-5.123736017149788,-7.981479491819691,1000,FALSE,,0.3885755716664674,NA,5.749930656674433e-4,NA,1.6410131528008418,NA,0.08215220638123627,NA,-0.1233078145167732,NA,1,-1,0.5,NA,NA,NA,0.6317617893218994
United States,LM,7.655689551596781e-4,0.9980081554238117,0.9970786279549239,6,TRUE,Relative error in the sum of squares is at most `ftol'.,9.112373901469568e-9,NA,0.00920340619852236,NA,0.2595353105995186,NA,0.8197156419418914,NA,0.9868127765861592,NA,-1,0,NA,1,NA,NA,2.6348159313201904
United States,NM,0.015849937812154078,0.958761895383456,0.9395174465624022,317,TRUE,,0.007422922360175807,NA,0.0024370763439916215,NA,0.8323543908783229,NA,0.5673370370427695,NA,1.0144582699450977,NA,0,-1,1,NA,NA,NA,0.20954322814941406
United States,Nelder-Mead,0.015849937812154078,0.958761895383456,0.9395174465624022,317,TRUE,,0.007422922360175807,NA,0.0024370763439916215,NA,0.8323543908783229,NA,0.5673370370427695,NA,1.0144582699450977,NA,0,-1,1,NA,NA,NA,0.21727299690246582
United States,BFGS,0.001826717651182164,0.9952472763933129,0.9930293387101923,633,TRUE,,7.01639189079156e-14,NA,0.015057682427620489,NA,0.3281189688967236,NA,0.32785755220279866,NA,0.7377744574357741,NA,0,-1,1,NA,NA,NA,1.4475650787353516
United States,BFGS,0.001826717651182164,0.9952472763933129,0.9930293387101923,27,TRUE,,7.01639189079156e-14,NA,0.015057682427620489,NA,0.3281189688967236,NA,0.32785755220279866,NA,0.7377744574357741,NA,0,-1,1,NA,NA,NA,1.4475650787353516
United States,PORT,0.0010499419452900558,0.9972682785071892,0.9959934751438776,518,FALSE,false convergence (8),3.5783687477341604e-12,NA,0.013103097156413989,NA,0.5629059226288646,NA,0.5107210727674846,NA,0.5957068605189894,NA,-1,0,NA,1,NA,NA,4.4688920974731445
United States,CG,0.03151765972035652,0.9179978770755622,0.8797302197108247,272,TRUE,,7.903821464798781e-14,NA,0.01499999999981464,NA,0.5,NA,0.5,NA,1,NA,-1,-1,NA,NA,NA,NA,0.6005148887634277
United States,CG,0.03151765972035652,0.9179978770755622,0.8797302197108247,22,TRUE,,7.903821464798781e-14,NA,0.01499999999981464,NA,0.5,NA,0.5,NA,1,NA,-1,-1,NA,NA,NA,NA,0.6005148887634277
United States,DE,0.009902698609921368,0.9742353234377371,0.9622118077086811,500,FALSE,,2252164333.25368,NA,-0.01070950907633163,NA,0.10104845932460829,NA,0.9999999179346156,NA,3.461312089162679,NA,-1,0,NA,1,NA,NA,37.31474304199219
United States,SANN,1.4961062643397136,-2.8925443984399704,-4.7090651177119565,1000,FALSE,,0.3885755716664674,NA,5.749930656674433e-4,NA,1.6410131528008418,NA,0.08215220638123627,NA,-0.1233078145167732,NA,1,-1,0.5,NA,NA,NA,1.7331218719482422
Western Africa,LM,0.011323485288474346,0.9953779915696717,0.9932210543021851,834,TRUE,Relative error in the sum of squares is at most `ftol'.,2.8948153128058077e-22,NA,0.02465796734642607,NA,7.266265182273493,NA,1.8271778273633307e-4,NA,0.5781772887151022,NA,0,1,1,0.5,NA,NA,9.444025039672852
Western Africa,NM,0.02672915193956625,0.9890897226028199,0.9839982598174692,323,TRUE,,0.018693474978483598,NA,0.0019769074035572965,NA,0.547720862444265,NA,0.31200020108181153,NA,1.18193941673313,NA,0,-1,1,NA,NA,NA,0.2993152141571045
Western Africa,Nelder-Mead,0.02672915193956625,0.9890897226028199,0.9839982598174692,323,TRUE,,0.018693474978483598,NA,0.0019769074035572965,NA,0.547720862444265,NA,0.31200020108181153,NA,1.18193941673313,NA,0,-1,1,NA,NA,NA,0.29654884338378906
Western Africa,BFGS,0.018561340654368555,0.9924236513054885,0.9888880219147165,603,TRUE,,8.253160704230971e-14,NA,0.014977571373602245,NA,0.27855827288582813,NA,0.3392395490802347,NA,0.9001422664813931,NA,1,1,0.5,0.5,NA,NA,1.343937873840332
Western Africa,BFGS,0.018561340654368555,0.9924236513054885,0.9888880219147165,26,TRUE,,8.253160704230971e-14,NA,0.014977571373602245,NA,0.27855827288582813,NA,0.3392395490802347,NA,0.9001422664813931,NA,1,1,0.5,0.5,NA,NA,1.343937873840332
Western Africa,PORT,0.018498694219964605,0.99244922226183,0.9889255259840173,165,FALSE,false convergence (8),5.850608881500293e-14,NA,0.01514809595149225,NA,0.31489678294560364,NA,0.30949002895883515,NA,0.8857062323553851,NA,1,1,0.5,0.5,NA,NA,3.429837226867676
Western Africa,CG,0.09409080444663838,0.9615941134474458,0.9436713663895873,226,TRUE,,7.849315763246514e-14,NA,0.014999999999814023,NA,0.5,NA,0.5,NA,1,NA,-1,-1,NA,NA,NA,NA,0.4941689968109131
Western Africa,CG,0.09409080444663838,0.9615941134474458,0.9436713663895873,18,TRUE,,7.849315763246514e-14,NA,0.014999999999814023,NA,0.5,NA,0.5,NA,1,NA,-1,-1,NA,NA,NA,NA,0.4941689968109131
Western Africa,DE,0.019935352979106605,0.9918628083859695,0.988065452299422,500,FALSE,,4124386158.063317,NA,-0.011005409005721266,NA,0.06682248441602862,NA,0.6698555390220802,NA,1.8986439449405608,NA,1,-1,0.5,NA,NA,NA,30.339823961257935
Western Africa,SANN,2.912671100194223,-0.1888910557925796,-0.7437068818291166,1000,FALSE,,0.34693401271932356,NA,4.8538250703648563e-4,NA,1.522076578601873,NA,0.40492168630245856,NA,-0.042004630564072415,NA,-1,0,NA,1,NA,NA,1.1253252029418945
