year,region,total_factor_productivity,share_capital_valueadded,share_valueadded_output,elasticity_substitution_capital_labour,elasticity_substitution_valueadded_energy,valueadded_CES_exponent,output_CES_exponent,gamma_parameter,nu_parameter,converged
2000,Argentina,0.9297388856259781,1.8015250857340601,0.27241060172339016,0.5,1,1,0,3.614907355079663e-6,0.644752187560585,TRUE
2001,Argentina,0.9355481133299473,1.8015250857340601,0.27241060172339016,0.5,1,1,0,3.614907355079663e-6,0.644752187560585,TRUE
2002,Argentina,0.9413936384578919,1.8015250857340601,0.27241060172339016,0.5,1,1,0,3.614907355079663e-6,0.644752187560585,TRUE
2003,Argentina,0.9472756878046695,1.8015250857340601,0.27241060172339016,0.5,1,1,0,3.614907355079663e-6,0.644752187560585,TRUE
2004,Argentina,0.9531944895822116,1.8015250857340601,0.27241060172339016,0.5,1,1,0,3.614907355079663e-6,0.644752187560585,TRUE
2005,Argentina,0.9591502734283666,1.8015250857340601,0.27241060172339016,0.5,1,1,0,3.614907355079663e-6,0.644752187560585,TRUE
2006,Argentina,0.9651432704158146,1.8015250857340601,0.27241060172339016,0.5,1,1,0,3.614907355079663e-6,0.644752187560585,TRUE
2007,Argentina,0.9711737130610372,1.8015250857340601,0.27241060172339016,0.5,1,1,0,3.614907355079663e-6,0.644752187560585,TRUE
2008,Argentina,0.9772418353333285,1.8015250857340601,0.27241060172339016,0.5,1,1,0,3.614907355079663e-6,0.644752187560585,TRUE
2009,Argentina,0.9833478726638785,1.8015250857340601,0.27241060172339016,0.5,1,1,0,3.614907355079663e-6,0.644752187560585,TRUE
2010,Argentina,0.9894920619549112,1.8015250857340601,0.27241060172339016,0.5,1,1,0,3.614907355079663e-6,0.644752187560585,TRUE
2011,Argentina,0.9956746415888669,1.8015250857340601,0.27241060172339016,0.5,1,1,0,3.614907355079663e-6,0.644752187560585,TRUE
2012,Argentina,1.0018958514376552,1.8015250857340601,0.27241060172339016,0.5,1,1,0,3.614907355079663e-6,0.644752187560585,TRUE
2013,Argentina,1.0081559328719671,1.8015250857340601,0.27241060172339016,0.5,1,1,0,3.614907355079663e-6,0.644752187560585,TRUE
2014,Argentina,1.014455128770628,1.8015250857340601,0.27241060172339016,0.5,1,1,0,3.614907355079663e-6,0.644752187560585,TRUE
2015,Argentina,1.0207936835300346,1.8015250857340601,0.27241060172339016,0.5,1,1,0,3.614907355079663e-6,0.644752187560585,TRUE
2016,Argentina,1.0271718430736234,1.8015250857340601,0.27241060172339016,0.5,1,1,0,3.614907355079663e-6,0.644752187560585,TRUE
2017,Argentina,1.0335898548614202,1.8015250857340601,0.27241060172339016,0.5,1,1,0,3.614907355079663e-6,0.644752187560585,TRUE
2018,Argentina,1.0400479678996433,1.8015250857340601,0.27241060172339016,0.5,1,1,0,3.614907355079663e-6,0.644752187560585,TRUE
2019,Argentina,1.0465464327503562,1.8015250857340601,0.27241060172339016,0.5,1,1,0,3.614907355079663e-6,0.644752187560585,TRUE
2020,Argentina,1.053085501541192,1.8015250857340601,0.27241060172339016,0.5,1,1,0,3.614907355079663e-6,0.644752187560585,TRUE
2021,Argentina,1.0596654279751438,1.8015250857340601,0.27241060172339016,0.5,1,1,0,3.614907355079663e-6,0.644752187560585,TRUE
2022,Argentina,1.066286467340392,1.8015250857340601,0.27241060172339016,0.5,1,1,0,3.614907355079663e-6,0.644752187560585,TRUE
2000,Australia and New Zealand,0.8240634110859004,0.18783729848112649,0.6900944243852969,0.5,0.5,1,1,2.5682673358604555e-15,0.6044526163695289,TRUE
2001,Australia and New Zealand,0.8379416774184334,0.18783729848112649,0.6900944243852969,0.5,0.5,1,1,2.5682673358604555e-15,0.6044526163695289,TRUE
2002,Australia and New Zealand,0.8520536712454779,0.18783729848112649,0.6900944243852969,0.5,0.5,1,1,2.5682673358604555e-15,0.6044526163695289,TRUE
2003,Australia and New Zealand,0.8664033288325984,0.18783729848112649,0.6900944243852969,0.5,0.5,1,1,2.5682673358604555e-15,0.6044526163695289,TRUE
2004,Australia and New Zealand,0.880994652737014,0.18783729848112649,0.6900944243852969,0.5,0.5,1,1,2.5682673358604555e-15,0.6044526163695289,TRUE
2005,Australia and New Zealand,0.8958317129240508,0.18783729848112649,0.6900944243852969,0.5,0.5,1,1,2.5682673358604555e-15,0.6044526163695289,TRUE
2006,Australia and New Zealand,0.9109186479023995,0.18783729848112649,0.6900944243852969,0.5,0.5,1,1,2.5682673358604555e-15,0.6044526163695289,TRUE
2007,Australia and New Zealand,0.9262596658784331,0.18783729848112649,0.6900944243852969,0.5,0.5,1,1,2.5682673358604555e-15,0.6044526163695289,TRUE
2008,Australia and New Zealand,0.9418590459300227,0.18783729848112649,0.6900944243852969,0.5,0.5,1,1,2.5682673358604555e-15,0.6044526163695289,TRUE
2009,Australia and New Zealand,0.9577211392001238,0.18783729848112649,0.6900944243852969,0.5,0.5,1,1,2.5682673358604555e-15,0.6044526163695289,TRUE
2010,Australia and New Zealand,0.9738503701103953,0.18783729848112649,0.6900944243852969,0.5,0.5,1,1,2.5682673358604555e-15,0.6044526163695289,TRUE
2011,Australia and New Zealand,0.9902512375953599,0.18783729848112649,0.6900944243852969,0.5,0.5,1,1,2.5682673358604555e-15,0.6044526163695289,TRUE
2012,Australia and New Zealand,1.0069283163572469,0.18783729848112649,0.6900944243852969,0.5,0.5,1,1,2.5682673358604555e-15,0.6044526163695289,TRUE
2013,Australia and New Zealand,1.0238862581420354,0.18783729848112649,0.6900944243852969,0.5,0.5,1,1,2.5682673358604555e-15,0.6044526163695289,TRUE
2014,Australia and New Zealand,1.041129793036991,0.18783729848112649,0.6900944243852969,0.5,0.5,1,1,2.5682673358604555e-15,0.6044526163695289,TRUE
2015,Australia and New Zealand,1.0586637307899873,0.18783729848112649,0.6900944243852969,0.5,0.5,1,1,2.5682673358604555e-15,0.6044526163695289,TRUE
2016,Australia and New Zealand,1.0764929621511146,0.18783729848112649,0.6900944243852969,0.5,0.5,1,1,2.5682673358604555e-15,0.6044526163695289,TRUE
2017,Australia and New Zealand,1.094622460236879,0.18783729848112649,0.6900944243852969,0.5,0.5,1,1,2.5682673358604555e-15,0.6044526163695289,TRUE
2018,Australia and New Zealand,1.1130572819173066,0.18783729848112649,0.6900944243852969,0.5,0.5,1,1,2.5682673358604555e-15,0.6044526163695289,TRUE
2019,Australia and New Zealand,1.1318025692265175,0.18783729848112649,0.6900944243852969,0.5,0.5,1,1,2.5682673358604555e-15,0.6044526163695289,TRUE
2020,Australia and New Zealand,1.1508635507969434,0.18783729848112649,0.6900944243852969,0.5,0.5,1,1,2.5682673358604555e-15,0.6044526163695289,TRUE
2021,Australia and New Zealand,1.1702455433177748,0.18783729848112649,0.6900944243852969,0.5,0.5,1,1,2.5682673358604555e-15,0.6044526163695289,TRUE
2022,Australia and New Zealand,1.189953953017973,0.18783729848112649,0.6900944243852969,0.5,0.5,1,1,2.5682673358604555e-15,0.6044526163695289,TRUE
2000,Brazil,1.0181047488297468,0.295254756977866,0.9153300232003423,NA,0.5,-1,1,20.643195757701587,1.4142602770116575,TRUE
2001,Brazil,1.016573936760934,0.295254756977866,0.9153300232003423,NA,0.5,-1,1,20.643195757701587,1.4142602770116575,TRUE
2002,Brazil,1.015045426405764,0.295254756977866,0.9153300232003423,NA,0.5,-1,1,20.643195757701587,1.4142602770116575,TRUE
2003,Brazil,1.0135192143034035,0.295254756977866,0.9153300232003423,NA,0.5,-1,1,20.643195757701587,1.4142602770116575,TRUE
2004,Brazil,1.011995296998222,0.295254756977866,0.9153300232003423,NA,0.5,-1,1,20.643195757701587,1.4142602770116575,TRUE
2005,Brazil,1.0104736710397857,0.295254756977866,0.9153300232003423,NA,0.5,-1,1,20.643195757701587,1.4142602770116575,TRUE
2006,Brazil,1.008954332982849,0.295254756977866,0.9153300232003423,NA,0.5,-1,1,20.643195757701587,1.4142602770116575,TRUE
2007,Brazil,1.0074372793873463,0.295254756977866,0.9153300232003423,NA,0.5,-1,1,20.643195757701587,1.4142602770116575,TRUE
2008,Brazil,1.0059225068183835,0.295254756977866,0.9153300232003423,NA,0.5,-1,1,20.643195757701587,1.4142602770116575,TRUE
2009,Brazil,1.004410011846233,0.295254756977866,0.9153300232003423,NA,0.5,-1,1,20.643195757701587,1.4142602770116575,TRUE
2010,Brazil,1.0028997910463222,0.295254756977866,0.9153300232003423,NA,0.5,-1,1,20.643195757701587,1.4142602770116575,TRUE
2011,Brazil,1.0013918409992295,0.295254756977866,0.9153300232003423,NA,0.5,-1,1,20.643195757701587,1.4142602770116575,TRUE
2012,Brazil,0.9998861582906731,0.295254756977866,0.9153300232003423,NA,0.5,-1,1,20.643195757701587,1.4142602770116575,TRUE
2013,Brazil,0.9983827395115057,0.295254756977866,0.9153300232003423,NA,0.5,-1,1,20.643195757701587,1.4142602770116575,TRUE
2014,Brazil,0.9968815812577061,0.295254756977866,0.9153300232003423,NA,0.5,-1,1,20.643195757701587,1.4142602770116575,TRUE
2015,Brazil,0.9953826801303711,0.295254756977866,0.9153300232003423,NA,0.5,-1,1,20.643195757701587,1.4142602770116575,TRUE
2016,Brazil,0.9938860327357076,0.295254756977866,0.9153300232003423,NA,0.5,-1,1,20.643195757701587,1.4142602770116575,TRUE
2017,Brazil,0.992391635685026,0.295254756977866,0.9153300232003423,NA,0.5,-1,1,20.643195757701587,1.4142602770116575,TRUE
2018,Brazil,0.9908994855947316,0.295254756977866,0.9153300232003423,NA,0.5,-1,1,20.643195757701587,1.4142602770116575,TRUE
2019,Brazil,0.9894095790863181,0.295254756977866,0.9153300232003423,NA,0.5,-1,1,20.643195757701587,1.4142602770116575,TRUE
2020,Brazil,0.9879219127863571,0.295254756977866,0.9153300232003423,NA,0.5,-1,1,20.643195757701587,1.4142602770116575,TRUE
2021,Brazil,0.9864364833264945,0.295254756977866,0.9153300232003423,NA,0.5,-1,1,20.643195757701587,1.4142602770116575,TRUE
2022,Brazil,0.9849532873434395,0.295254756977866,0.9153300232003423,NA,0.5,-1,1,20.643195757701587,1.4142602770116575,TRUE
2000,Canada,0.8510869263919957,3.765615302829986,0.07487133889089304,1,0.5,0,1,2.7934537479478466e-13,0.44016674697539127,TRUE
2001,Canada,0.8634075372043737,3.765615302829986,0.07487133889089304,1,0.5,0,1,2.7934537479478466e-13,0.44016674697539127,TRUE
2002,Canada,0.8759065051810824,3.765615302829986,0.07487133889089304,1,0.5,0,1,2.7934537479478466e-13,0.44016674697539127,TRUE
2003,Canada,0.8885864122783698,3.765615302829986,0.07487133889089304,1,0.5,0,1,2.7934537479478466e-13,0.44016674697539127,TRUE
2004,Canada,0.9014498778297214,3.765615302829986,0.07487133889089304,1,0.5,0,1,2.7934537479478466e-13,0.44016674697539127,TRUE
2005,Canada,0.914499559086945,3.765615302829986,0.07487133889089304,1,0.5,0,1,2.7934537479478466e-13,0.44016674697539127,TRUE
2006,Canada,0.9277381517690926,3.765615302829986,0.07487133889089304,1,0.5,0,1,2.7934537479478466e-13,0.44016674697539127,TRUE
2007,Canada,0.94116839061931,3.765615302829986,0.07487133889089304,1,0.5,0,1,2.7934537479478466e-13,0.44016674697539127,TRUE
2008,Canada,0.9547930499697839,3.765615302829986,0.07487133889089304,1,0.5,0,1,2.7934537479478466e-13,0.44016674697539127,TRUE
2009,Canada,0.9686149443148311,3.765615302829986,0.07487133889089304,1,0.5,0,1,2.7934537479478466e-13,0.44016674697539127,TRUE
2010,Canada,0.9826369288923028,3.765615302829986,0.07487133889089304,1,0.5,0,1,2.7934537479478466e-13,0.44016674697539127,TRUE
2011,Canada,0.996861900273404,3.765615302829986,0.07487133889089304,1,0.5,0,1,2.7934537479478466e-13,0.44016674697539127,TRUE
2012,Canada,1.011292796961035,3.765615302829986,0.07487133889089304,1,0.5,0,1,2.7934537479478466e-13,0.44016674697539127,TRUE
2013,Canada,1.025932599996829,3.765615302829986,0.07487133889089304,1,0.5,0,1,2.7934537479478466e-13,0.44016674697539127,TRUE
2014,Canada,1.0407843335769433,3.765615302829986,0.07487133889089304,1,0.5,0,1,2.7934537479478466e-13,0.44016674697539127,TRUE
2015,Canada,1.05585106567678,3.765615302829986,0.07487133889089304,1,0.5,0,1,2.7934537479478466e-13,0.44016674697539127,TRUE
2016,Canada,1.0711359086847512,3.765615302829986,0.07487133889089304,1,0.5,0,1,2.7934537479478466e-13,0.44016674697539127,TRUE
2017,Canada,1.0866420200452171,3.765615302829986,0.07487133889089304,1,0.5,0,1,2.7934537479478466e-13,0.44016674697539127,TRUE
2018,Canada,1.102372602910718,3.765615302829986,0.07487133889089304,1,0.5,0,1,2.7934537479478466e-13,0.44016674697539127,TRUE
2019,Canada,1.1183309068036806,3.765615302829986,0.07487133889089304,1,0.5,0,1,2.7934537479478466e-13,0.44016674697539127,TRUE
2020,Canada,1.134520228287672,3.765615302829986,0.07487133889089304,1,0.5,0,1,2.7934537479478466e-13,0.44016674697539127,TRUE
2021,Canada,1.1509439116483828,3.765615302829986,0.07487133889089304,1,0.5,0,1,2.7934537479478466e-13,0.44016674697539127,TRUE
2022,Canada,1.1676053495844705,3.765615302829986,0.07487133889089304,1,0.5,0,1,2.7934537479478466e-13,0.44016674697539127,TRUE
2000,Caribbean Extended,0.8764616076634336,0.06948976166041006,0.6966567696146956,0.5,NA,1,-1,2.634756235986783e-10,1.577436326766914,TRUE
2001,Caribbean Extended,0.8861227636909647,0.06948976166041006,0.6966567696146956,0.5,NA,1,-1,2.634756235986783e-10,1.577436326766914,TRUE
2002,Caribbean Extended,0.8958904137565371,0.06948976166041006,0.6966567696146956,0.5,NA,1,-1,2.634756235986783e-10,1.577436326766914,TRUE
2003,Caribbean Extended,0.9057657317341786,0.06948976166041006,0.6966567696146956,0.5,NA,1,-1,2.634756235986783e-10,1.577436326766914,TRUE
2004,Caribbean Extended,0.9157499044374228,0.06948976166041006,0.6966567696146956,0.5,NA,1,-1,2.634756235986783e-10,1.577436326766914,TRUE
2005,Caribbean Extended,0.9258441317619435,0.06948976166041006,0.6966567696146956,0.5,NA,1,-1,2.634756235986783e-10,1.577436326766914,TRUE
2006,Caribbean Extended,0.9360496268297445,0.06948976166041006,0.6966567696146956,0.5,NA,1,-1,2.634756235986783e-10,1.577436326766914,TRUE
2007,Caribbean Extended,0.9463676161349727,0.06948976166041006,0.6966567696146956,0.5,NA,1,-1,2.634756235986783e-10,1.577436326766914,TRUE
2008,Caribbean Extended,0.9567993396913039,0.06948976166041006,0.6966567696146956,0.5,NA,1,-1,2.634756235986783e-10,1.577436326766914,TRUE
2009,Caribbean Extended,0.9673460511809714,0.06948976166041006,0.6966567696146956,0.5,NA,1,-1,2.634756235986783e-10,1.577436326766914,TRUE
2010,Caribbean Extended,0.9780090181054327,0.06948976166041006,0.6966567696146956,0.5,NA,1,-1,2.634756235986783e-10,1.577436326766914,TRUE
2011,Caribbean Extended,0.988789521937698,0.06948976166041006,0.6966567696146956,0.5,NA,1,-1,2.634756235986783e-10,1.577436326766914,TRUE
2012,Caribbean Extended,0.999688858276337,0.06948976166041006,0.6966567696146956,0.5,NA,1,-1,2.634756235986783e-10,1.577436326766914,TRUE
2013,Caribbean Extended,1.0107083370011838,0.06948976166041006,0.6966567696146956,0.5,NA,1,-1,2.634756235986783e-10,1.577436326766914,TRUE
2014,Caribbean Extended,1.0218492824307575,0.06948976166041006,0.6966567696146956,0.5,NA,1,-1,2.634756235986783e-10,1.577436326766914,TRUE
2015,Caribbean Extended,1.0331130334814198,0.06948976166041006,0.6966567696146956,0.5,NA,1,-1,2.634756235986783e-10,1.577436326766914,TRUE
2016,Caribbean Extended,1.0445009438282844,0.06948976166041006,0.6966567696146956,0.5,NA,1,-1,2.634756235986783e-10,1.577436326766914,TRUE
2017,Caribbean Extended,1.0560143820679053,0.06948976166041006,0.6966567696146956,0.5,NA,1,-1,2.634756235986783e-10,1.577436326766914,TRUE
2018,Caribbean Extended,1.06765473188274,0.06948976166041006,0.6966567696146956,0.5,NA,1,-1,2.634756235986783e-10,1.577436326766914,TRUE
2019,Caribbean Extended,1.0794233922074625,0.06948976166041006,0.6966567696146956,0.5,NA,1,-1,2.634756235986783e-10,1.577436326766914,TRUE
2020,Caribbean Extended,1.091321777397071,0.06948976166041006,0.6966567696146956,0.5,NA,1,-1,2.634756235986783e-10,1.577436326766914,TRUE
2021,Caribbean Extended,1.1033513173968703,0.06948976166041006,0.6966567696146956,0.5,NA,1,-1,2.634756235986783e-10,1.577436326766914,TRUE
2022,Caribbean Extended,1.1155134579143207,0.06948976166041006,0.6966567696146956,0.5,NA,1,-1,2.634756235986783e-10,1.577436326766914,TRUE
2000,Central America,0.8345069180022795,0.5388497878436317,0.7408209087545905,1,0.5,0,1,6.370692280966091e-14,0.7138356796919278,TRUE
2001,Central America,0.8472051028992689,0.5388497878436317,0.7408209087545905,1,0.5,0,1,6.370692280966091e-14,0.7138356796919278,TRUE
2002,Central America,0.860096508363038,0.5388497878436317,0.7408209087545905,1,0.5,0,1,6.370692280966091e-14,0.7138356796919278,TRUE
2003,Central America,0.8731840745135908,0.5388497878436317,0.7408209087545905,1,0.5,0,1,6.370692280966091e-14,0.7138356796919278,TRUE
2004,Central America,0.8864707862089511,0.5388497878436317,0.7408209087545905,1,0.5,0,1,6.370692280966091e-14,0.7138356796919278,TRUE
2005,Central America,0.8999596737259148,0.5388497878436317,0.7408209087545905,1,0.5,0,1,6.370692280966091e-14,0.7138356796919278,TRUE
2006,Central America,0.9136538134511587,0.5388497878436317,0.7408209087545905,1,0.5,0,1,6.370692280966091e-14,0.7138356796919278,TRUE
2007,Central America,0.927556328582864,0.5388497878436317,0.7408209087545905,1,0.5,0,1,6.370692280966091e-14,0.7138356796919278,TRUE
2008,Central America,0.9416703898430314,0.5388497878436317,0.7408209087545905,1,0.5,0,1,6.370692280966091e-14,0.7138356796919278,TRUE
2009,Central America,0.9559992162006029,0.5388497878436317,0.7408209087545905,1,0.5,0,1,6.370692280966091e-14,0.7138356796919278,TRUE
2010,Central America,0.9705460756056186,0.5388497878436317,0.7408209087545905,1,0.5,0,1,6.370692280966091e-14,0.7138356796919278,TRUE
2011,Central America,0.9853142857345295,0.5388497878436317,0.7408209087545905,1,0.5,0,1,6.370692280966091e-14,0.7138356796919278,TRUE
2012,Central America,1.0003072147468541,0.5388497878436317,0.7408209087545905,1,0.5,0,1,6.370692280966091e-14,0.7138356796919278,TRUE
2013,Central America,1.0155282820533487,0.5388497878436317,0.7408209087545905,1,0.5,0,1,6.370692280966091e-14,0.7138356796919278,TRUE
2014,Central America,1.0309809590958656,0.5388497878436317,0.7408209087545905,1,0.5,0,1,6.370692280966091e-14,0.7138356796919278,TRUE
2015,Central America,1.0466687701390796,0.5388497878436317,0.7408209087545905,1,0.5,0,1,6.370692280966091e-14,0.7138356796919278,TRUE
2016,Central America,1.0625952930742566,0.5388497878436317,0.7408209087545905,1,0.5,0,1,6.370692280966091e-14,0.7138356796919278,TRUE
2017,Central America,1.0787641602352722,0.5388497878436317,0.7408209087545905,1,0.5,0,1,6.370692280966091e-14,0.7138356796919278,TRUE
2018,Central America,1.095179059227009,0.5388497878436317,0.7408209087545905,1,0.5,0,1,6.370692280966091e-14,0.7138356796919278,TRUE
2019,Central America,1.1118437337663964,0.5388497878436317,0.7408209087545905,1,0.5,0,1,6.370692280966091e-14,0.7138356796919278,TRUE
2020,Central America,1.1287619845362313,0.5388497878436317,0.7408209087545905,1,0.5,0,1,6.370692280966091e-14,0.7138356796919278,TRUE
2021,Central America,1.1459376700519919,0.5388497878436317,0.7408209087545905,1,0.5,0,1,6.370692280966091e-14,0.7138356796919278,TRUE
2022,Central America,1.1633747075418421,0.5388497878436317,0.7408209087545905,1,0.5,0,1,6.370692280966091e-14,0.7138356796919278,TRUE
2000,Central Asia Extended,1.0109466912881049,0.5487581360273472,0.7712841932932537,0.5,NA,1,-1,0.007014943035289168,1.127928376144518,TRUE
2001,Central Asia Extended,1.0134623218006364,0.5487581360273472,0.7712841932932537,0.5,NA,1,-1,0.007014943035289168,1.127928376144518,TRUE
2002,Central Asia Extended,1.0159842121851577,0.5487581360273472,0.7712841932932537,0.5,NA,1,-1,0.007014943035289168,1.127928376144518,TRUE
2003,Central Asia Extended,1.0185123780186762,0.5487581360273472,0.7712841932932537,0.5,NA,1,-1,0.007014943035289168,1.127928376144518,TRUE
2004,Central Asia Extended,1.0210468349169626,0.5487581360273472,0.7712841932932537,0.5,NA,1,-1,0.007014943035289168,1.127928376144518,TRUE
2005,Central Asia Extended,1.0235875985346456,0.5487581360273472,0.7712841932932537,0.5,NA,1,-1,0.007014943035289168,1.127928376144518,TRUE
2006,Central Asia Extended,1.0261346845653065,0.5487581360273472,0.7712841932932537,0.5,NA,1,-1,0.007014943035289168,1.127928376144518,TRUE
2007,Central Asia Extended,1.028688108741581,0.5487581360273472,0.7712841932932537,0.5,NA,1,-1,0.007014943035289168,1.127928376144518,TRUE
2008,Central Asia Extended,1.0312478868352521,0.5487581360273472,0.7712841932932537,0.5,NA,1,-1,0.007014943035289168,1.127928376144518,TRUE
2009,Central Asia Extended,1.0338140346573506,0.5487581360273472,0.7712841932932537,0.5,NA,1,-1,0.007014943035289168,1.127928376144518,TRUE
2010,Central Asia Extended,1.03638656805825,0.5487581360273472,0.7712841932932537,0.5,NA,1,-1,0.007014943035289168,1.127928376144518,TRUE
2011,Central Asia Extended,1.0389655029277665,0.5487581360273472,0.7712841932932537,0.5,NA,1,-1,0.007014943035289168,1.127928376144518,TRUE
2012,Central Asia Extended,1.0415508551952561,0.5487581360273472,0.7712841932932537,0.5,NA,1,-1,0.007014943035289168,1.127928376144518,TRUE
2013,Central Asia Extended,1.0441426408297134,0.5487581360273472,0.7712841932932537,0.5,NA,1,-1,0.007014943035289168,1.127928376144518,TRUE
2014,Central Asia Extended,1.0467408758398697,0.5487581360273472,0.7712841932932537,0.5,NA,1,-1,0.007014943035289168,1.127928376144518,TRUE
2015,Central Asia Extended,1.0493455762742931,0.5487581360273472,0.7712841932932537,0.5,NA,1,-1,0.007014943035289168,1.127928376144518,TRUE
2016,Central Asia Extended,1.0519567582214857,0.5487581360273472,0.7712841932932537,0.5,NA,1,-1,0.007014943035289168,1.127928376144518,TRUE
2017,Central Asia Extended,1.0545744378099862,0.5487581360273472,0.7712841932932537,0.5,NA,1,-1,0.007014943035289168,1.127928376144518,TRUE
2018,Central Asia Extended,1.0571986312084634,0.5487581360273472,0.7712841932932537,0.5,NA,1,-1,0.007014943035289168,1.127928376144518,TRUE
2019,Central Asia Extended,1.0598293546258237,0.5487581360273472,0.7712841932932537,0.5,NA,1,-1,0.007014943035289168,1.127928376144518,TRUE
2020,Central Asia Extended,1.0624666243113068,0.5487581360273472,0.7712841932932537,0.5,NA,1,-1,0.007014943035289168,1.127928376144518,TRUE
2021,Central Asia Extended,1.0651104565545861,0.5487581360273472,0.7712841932932537,0.5,NA,1,-1,0.007014943035289168,1.127928376144518,TRUE
2022,Central Asia Extended,1.0677608676858705,0.5487581360273472,0.7712841932932537,0.5,NA,1,-1,0.007014943035289168,1.127928376144518,TRUE
2000,Chile,0.8450009348033937,0.3519696824394355,1.1299086882471987,1,NA,0,-1,1.6157084470620783e-13,0.5976863884781092,TRUE
2001,Chile,0.8574650680143852,0.3519696824394355,1.1299086882471987,1,NA,0,-1,1.6157084470620783e-13,0.5976863884781092,TRUE
2002,Chile,0.8701130526393813,0.3519696824394355,1.1299086882471987,1,NA,0,-1,1.6157084470620783e-13,0.5976863884781092,TRUE
2003,Chile,0.8829476005671187,0.3519696824394355,1.1299086882471987,1,NA,0,-1,1.6157084470620783e-13,0.5976863884781092,TRUE
2004,Chile,0.8959714636878758,0.3519696824394355,1.1299086882471987,1,NA,0,-1,1.6157084470620783e-13,0.5976863884781092,TRUE
2005,Chile,0.9091874344835157,0.3519696824394355,1.1299086882471987,1,NA,0,-1,1.6157084470620783e-13,0.5976863884781092,TRUE
2006,Chile,0.9225983466262296,0.3519696824394355,1.1299086882471987,1,NA,0,-1,1.6157084470620783e-13,0.5976863884781092,TRUE
2007,Chile,0.9362070755861125,0.3519696824394355,1.1299086882471987,1,NA,0,-1,1.6157084470620783e-13,0.5976863884781092,TRUE
2008,Chile,0.9500165392477039,0.3519696824394355,1.1299086882471987,1,NA,0,-1,1.6157084470620783e-13,0.5976863884781092,TRUE
2009,Chile,0.9640296985356054,0.3519696824394355,1.1299086882471987,1,NA,0,-1,1.6157084470620783e-13,0.5976863884781092,TRUE
2010,Chile,0.9782495580493615,0.3519696824394355,1.1299086882471987,1,NA,0,-1,1.6157084470620783e-13,0.5976863884781092,TRUE
2011,Chile,0.9926791667076701,0.3519696824394355,1.1299086882471987,1,NA,0,-1,1.6157084470620783e-13,0.5976863884781092,TRUE
2012,Chile,1.0073216184021125,0.3519696824394355,1.1299086882471987,1,NA,0,-1,1.6157084470620783e-13,0.5976863884781092,TRUE
2013,Chile,1.022180052660524,0.3519696824394355,1.1299086882471987,1,NA,0,-1,1.6157084470620783e-13,0.5976863884781092,TRUE
2014,Chile,1.0372576553201476,0.3519696824394355,1.1299086882471987,1,NA,0,-1,1.6157084470620783e-13,0.5976863884781092,TRUE
2015,Chile,1.0525576592107184,0.3519696824394355,1.1299086882471987,1,NA,0,-1,1.6157084470620783e-13,0.5976863884781092,TRUE
2016,Chile,1.0680833448476275,0.3519696824394355,1.1299086882471987,1,NA,0,-1,1.6157084470620783e-13,0.5976863884781092,TRUE
2017,Chile,1.0838380411352908,0.3519696824394355,1.1299086882471987,1,NA,0,-1,1.6157084470620783e-13,0.5976863884781092,TRUE
2018,Chile,1.0998251260809309,0.3519696824394355,1.1299086882471987,1,NA,0,-1,1.6157084470620783e-13,0.5976863884781092,TRUE
2019,Chile,1.11604802751885,0.3519696824394355,1.1299086882471987,1,NA,0,-1,1.6157084470620783e-13,0.5976863884781092,TRUE
2020,Chile,1.1325102238454048,0.3519696824394355,1.1299086882471987,1,NA,0,-1,1.6157084470620783e-13,0.5976863884781092,TRUE
2021,Chile,1.1492152447648194,0.3519696824394355,1.1299086882471987,1,NA,0,-1,1.6157084470620783e-13,0.5976863884781092,TRUE
2022,Chile,1.1661666720459978,0.3519696824394355,1.1299086882471987,1,NA,0,-1,1.6157084470620783e-13,0.5976863884781092,TRUE
2000,China,0.8950548078280993,3.9878348542604766e-4,-0.684861033526478,0.5,0.5,1,1,0.10413289223889483,1.0251791404358208,TRUE
2001,China,0.8960180543597871,3.9878348542604766e-4,-0.684861033526478,0.5,0.5,1,1,0.10413289223889483,1.0251791404358208,TRUE
2002,China,0.8969823375250671,3.9878348542604766e-4,-0.684861033526478,0.5,0.5,1,1,0.10413289223889483,1.0251791404358208,TRUE
2003,China,0.8979476584395513,3.9878348542604766e-4,-0.684861033526478,0.5,0.5,1,1,0.10413289223889483,1.0251791404358208,TRUE
2004,China,0.8989140182200518,3.9878348542604766e-4,-0.684861033526478,0.5,0.5,1,1,0.10413289223889483,1.0251791404358208,TRUE
2005,China,0.8998814179845838,3.9878348542604766e-4,-0.684861033526478,0.5,0.5,1,1,0.10413289223889483,1.0251791404358208,TRUE
2006,China,0.9008498588523637,3.9878348542604766e-4,-0.684861033526478,0.5,0.5,1,1,0.10413289223889483,1.0251791404358208,TRUE
2007,China,0.9018193419438142,3.9878348542604766e-4,-0.684861033526478,0.5,0.5,1,1,0.10413289223889483,1.0251791404358208,TRUE
2008,China,0.9027898683805632,3.9878348542604766e-4,-0.684861033526478,0.5,0.5,1,1,0.10413289223889483,1.0251791404358208,TRUE
2009,China,0.9037614392854446,3.9878348542604766e-4,-0.684861033526478,0.5,0.5,1,1,0.10413289223889483,1.0251791404358208,TRUE
2010,China,0.9047340557825028,3.9878348542604766e-4,-0.684861033526478,0.5,0.5,1,1,0.10413289223889483,1.0251791404358208,TRUE
2011,China,0.90570771899699,3.9878348542604766e-4,-0.684861033526478,0.5,0.5,1,1,0.10413289223889483,1.0251791404358208,TRUE
2012,China,0.9066824300553704,3.9878348542604766e-4,-0.684861033526478,0.5,0.5,1,1,0.10413289223889483,1.0251791404358208,TRUE
2013,China,0.9076581900853199,3.9878348542604766e-4,-0.684861033526478,0.5,0.5,1,1,0.10413289223889483,1.0251791404358208,TRUE
2014,China,0.9086350002157288,3.9878348542604766e-4,-0.684861033526478,0.5,0.5,1,1,0.10413289223889483,1.0251791404358208,TRUE
2015,China,0.9096128615767011,3.9878348542604766e-4,-0.684861033526478,0.5,0.5,1,1,0.10413289223889483,1.0251791404358208,TRUE
2016,China,0.9105917752995585,3.9878348542604766e-4,-0.684861033526478,0.5,0.5,1,1,0.10413289223889483,1.0251791404358208,TRUE
2017,China,0.9115717425168385,3.9878348542604766e-4,-0.684861033526478,0.5,0.5,1,1,0.10413289223889483,1.0251791404358208,TRUE
2018,China,0.912552764362299,3.9878348542604766e-4,-0.684861033526478,0.5,0.5,1,1,0.10413289223889483,1.0251791404358208,TRUE
2019,China,0.9135348419709169,3.9878348542604766e-4,-0.684861033526478,0.5,0.5,1,1,0.10413289223889483,1.0251791404358208,TRUE
2020,China,0.9145179764788917,3.9878348542604766e-4,-0.684861033526478,0.5,0.5,1,1,0.10413289223889483,1.0251791404358208,TRUE
2021,China,0.9155021690236443,3.9878348542604766e-4,-0.684861033526478,0.5,0.5,1,1,0.10413289223889483,1.0251791404358208,TRUE
2022,China,0.9164874207438203,3.9878348542604766e-4,-0.684861033526478,0.5,0.5,1,1,0.10413289223889483,1.0251791404358208,TRUE
2000,Eastern Africa,0.938794478122082,0.21897549512401496,0.9109786061512006,NA,0.5,-1,1,1.5495228012686165e-5,1.4910671129893311,TRUE
2001,Eastern Africa,0.9439776518617257,0.21897549512401496,0.9109786061512006,NA,0.5,-1,1,1.5495228012686165e-5,1.4910671129893311,TRUE
2002,Eastern Africa,0.9491894423973147,0.21897549512401496,0.9109786061512006,NA,0.5,-1,1,1.5495228012686165e-5,1.4910671129893311,TRUE
2003,Eastern Africa,0.9544300077249059,0.21897549512401496,0.9109786061512006,NA,0.5,-1,1,1.5495228012686165e-5,1.4910671129893311,TRUE
2004,Eastern Africa,0.9596995067128669,0.21897549512401496,0.9109786061512006,NA,0.5,-1,1,1.5495228012686165e-5,1.4910671129893311,TRUE
2005,Eastern Africa,0.9649980991066923,0.21897549512401496,0.9109786061512006,NA,0.5,-1,1,1.5495228012686165e-5,1.4910671129893311,TRUE
2006,Eastern Africa,0.9703259455338474,0.21897549512401496,0.9109786061512006,NA,0.5,-1,1,1.5495228012686165e-5,1.4910671129893311,TRUE
2007,Eastern Africa,0.9756832075086352,0.21897549512401496,0.9109786061512006,NA,0.5,-1,1,1.5495228012686165e-5,1.4910671129893311,TRUE
2008,Eastern Africa,0.9810700474370997,0.21897549512401496,0.9109786061512006,NA,0.5,-1,1,1.5495228012686165e-5,1.4910671129893311,TRUE
2009,Eastern Africa,0.9864866286219387,0.21897549512401496,0.9109786061512006,NA,0.5,-1,1,1.5495228012686165e-5,1.4910671129893311,TRUE
2010,Eastern Africa,0.9919331152674616,0.21897549512401496,0.9109786061512006,NA,0.5,-1,1,1.5495228012686165e-5,1.4910671129893311,TRUE
2011,Eastern Africa,0.9974096724845659,0.21897549512401496,0.9109786061512006,NA,0.5,-1,1,1.5495228012686165e-5,1.4910671129893311,TRUE
2012,Eastern Africa,1.0029164662957415,0.21897549512401496,0.9109786061512006,NA,0.5,-1,1,1.5495228012686165e-5,1.4910671129893311,TRUE
2013,Eastern Africa,1.0084536636401045,0.21897549512401496,0.9109786061512006,NA,0.5,-1,1,1.5495228012686165e-5,1.4910671129893311,TRUE
2014,Eastern Africa,1.0140214323784575,0.21897549512401496,0.9109786061512006,NA,0.5,-1,1,1.5495228012686165e-5,1.4910671129893311,TRUE
2015,Eastern Africa,1.0196199412983793,0.21897549512401496,0.9109786061512006,NA,0.5,-1,1,1.5495228012686165e-5,1.4910671129893311,TRUE
2016,Eastern Africa,1.0252493601193402,0.21897549512401496,0.9109786061512006,NA,0.5,-1,1,1.5495228012686165e-5,1.4910671129893311,TRUE
2017,Eastern Africa,1.0309098594978483,0.21897549512401496,0.9109786061512006,NA,0.5,-1,1,1.5495228012686165e-5,1.4910671129893311,TRUE
2018,Eastern Africa,1.0366016110326226,0.21897549512401496,0.9109786061512006,NA,0.5,-1,1,1.5495228012686165e-5,1.4910671129893311,TRUE
2019,Eastern Africa,1.0423247872697925,0.21897549512401496,0.9109786061512006,NA,0.5,-1,1,1.5495228012686165e-5,1.4910671129893311,TRUE
2020,Eastern Africa,1.0480795617081373,0.21897549512401496,0.9109786061512006,NA,0.5,-1,1,1.5495228012686165e-5,1.4910671129893311,TRUE
2021,Eastern Africa,1.053866108804334,0.21897549512401496,0.9109786061512006,NA,0.5,-1,1,1.5495228012686165e-5,1.4910671129893311,TRUE
2022,Eastern Africa,1.0596846039782528,0.21897549512401496,0.9109786061512006,NA,0.5,-1,1,1.5495228012686165e-5,1.4910671129893311,TRUE
2000,EU27,0.8443813086321885,0.4645050212482128,0.5007788467590154,NA,0.5,-1,1,5.870814725639134e-13,0.9383589507900738,TRUE
2001,EU27,0.8562834126560006,0.4645050212482128,0.5007788467590154,NA,0.5,-1,1,5.870814725639134e-13,0.9383589507900738,TRUE
2002,EU27,0.8683532845812874,0.4645050212482128,0.5007788467590154,NA,0.5,-1,1,5.870814725639134e-13,0.9383589507900738,TRUE
2003,EU27,0.8805932892057978,0.4645050212482128,0.5007788467590154,NA,0.5,-1,1,5.870814725639134e-13,0.9383589507900738,TRUE
2004,EU27,0.8930058246606344,0.4645050212482128,0.5007788467590154,NA,0.5,-1,1,5.870814725639134e-13,0.9383589507900738,TRUE
2005,EU27,0.9055933228801276,0.4645050212482128,0.5007788467590154,NA,0.5,-1,1,5.870814725639134e-13,0.9383589507900738,TRUE
2006,EU27,0.9183582500783019,0.4645050212482128,0.5007788467590154,NA,0.5,-1,1,5.870814725639134e-13,0.9383589507900738,TRUE
2007,EU27,0.9313031072320763,0.4645050212482128,0.5007788467590154,NA,0.5,-1,1,5.870814725639134e-13,0.9383589507900738,TRUE
2008,EU27,0.9444304305712575,0.4645050212482128,0.5007788467590154,NA,0.5,-1,1,5.870814725639134e-13,0.9383589507900738,TRUE
2009,EU27,0.9577427920754713,0.4645050212482128,0.5007788467590154,NA,0.5,-1,1,5.870814725639134e-13,0.9383589507900738,TRUE
2010,EU27,0.971242799978067,0.4645050212482128,0.5007788467590154,NA,0.5,-1,1,5.870814725639134e-13,0.9383589507900738,TRUE
2011,EU27,0.9849330992771433,0.4645050212482128,0.5007788467590154,NA,0.5,-1,1,5.870814725639134e-13,0.9383589507900738,TRUE
2012,EU27,0.9988163722537586,0.4645050212482128,0.5007788467590154,NA,0.5,-1,1,5.870814725639134e-13,0.9383589507900738,TRUE
2013,EU27,1.0128953389974782,0.4645050212482128,0.5007788467590154,NA,0.5,-1,1,5.870814725639134e-13,0.9383589507900738,TRUE
2014,EU27,1.0271727579392964,0.4645050212482128,0.5007788467590154,NA,0.5,-1,1,5.870814725639134e-13,0.9383589507900738,TRUE
2015,EU27,1.0416514263920877,0.4645050212482128,0.5007788467590154,NA,0.5,-1,1,5.870814725639134e-13,0.9383589507900738,TRUE
2016,EU27,1.0563341810986757,0.4645050212482128,0.5007788467590154,NA,0.5,-1,1,5.870814725639134e-13,0.9383589507900738,TRUE
2017,EU27,1.0712238987876086,0.4645050212482128,0.5007788467590154,NA,0.5,-1,1,5.870814725639134e-13,0.9383589507900738,TRUE
2018,EU27,1.0863234967368065,0.4645050212482128,0.5007788467590154,NA,0.5,-1,1,5.870814725639134e-13,0.9383589507900738,TRUE
2019,EU27,1.1016359333451171,0.4645050212482128,0.5007788467590154,NA,0.5,-1,1,5.870814725639134e-13,0.9383589507900738,TRUE
2020,EU27,1.117164208711949,0.4645050212482128,0.5007788467590154,NA,0.5,-1,1,5.870814725639134e-13,0.9383589507900738,TRUE
2021,EU27,1.1329113652250515,0.4645050212482128,0.5007788467590154,NA,0.5,-1,1,5.870814725639134e-13,0.9383589507900738,TRUE
2022,EU27,1.148880488156622,0.4645050212482128,0.5007788467590154,NA,0.5,-1,1,5.870814725639134e-13,0.9383589507900738,TRUE
2000,India,0.7592992092084017,0.22869571759635124,0.6839540238919433,1,NA,0,-1,2.655099763963078e-19,1.2317190973312677,TRUE
2001,India,0.7756059170455164,0.22869571759635124,0.6839540238919433,1,NA,0,-1,2.655099763963078e-19,1.2317190973312677,TRUE
2002,India,0.7922628276976218,0.22869571759635124,0.6839540238919433,1,NA,0,-1,2.655099763963078e-19,1.2317190973312677,TRUE
2003,India,0.8092774621194595,0.22869571759635124,0.6839540238919433,1,NA,0,-1,2.655099763963078e-19,1.2317190973312677,TRUE
2004,India,0.8266575027857815,0.22869571759635124,0.6839540238919433,1,NA,0,-1,2.655099763963078e-19,1.2317190973312677,TRUE
2005,India,0.8444107971601297,0.22869571759635124,0.6839540238919433,1,NA,0,-1,2.655099763963078e-19,1.2317190973312677,TRUE
2006,India,0.8625453612381703,0.22869571759635124,0.6839540238919433,1,NA,0,-1,2.655099763963078e-19,1.2317190973312677,TRUE
2007,India,0.8810693831670657,0.22869571759635124,0.6839540238919433,1,NA,0,-1,2.655099763963078e-19,1.2317190973312677,TRUE
2008,India,0.8999912269426054,0.22869571759635124,0.6839540238919433,1,NA,0,-1,2.655099763963078e-19,1.2317190973312677,TRUE
2009,India,0.9193194361857305,0.22869571759635124,0.6839540238919433,1,NA,0,-1,2.655099763963078e-19,1.2317190973312677,TRUE
2010,India,0.9390627380001701,0.22869571759635124,0.6839540238919433,1,NA,0,-1,2.655099763963078e-19,1.2317190973312677,TRUE
2011,India,0.9592300469128899,0.22869571759635124,0.6839540238919433,1,NA,0,-1,2.655099763963078e-19,1.2317190973312677,TRUE
2012,India,0.979830468899234,0.22869571759635124,0.6839540238919433,1,NA,0,-1,2.655099763963078e-19,1.2317190973312677,TRUE
2013,India,1.0008733054944416,0.22869571759635124,0.6839540238919433,1,NA,0,-1,2.655099763963078e-19,1.2317190973312677,TRUE
2014,India,1.0223680579934997,0.22869571759635124,0.6839540238919433,1,NA,0,-1,2.655099763963078e-19,1.2317190973312677,TRUE
2015,India,1.0443244317411806,0.22869571759635124,0.6839540238919433,1,NA,0,-1,2.655099763963078e-19,1.2317190973312677,TRUE
2016,India,1.066752340514224,0.22869571759635124,0.6839540238919433,1,NA,0,-1,2.655099763963078e-19,1.2317190973312677,TRUE
2017,India,1.0896619109975898,0.22869571759635124,0.6839540238919433,1,NA,0,-1,2.655099763963078e-19,1.2317190973312677,TRUE
2018,India,1.1130634873569205,0.22869571759635124,0.6839540238919433,1,NA,0,-1,2.655099763963078e-19,1.2317190973312677,TRUE
2019,India,1.1369676359091252,0.22869571759635124,0.6839540238919433,1,NA,0,-1,2.655099763963078e-19,1.2317190973312677,TRUE
2020,India,1.161385149893308,0.22869571759635124,0.6839540238919433,1,NA,0,-1,2.655099763963078e-19,1.2317190973312677,TRUE
2021,India,1.1863270543441473,0.22869571759635124,0.6839540238919433,1,NA,0,-1,2.655099763963078e-19,1.2317190973312677,TRUE
2022,India,1.2118046110699465,0.22869571759635124,0.6839540238919433,1,NA,0,-1,2.655099763963078e-19,1.2317190973312677,TRUE
2000,Japan,0.8626379211666527,-3.212998223284552,-0.17536897023983516,NA,NA,-1,-1,1.2685031229555283e-12,0.488944169554904,TRUE
2001,Japan,0.8744697969721074,-3.212998223284552,-0.17536897023983516,NA,NA,-1,-1,1.2685031229555283e-12,0.488944169554904,TRUE
2002,Japan,0.8864639578819385,-3.212998223284552,-0.17536897023983516,NA,NA,-1,-1,1.2685031229555283e-12,0.488944169554904,TRUE
2003,Japan,0.8986226297862364,-3.212998223284552,-0.17536897023983516,NA,NA,-1,-1,1.2685031229555283e-12,0.488944169554904,TRUE
2004,Japan,0.9109480691052293,-3.212998223284552,-0.17536897023983516,NA,NA,-1,-1,1.2685031229555283e-12,0.488944169554904,TRUE
2005,Japan,0.9234425632080333,-3.212998223284552,-0.17536897023983516,NA,NA,-1,-1,1.2685031229555283e-12,0.488944169554904,TRUE
2006,Japan,0.9361084308371475,-3.212998223284552,-0.17536897023983516,NA,NA,-1,-1,1.2685031229555283e-12,0.488944169554904,TRUE
2007,Japan,0.9489480225387559,-3.212998223284552,-0.17536897023983516,NA,NA,-1,-1,1.2685031229555283e-12,0.488944169554904,TRUE
2008,Japan,0.9619637210989646,-3.212998223284552,-0.17536897023983516,NA,NA,-1,-1,1.2685031229555283e-12,0.488944169554904,TRUE
2009,Japan,0.9751579419859885,-3.212998223284552,-0.17536897023983516,NA,NA,-1,-1,1.2685031229555283e-12,0.488944169554904,TRUE
2010,Japan,0.9885331337984199,-3.212998223284552,-0.17536897023983516,NA,NA,-1,-1,1.2685031229555283e-12,0.488944169554904,TRUE
2011,Japan,1.002091778719642,-3.212998223284552,-0.17536897023983516,NA,NA,-1,-1,1.2685031229555283e-12,0.488944169554904,TRUE
2012,Japan,1.0158363929784757,-3.212998223284552,-0.17536897023983516,NA,NA,-1,-1,1.2685031229555283e-12,0.488944169554904,TRUE
2013,Japan,1.0297695273161445,-3.212998223284552,-0.17536897023983516,NA,NA,-1,-1,1.2685031229555283e-12,0.488944169554904,TRUE
2014,Japan,1.043893767459647,-3.212998223284552,-0.17536897023983516,NA,NA,-1,-1,1.2685031229555283e-12,0.488944169554904,TRUE
2015,Japan,1.0582117346016044,-3.212998223284552,-0.17536897023983516,NA,NA,-1,-1,1.2685031229555283e-12,0.488944169554904,TRUE
2016,Japan,1.0727260858867274,-3.212998223284552,-0.17536897023983516,NA,NA,-1,-1,1.2685031229555283e-12,0.488944169554904,TRUE
2017,Japan,1.0874395149049159,-3.212998223284552,-0.17536897023983516,NA,NA,-1,-1,1.2685031229555283e-12,0.488944169554904,TRUE
2018,Japan,1.1023547521911434,-3.212998223284552,-0.17536897023983516,NA,NA,-1,-1,1.2685031229555283e-12,0.488944169554904,TRUE
2019,Japan,1.117474565732193,-3.212998223284552,-0.17536897023983516,NA,NA,-1,-1,1.2685031229555283e-12,0.488944169554904,TRUE
2020,Japan,1.132801761480342,-3.212998223284552,-0.17536897023983516,NA,NA,-1,-1,1.2685031229555283e-12,0.488944169554904,TRUE
2021,Japan,1.1483391838740953,-3.212998223284552,-0.17536897023983516,NA,NA,-1,-1,1.2685031229555283e-12,0.488944169554904,TRUE
2022,Japan,1.1640897163660633,-3.212998223284552,-0.17536897023983516,NA,NA,-1,-1,1.2685031229555283e-12,0.488944169554904,TRUE
2000,Levant,0.8333664055326431,0.49514515454114866,0.5545787197722921,1,0.5,0,1,8.222992038529978e-14,0.8310307843092992,TRUE
2001,Levant,0.8459386977450021,0.49514515454114866,0.5545787197722921,1,0.5,0,1,8.222992038529978e-14,0.8310307843092992,TRUE
2002,Levant,0.8587006574678594,0.49514515454114866,0.5545787197722921,1,0.5,0,1,8.222992038529978e-14,0.8310307843092992,TRUE
2003,Levant,0.8716551460541022,0.49514515454114866,0.5545787197722921,1,0.5,0,1,8.222992038529978e-14,0.8310307843092992,TRUE
2004,Levant,0.884805068023409,0.49514515454114866,0.5545787197722921,1,0.5,0,1,8.222992038529978e-14,0.8310307843092992,TRUE
2005,Levant,0.8981533717134934,0.49514515454114866,0.5545787197722921,1,0.5,0,1,8.222992038529978e-14,0.8310307843092992,TRUE
2006,Levant,0.9117030499411398,0.49514515454114866,0.5545787197722921,1,0.5,0,1,8.222992038529978e-14,0.8310307843092992,TRUE
2007,Levant,0.9254571406732113,0.49514515454114866,0.5545787197722921,1,0.5,0,1,8.222992038529978e-14,0.8310307843092992,TRUE
2008,Levant,0.9394187277078138,0.49514515454114866,0.5545787197722921,1,0.5,0,1,8.222992038529978e-14,0.8310307843092992,TRUE
2009,Levant,0.9535909413656868,0.49514515454114866,0.5545787197722921,1,0.5,0,1,8.222992038529978e-14,0.8310307843092992,TRUE
2010,Levant,0.9679769591920743,0.49514515454114866,0.5545787197722921,1,0.5,0,1,8.222992038529978e-14,0.8310307843092992,TRUE
2011,Levant,0.9825800066691505,0.49514515454114866,0.5545787197722921,1,0.5,0,1,8.222992038529978e-14,0.8310307843092992,TRUE
2012,Levant,0.9974033579391931,0.49514515454114866,0.5545787197722921,1,0.5,0,1,8.222992038529978e-14,0.8310307843092992,TRUE
2013,Levant,1.0124503365387025,0.49514515454114866,0.5545787197722921,1,0.5,0,1,8.222992038529978e-14,0.8310307843092992,TRUE
2014,Levant,1.0277243161435405,0.49514515454114866,0.5545787197722921,1,0.5,0,1,8.222992038529978e-14,0.8310307843092992,TRUE
2015,Levant,1.0432287213253668,0.49514515454114866,0.5545787197722921,1,0.5,0,1,8.222992038529978e-14,0.8310307843092992,TRUE
2016,Levant,1.0589670283194497,0.49514515454114866,0.5545787197722921,1,0.5,0,1,8.222992038529978e-14,0.8310307843092992,TRUE
2017,Levant,1.0749427658040596,0.49514515454114866,0.5545787197722921,1,0.5,0,1,8.222992038529978e-14,0.8310307843092992,TRUE
2018,Levant,1.0911595156916583,0.49514515454114866,0.5545787197722921,1,0.5,0,1,8.222992038529978e-14,0.8310307843092992,TRUE
2019,Levant,1.1076209139319682,0.49514515454114866,0.5545787197722921,1,0.5,0,1,8.222992038529978e-14,0.8310307843092992,TRUE
2020,Levant,1.1243306513272169,0.49514515454114866,0.5545787197722921,1,0.5,0,1,8.222992038529978e-14,0.8310307843092992,TRUE
2021,Levant,1.1412924743596196,0.49514515454114866,0.5545787197722921,1,0.5,0,1,8.222992038529978e-14,0.8310307843092992,TRUE
2022,Levant,1.1585101860314033,0.49514515454114866,0.5545787197722921,1,0.5,0,1,8.222992038529978e-14,0.8310307843092992,TRUE
2000,Mexico,0.8399094872291019,5.707666406020898,37989.70126548365,NA,1,-1,0,1.151235761704643e-14,1.4093356102297803e-6,TRUE
2001,Mexico,0.8534223671274339,5.707666406020898,37989.70126548365,NA,1,-1,0,1.151235761704643e-14,1.4093356102297803e-6,TRUE
2002,Mexico,0.8671526489314719,5.707666406020898,37989.70126548365,NA,1,-1,0,1.151235761704643e-14,1.4093356102297803e-6,TRUE
2003,Mexico,0.8811038303107759,5.707666406020898,37989.70126548365,NA,1,-1,0,1.151235761704643e-14,1.4093356102297803e-6,TRUE
2004,Mexico,0.8952794652071372,5.707666406020898,37989.70126548365,NA,1,-1,0,1.151235761704643e-14,1.4093356102297803e-6,TRUE
2005,Mexico,0.9096831647399264,5.707666406020898,37989.70126548365,NA,1,-1,0,1.151235761704643e-14,1.4093356102297803e-6,TRUE
2006,Mexico,0.9243185981259877,5.707666406020898,37989.70126548365,NA,1,-1,0,1.151235761704643e-14,1.4093356102297803e-6,TRUE
2007,Mexico,0.9391894936143504,5.707666406020898,37989.70126548365,NA,1,-1,0,1.151235761704643e-14,1.4093356102297803e-6,TRUE
2008,Mexico,0.9542996394359644,5.707666406020898,37989.70126548365,NA,1,-1,0,1.151235761704643e-14,1.4093356102297803e-6,TRUE
2009,Mexico,0.9696528847686957,5.707666406020898,37989.70126548365,NA,1,-1,0,1.151235761704643e-14,1.4093356102297803e-6,TRUE
2010,Mexico,0.9852531407179104,5.707666406020898,37989.70126548365,NA,1,-1,0,1.151235761704643e-14,1.4093356102297803e-6,TRUE
2011,Mexico,1.0011043813127758,5.707666406020898,37989.70126548365,NA,1,-1,0,1.151235761704643e-14,1.4093356102297803e-6,TRUE
2012,Mexico,1.0172106445185876,5.707666406020898,37989.70126548365,NA,1,-1,0,1.151235761704643e-14,1.4093356102297803e-6,TRUE
2013,Mexico,1.0335760332654491,5.707666406020898,37989.70126548365,NA,1,-1,0,1.151235761704643e-14,1.4093356102297803e-6,TRUE
2014,Mexico,1.050204716493436,5.707666406020898,37989.70126548365,NA,1,-1,0,1.151235761704643e-14,1.4093356102297803e-6,TRUE
2015,Mexico,1.0671009302145742,5.707666406020898,37989.70126548365,NA,1,-1,0,1.151235761704643e-14,1.4093356102297803e-6,TRUE
2016,Mexico,1.084268978591972,5.707666406020898,37989.70126548365,NA,1,-1,0,1.151235761704643e-14,1.4093356102297803e-6,TRUE
2017,Mexico,1.1017132350362469,5.707666406020898,37989.70126548365,NA,1,-1,0,1.151235761704643e-14,1.4093356102297803e-6,TRUE
2018,Mexico,1.1194381433195884,5.707666406020898,37989.70126548365,NA,1,-1,0,1.151235761704643e-14,1.4093356102297803e-6,TRUE
2019,Mexico,1.1374482187078188,5.707666406020898,37989.70126548365,NA,1,-1,0,1.151235761704643e-14,1.4093356102297803e-6,TRUE
2020,Mexico,1.1557480491105931,5.707666406020898,37989.70126548365,NA,1,-1,0,1.151235761704643e-14,1.4093356102297803e-6,TRUE
2021,Mexico,1.174342296250106,5.707666406020898,37989.70126548365,NA,1,-1,0,1.151235761704643e-14,1.4093356102297803e-6,TRUE
2022,Mexico,1.193235696848672,5.707666406020898,37989.70126548365,NA,1,-1,0,1.151235761704643e-14,1.4093356102297803e-6,TRUE
2000,Middle Africa,0.9132230713786624,5430.167823806675,6.954020296312795e-5,NA,NA,-1,-1,1.6858322599794557e-7,0.7800282381631928,TRUE
2001,Middle Africa,0.9203303753768299,5430.167823806675,6.954020296312795e-5,NA,NA,-1,-1,1.6858322599794557e-7,0.7800282381631928,TRUE
2002,Middle Africa,0.9274929931003147,5430.167823806675,6.954020296312795e-5,NA,NA,-1,-1,1.6858322599794557e-7,0.7800282381631928,TRUE
2003,Middle Africa,0.9347113550369924,5430.167823806675,6.954020296312795e-5,NA,NA,-1,-1,1.6858322599794557e-7,0.7800282381631928,TRUE
2004,Middle Africa,0.9419858950250803,5430.167823806675,6.954020296312795e-5,NA,NA,-1,-1,1.6858322599794557e-7,0.7800282381631928,TRUE
2005,Middle Africa,0.9493170502792104,5430.167823806675,6.954020296312795e-5,NA,NA,-1,-1,1.6858322599794557e-7,0.7800282381631928,TRUE
2006,Middle Africa,0.9567052614167079,5430.167823806675,6.954020296312795e-5,NA,NA,-1,-1,1.6858322599794557e-7,0.7800282381631928,TRUE
2007,Middle Africa,0.964150972484072,5430.167823806675,6.954020296312795e-5,NA,NA,-1,-1,1.6858322599794557e-7,0.7800282381631928,TRUE
2008,Middle Africa,0.9716546309836647,5430.167823806675,6.954020296312795e-5,NA,NA,-1,-1,1.6858322599794557e-7,0.7800282381631928,TRUE
2009,Middle Africa,0.9792166879006063,5430.167823806675,6.954020296312795e-5,NA,NA,-1,-1,1.6858322599794557e-7,0.7800282381631928,TRUE
2010,Middle Africa,0.9868375977298808,5430.167823806675,6.954020296312795e-5,NA,NA,-1,-1,1.6858322599794557e-7,0.7800282381631928,TRUE
2011,Middle Africa,0.9945178185036516,5430.167823806675,6.954020296312795e-5,NA,NA,-1,-1,1.6858322599794557e-7,0.7800282381631928,TRUE
2012,Middle Africa,1.0022578118187886,5430.167823806675,6.954020296312795e-5,NA,NA,-1,-1,1.6858322599794557e-7,0.7800282381631928,TRUE
2013,Middle Africa,1.0100580428646184,5430.167823806675,6.954020296312795e-5,NA,NA,-1,-1,1.6858322599794557e-7,0.7800282381631928,TRUE
2014,Middle Africa,1.017918980450872,5430.167823806675,6.954020296312795e-5,NA,NA,-1,-1,1.6858322599794557e-7,0.7800282381631928,TRUE
2015,Middle Africa,1.0258410970358687,5430.167823806675,6.954020296312795e-5,NA,NA,-1,-1,1.6858322599794557e-7,0.7800282381631928,TRUE
2016,Middle Africa,1.0338248687549103,5430.167823806675,6.954020296312795e-5,NA,NA,-1,-1,1.6858322599794557e-7,0.7800282381631928,TRUE
2017,Middle Africa,1.0418707754488967,5430.167823806675,6.954020296312795e-5,NA,NA,-1,-1,1.6858322599794557e-7,0.7800282381631928,TRUE
2018,Middle Africa,1.0499793006931666,5430.167823806675,6.954020296312795e-5,NA,NA,-1,-1,1.6858322599794557e-7,0.7800282381631928,TRUE
2019,Middle Africa,1.05815093182656,5430.167823806675,6.954020296312795e-5,NA,NA,-1,-1,1.6858322599794557e-7,0.7800282381631928,TRUE
2020,Middle Africa,1.0663861599807105,5430.167823806675,6.954020296312795e-5,NA,NA,-1,-1,1.6858322599794557e-7,0.7800282381631928,TRUE
2021,Middle Africa,1.0746854801095604,5430.167823806675,6.954020296312795e-5,NA,NA,-1,-1,1.6858322599794557e-7,0.7800282381631928,TRUE
2022,Middle Africa,1.0830493910191086,5430.167823806675,6.954020296312795e-5,NA,NA,-1,-1,1.6858322599794557e-7,0.7800282381631928,TRUE
2000,Non-EU Europe,0.8583059513393104,2.5213686108683038,0.06083166310498061,NA,1,-1,0,2.773198590656367e-14,0.7746896563942919,TRUE
2001,Non-EU Europe,0.8717409640491821,2.5213686108683038,0.06083166310498061,NA,1,-1,0,2.773198590656367e-14,0.7746896563942919,TRUE
2002,Non-EU Europe,0.8853862742249315,2.5213686108683038,0.06083166310498061,NA,1,-1,0,2.773198590656367e-14,0.7746896563942919,TRUE
2003,Non-EU Europe,0.8992451736404531,2.5213686108683038,0.06083166310498061,NA,1,-1,0,2.773198590656367e-14,0.7746896563942919,TRUE
2004,Non-EU Europe,0.9133210055955949,2.5213686108683038,0.06083166310498061,NA,1,-1,0,2.773198590656367e-14,0.7746896563942919,TRUE
2005,Non-EU Europe,0.9276171657226715,2.5213686108683038,0.06083166310498061,NA,1,-1,0,2.773198590656367e-14,0.7746896563942919,TRUE
2006,Non-EU Europe,0.9421371028056341,2.5213686108683038,0.06083166310498061,NA,1,-1,0,2.773198590656367e-14,0.7746896563942919,TRUE
2007,Non-EU Europe,0.9568843196120472,2.5213686108683038,0.06083166310498061,NA,1,-1,0,2.773198590656367e-14,0.7746896563942919,TRUE
2008,Non-EU Europe,0.9718623737380898,2.5213686108683038,0.06083166310498061,NA,1,-1,0,2.773198590656367e-14,0.7746896563942919,TRUE
2009,Non-EU Europe,0.9870748784667861,2.5213686108683038,0.06083166310498061,NA,1,-1,0,2.773198590656367e-14,0.7746896563942919,TRUE
2010,Non-EU Europe,1.0025255036396663,2.5213686108683038,0.06083166310498061,NA,1,-1,0,2.773198590656367e-14,0.7746896563942919,TRUE
2011,Non-EU Europe,1.0182179765420765,2.5213686108683038,0.06083166310498061,NA,1,-1,0,2.773198590656367e-14,0.7746896563942919,TRUE
2012,Non-EU Europe,1.0341560828023402,2.5213686108683038,0.06083166310498061,NA,1,-1,0,2.773198590656367e-14,0.7746896563942919,TRUE
2013,Non-EU Europe,1.0503436673049957,2.5213686108683038,0.06083166310498061,NA,1,-1,0,2.773198590656367e-14,0.7746896563942919,TRUE
2014,Non-EU Europe,1.0667846351183452,2.5213686108683038,0.06083166310498061,NA,1,-1,0,2.773198590656367e-14,0.7746896563942919,TRUE
2015,Non-EU Europe,1.083482952436484,2.5213686108683038,0.06083166310498061,NA,1,-1,0,2.773198590656367e-14,0.7746896563942919,TRUE
2016,Non-EU Europe,1.1004426475361149,2.5213686108683038,0.06083166310498061,NA,1,-1,0,2.773198590656367e-14,0.7746896563942919,TRUE
2017,Non-EU Europe,1.11766781174832,2.5213686108683038,0.06083166310498061,NA,1,-1,0,2.773198590656367e-14,0.7746896563942919,TRUE
2018,Non-EU Europe,1.1351626004455464,2.5213686108683038,0.06083166310498061,NA,1,-1,0,2.773198590656367e-14,0.7746896563942919,TRUE
2019,Non-EU Europe,1.1529312340440425,2.5213686108683038,0.06083166310498061,NA,1,-1,0,2.773198590656367e-14,0.7746896563942919,TRUE
2020,Non-EU Europe,1.170977999021985,2.5213686108683038,0.06083166310498061,NA,1,-1,0,2.773198590656367e-14,0.7746896563942919,TRUE
2021,Non-EU Europe,1.1893072489535412,2.5213686108683038,0.06083166310498061,NA,1,-1,0,2.773198590656367e-14,0.7746896563942919,TRUE
2022,Non-EU Europe,1.2079234055591206,2.5213686108683038,0.06083166310498061,NA,1,-1,0,2.773198590656367e-14,0.7746896563942919,TRUE
2000,Northern Africa,0.7800149376195908,17.72296023832564,0.11021100025769748,NA,NA,-1,-1,1.2840427933033507e-20,0.07402169945812986,TRUE
2001,Northern Africa,0.7979849146739648,17.72296023832564,0.11021100025769748,NA,NA,-1,-1,1.2840427933033507e-20,0.07402169945812986,TRUE
2002,Northern Africa,0.816368883896643,17.72296023832564,0.11021100025769748,NA,NA,-1,-1,1.2840427933033507e-20,0.07402169945812986,TRUE
2003,Northern Africa,0.8351763828354418,17.72296023832564,0.11021100025769748,NA,NA,-1,-1,1.2840427933033507e-20,0.07402169945812986,TRUE
2004,Northern Africa,0.8544171687641238,17.72296023832564,0.11021100025769748,NA,NA,-1,-1,1.2840427933033507e-20,0.07402169945812986,TRUE
2005,Northern Africa,0.8741012237444177,17.72296023832564,0.11021100025769748,NA,NA,-1,-1,1.2840427933033507e-20,0.07402169945812986,TRUE
2006,Northern Africa,0.894238759804718,17.72296023832564,0.11021100025769748,NA,NA,-1,-1,1.2840427933033507e-20,0.07402169945812986,TRUE
2007,Northern Africa,0.9148402242380308,17.72296023832564,0.11021100025769748,NA,NA,-1,-1,1.2840427933033507e-20,0.07402169945812986,TRUE
2008,Northern Africa,0.9359163050220102,17.72296023832564,0.11021100025769748,NA,NA,-1,-1,1.2840427933033507e-20,0.07402169945812986,TRUE
2009,Northern Africa,0.9574779363638221,17.72296023832564,0.11021100025769748,NA,NA,-1,-1,1.2840427933033507e-20,0.07402169945812986,TRUE
2010,Northern Africa,0.9795363043728184,17.72296023832564,0.11021100025769748,NA,NA,-1,-1,1.2840427933033507e-20,0.07402169945812986,TRUE
2011,Northern Africa,1.00210285286383,17.72296023832564,0.11021100025769748,NA,NA,-1,-1,1.2840427933033507e-20,0.07402169945812986,TRUE
2012,Northern Africa,1.0251892892941974,17.72296023832564,0.11021100025769748,NA,NA,-1,-1,1.2840427933033507e-20,0.07402169945812986,TRUE
2013,Northern Africa,1.0488075908375345,17.72296023832564,0.11021100025769748,NA,NA,-1,-1,1.2840427933033507e-20,0.07402169945812986,TRUE
2014,Northern Africa,1.0729700105974946,17.72296023832564,0.11021100025769748,NA,NA,-1,-1,1.2840427933033507e-20,0.07402169945812986,TRUE
2015,Northern Africa,1.097689083964615,17.72296023832564,0.11021100025769748,NA,NA,-1,-1,1.2840427933033507e-20,0.07402169945812986,TRUE
2016,Northern Africa,1.1229776351196536,17.72296023832564,0.11021100025769748,NA,NA,-1,-1,1.2840427933033507e-20,0.07402169945812986,TRUE
2017,Northern Africa,1.1488487836867045,17.72296023832564,0.11021100025769748,NA,NA,-1,-1,1.2840427933033507e-20,0.07402169945812986,TRUE
2018,Northern Africa,1.175315951539667,17.72296023832564,0.11021100025769748,NA,NA,-1,-1,1.2840427933033507e-20,0.07402169945812986,TRUE
2019,Northern Africa,1.2023928697654405,17.72296023832564,0.11021100025769748,NA,NA,-1,-1,1.2840427933033507e-20,0.07402169945812986,TRUE
2020,Northern Africa,1.2300935857875899,17.72296023832564,0.11021100025769748,NA,NA,-1,-1,1.2840427933033507e-20,0.07402169945812986,TRUE
2021,Northern Africa,1.258432470654069,17.72296023832564,0.11021100025769748,NA,NA,-1,-1,1.2840427933033507e-20,0.07402169945812986,TRUE
2022,Northern Africa,1.2874242264929316,17.72296023832564,0.11021100025769748,NA,NA,-1,-1,1.2840427933033507e-20,0.07402169945812986,TRUE
2000,Peninsular West Asia,0.8743895387549596,0.17211953230154592,1.0424673411846122,NA,0.5,-1,1,1.7254968926674332e-10,0.7953657539492154,TRUE
2001,Peninsular West Asia,0.884213921632341,0.17211953230154592,1.0424673411846122,NA,0.5,-1,1,1.7254968926674332e-10,0.7953657539492154,TRUE
2002,Peninsular West Asia,0.8941486883771418,0.17211953230154592,1.0424673411846122,NA,0.5,-1,1,1.7254968926674332e-10,0.7953657539492154,TRUE
2003,Peninsular West Asia,0.9041950792299346,0.17211953230154592,1.0424673411846122,NA,0.5,-1,1,1.7254968926674332e-10,0.7953657539492154,TRUE
2004,Peninsular West Asia,0.9143543483662568,0.17211953230154592,1.0424673411846122,NA,0.5,-1,1,1.7254968926674332e-10,0.7953657539492154,TRUE
2005,Peninsular West Asia,0.9246277640532051,0.17211953230154592,1.0424673411846122,NA,0.5,-1,1,1.7254968926674332e-10,0.7953657539492154,TRUE
2006,Peninsular West Asia,0.9350166088077381,0.17211953230154592,1.0424673411846122,NA,0.5,-1,1,1.7254968926674332e-10,0.7953657539492154,TRUE
2007,Peninsular West Asia,0.9455221795568093,0.17211953230154592,1.0424673411846122,NA,0.5,-1,1,1.7254968926674332e-10,0.7953657539492154,TRUE
2008,Peninsular West Asia,0.9561457877992481,0.17211953230154592,1.0424673411846122,NA,0.5,-1,1,1.7254968926674332e-10,0.7953657539492154,TRUE
2009,Peninsular West Asia,0.9668887597695106,0.17211953230154592,1.0424673411846122,NA,0.5,-1,1,1.7254968926674332e-10,0.7953657539492154,TRUE
2010,Peninsular West Asia,0.9777524366032191,0.17211953230154592,1.0424673411846122,NA,0.5,-1,1,1.7254968926674332e-10,0.7953657539492154,TRUE
2011,Peninsular West Asia,0.988738174504613,0.17211953230154592,1.0424673411846122,NA,0.5,-1,1,1.7254968926674332e-10,0.7953657539492154,TRUE
2012,Peninsular West Asia,0.9998473449158289,0.17211953230154592,1.0424673411846122,NA,0.5,-1,1,1.7254968926674332e-10,0.7953657539492154,TRUE
2013,Peninsular West Asia,1.011081334688137,0.17211953230154592,1.0424673411846122,NA,0.5,-1,1,1.7254968926674332e-10,0.7953657539492154,TRUE
2014,Peninsular West Asia,1.0224415462550447,0.17211953230154592,1.0424673411846122,NA,0.5,-1,1,1.7254968926674332e-10,0.7953657539492154,TRUE
2015,Peninsular West Asia,1.0339293978074025,0.17211953230154592,1.0424673411846122,NA,0.5,-1,1,1.7254968926674332e-10,0.7953657539492154,TRUE
2016,Peninsular West Asia,1.0455463234704205,0.17211953230154592,1.0424673411846122,NA,0.5,-1,1,1.7254968926674332e-10,0.7953657539492154,TRUE
2017,Peninsular West Asia,1.0572937734827321,0.17211953230154592,1.0424673411846122,NA,0.5,-1,1,1.7254968926674332e-10,0.7953657539492154,TRUE
2018,Peninsular West Asia,1.069173214377408,0.17211953230154592,1.0424673411846122,NA,0.5,-1,1,1.7254968926674332e-10,0.7953657539492154,TRUE
2019,Peninsular West Asia,1.0811861291650677,0.17211953230154592,1.0424673411846122,NA,0.5,-1,1,1.7254968926674332e-10,0.7953657539492154,TRUE
2020,Peninsular West Asia,1.0933340175189847,0.17211953230154592,1.0424673411846122,NA,0.5,-1,1,1.7254968926674332e-10,0.7953657539492154,TRUE
2021,Peninsular West Asia,1.1056183959623347,0.17211953230154592,1.0424673411846122,NA,0.5,-1,1,1.7254968926674332e-10,0.7953657539492154,TRUE
2022,Peninsular West Asia,1.118040798057485,0.17211953230154592,1.0424673411846122,NA,0.5,-1,1,1.7254968926674332e-10,0.7953657539492154,TRUE
2000,Republic of Korea,0.7651001392710223,9.747146818406113,0.028054424479324803,1,0.5,0,1,2.6403096020019433e-21,0.5477894232501208,TRUE
2001,Republic of Korea,0.7833382126580124,9.747146818406113,0.028054424479324803,1,0.5,0,1,2.6403096020019433e-21,0.5477894232501208,TRUE
2002,Republic of Korea,0.8020110360911678,9.747146818406113,0.028054424479324803,1,0.5,0,1,2.6403096020019433e-21,0.5477894232501208,TRUE
2003,Republic of Korea,0.8211289729240361,9.747146818406113,0.028054424479324803,1,0.5,0,1,2.6403096020019433e-21,0.5477894232501208,TRUE
2004,Republic of Korea,0.8407026335466065,9.747146818406113,0.028054424479324803,1,0.5,0,1,2.6403096020019433e-21,0.5477894232501208,TRUE
2005,Republic of Korea,0.8607428812740054,9.747146818406113,0.028054424479324803,1,0.5,0,1,2.6403096020019433e-21,0.5477894232501208,TRUE
2006,Republic of Korea,0.8812608383756168,9.747146818406113,0.028054424479324803,1,0.5,0,1,2.6403096020019433e-21,0.5477894232501208,TRUE
2007,Republic of Korea,0.9022678922479224,9.747146818406113,0.028054424479324803,1,0.5,0,1,2.6403096020019433e-21,0.5477894232501208,TRUE
2008,Republic of Korea,0.9237757017344311,9.747146818406113,0.028054424479324803,1,0.5,0,1,2.6403096020019433e-21,0.5477894232501208,TRUE
2009,Republic of Korea,0.9457962035963223,9.747146818406113,0.028054424479324803,1,0.5,0,1,2.6403096020019433e-21,0.5477894232501208,TRUE
2010,Republic of Korea,0.9683416191372947,9.747146818406113,0.028054424479324803,1,0.5,0,1,2.6403096020019433e-21,0.5477894232501208,TRUE
2011,Republic of Korea,0.9914244609863755,9.747146818406113,0.028054424479324803,1,0.5,0,1,2.6403096020019433e-21,0.5477894232501208,TRUE
2012,Republic of Korea,1.0150575400423465,9.747146818406113,0.028054424479324803,1,0.5,0,1,2.6403096020019433e-21,0.5477894232501208,TRUE
2013,Republic of Korea,1.0392539725837688,9.747146818406113,0.028054424479324803,1,0.5,0,1,2.6403096020019433e-21,0.5477894232501208,TRUE
2014,Republic of Korea,1.064027187548496,9.747146818406113,0.028054424479324803,1,0.5,0,1,2.6403096020019433e-21,0.5477894232501208,TRUE
2015,Republic of Korea,1.089390933986644,9.747146818406113,0.028054424479324803,1,0.5,0,1,2.6403096020019433e-21,0.5477894232501208,TRUE
2016,Republic of Korea,1.1153592886912902,9.747146818406113,0.028054424479324803,1,0.5,0,1,2.6403096020019433e-21,0.5477894232501208,TRUE
2017,Republic of Korea,1.1419466640110676,9.747146818406113,0.028054424479324803,1,0.5,0,1,2.6403096020019433e-21,0.5477894232501208,TRUE
2018,Republic of Korea,1.169167815848925,9.747146818406113,0.028054424479324803,1,0.5,0,1,2.6403096020019433e-21,0.5477894232501208,TRUE
2019,Republic of Korea,1.1970378518516234,9.747146818406113,0.028054424479324803,1,0.5,0,1,2.6403096020019433e-21,0.5477894232501208,TRUE
2020,Republic of Korea,1.2255722397944564,9.747146818406113,0.028054424479324803,1,0.5,0,1,2.6403096020019433e-21,0.5477894232501208,TRUE
2021,Republic of Korea,1.254786816165761,9.747146818406113,0.028054424479324803,1,0.5,0,1,2.6403096020019433e-21,0.5477894232501208,TRUE
2022,Republic of Korea,1.2846977949561402,9.747146818406113,0.028054424479324803,1,0.5,0,1,2.6403096020019433e-21,0.5477894232501208,TRUE
2000,Russia,0.9225640236540388,3.704879024360163,0.715837217208433,1,0.5,0,1,2.5158822985232917e-8,0.1519908029537342,TRUE
2001,Russia,0.930633470350278,3.704879024360163,0.715837217208433,1,0.5,0,1,2.5158822985232917e-8,0.1519908029537342,TRUE
2002,Russia,0.938773498565318,3.704879024360163,0.715837217208433,1,0.5,0,1,2.5158822985232917e-8,0.1519908029537342,TRUE
2003,Russia,0.9469847256588128,3.704879024360163,0.715837217208433,1,0.5,0,1,2.5158822985232917e-8,0.1519908029537342,TRUE
2004,Russia,0.9552677743903143,3.704879024360163,0.715837217208433,1,0.5,0,1,2.5158822985232917e-8,0.1519908029537342,TRUE
2005,Russia,0.9636232729664924,3.704879024360163,0.715837217208433,1,0.5,0,1,2.5158822985232917e-8,0.1519908029537342,TRUE
2006,Russia,0.972051855088801,3.704879024360163,0.715837217208433,1,0.5,0,1,2.5158822985232917e-8,0.1519908029537342,TRUE
2007,Russia,0.9805541600015252,3.704879024360163,0.715837217208433,1,0.5,0,1,2.5158822985232917e-8,0.1519908029537342,TRUE
2008,Russia,0.9891308325402703,3.704879024360163,0.715837217208433,1,0.5,0,1,2.5158822985232917e-8,0.1519908029537342,TRUE
2009,Russia,0.9977825231808545,3.704879024360163,0.715837217208433,1,0.5,0,1,2.5158822985232917e-8,0.1519908029537342,TRUE
2010,Russia,1.0065098880886616,3.704879024360163,0.715837217208433,1,0.5,0,1,2.5158822985232917e-8,0.1519908029537342,TRUE
2011,Russia,1.0153135891683982,3.704879024360163,0.715837217208433,1,0.5,0,1,2.5158822985232917e-8,0.1519908029537342,TRUE
2012,Russia,1.0241942941142812,3.704879024360163,0.715837217208433,1,0.5,0,1,2.5158822985232917e-8,0.1519908029537342,TRUE
2013,Russia,1.0331526764607009,3.704879024360163,0.715837217208433,1,0.5,0,1,2.5158822985232917e-8,0.1519908029537342,TRUE
2014,Russia,1.042189415633287,3.704879024360163,0.715837217208433,1,0.5,0,1,2.5158822985232917e-8,0.1519908029537342,TRUE
2015,Russia,1.0513051970004468,3.704879024360163,0.715837217208433,1,0.5,0,1,2.5158822985232917e-8,0.1519908029537342,TRUE
2016,Russia,1.0605007119253298,3.704879024360163,0.715837217208433,1,0.5,0,1,2.5158822985232917e-8,0.1519908029537342,TRUE
2017,Russia,1.0697766578182848,3.704879024360163,0.715837217208433,1,0.5,0,1,2.5158822985232917e-8,0.1519908029537342,TRUE
2018,Russia,1.0791337381897417,3.704879024360163,0.715837217208433,1,0.5,0,1,2.5158822985232917e-8,0.1519908029537342,TRUE
2019,Russia,1.0885726627035568,3.704879024360163,0.715837217208433,1,0.5,0,1,2.5158822985232917e-8,0.1519908029537342,TRUE
2020,Russia,1.0980941472308572,3.704879024360163,0.715837217208433,1,0.5,0,1,2.5158822985232917e-8,0.1519908029537342,TRUE
2021,Russia,1.1076989139043198,3.704879024360163,0.715837217208433,1,0.5,0,1,2.5158822985232917e-8,0.1519908029537342,TRUE
2022,Russia,1.1173876911729475,3.704879024360163,0.715837217208433,1,0.5,0,1,2.5158822985232917e-8,0.1519908029537342,TRUE
2000,South Africa,0.8863264532775246,0.7105127807389499,1.310998955543456,1,NA,0,-1,2.4899047279460376e-10,0.37080578456185526,TRUE
2001,South Africa,0.8961266992909562,0.7105127807389499,1.310998955543456,1,NA,0,-1,2.4899047279460376e-10,0.37080578456185526,TRUE
2002,South Africa,0.9060353081108588,0.7105127807389499,1.310998955543456,1,NA,0,-1,2.4899047279460376e-10,0.37080578456185526,TRUE
2003,South Africa,0.9160534779212146,0.7105127807389499,1.310998955543456,1,NA,0,-1,2.4899047279460376e-10,0.37080578456185526,TRUE
2004,South Africa,0.9261824201545109,0.7105127807389499,1.310998955543456,1,NA,0,-1,2.4899047279460376e-10,0.37080578456185526,TRUE
2005,South Africa,0.9364233596382279,0.7105127807389499,1.310998955543456,1,NA,0,-1,2.4899047279460376e-10,0.37080578456185526,TRUE
2006,South Africa,0.9467775347429455,0.7105127807389499,1.310998955543456,1,NA,0,-1,2.4899047279460376e-10,0.37080578456185526,TRUE
2007,South Africa,0.957246197532105,0.7105127807389499,1.310998955543456,1,NA,0,-1,2.4899047279460376e-10,0.37080578456185526,TRUE
2008,South Africa,0.9678306139133932,0.7105127807389499,1.310998955543456,1,NA,0,-1,2.4899047279460376e-10,0.37080578456185526,TRUE
2009,South Africa,0.9785320637918331,0.7105127807389499,1.310998955543456,1,NA,0,-1,2.4899047279460376e-10,0.37080578456185526,TRUE
2010,South Africa,0.9893518412245521,0.7105127807389499,1.310998955543456,1,NA,0,-1,2.4899047279460376e-10,0.37080578456185526,TRUE
2011,South Africa,1.0002912545772633,0.7105127807389499,1.310998955543456,1,NA,0,-1,2.4899047279460376e-10,0.37080578456185526,TRUE
2012,South Africa,1.0113516266824742,0.7105127807389499,1.310998955543456,1,NA,0,-1,2.4899047279460376e-10,0.37080578456185526,TRUE
2013,South Africa,1.0225342949994631,0.7105127807389499,1.310998955543456,1,NA,0,-1,2.4899047279460376e-10,0.37080578456185526,TRUE
2014,South Africa,1.0338406117759875,0.7105127807389499,1.310998955543456,1,NA,0,-1,2.4899047279460376e-10,0.37080578456185526,TRUE
2015,South Africa,1.0452719442118164,0.7105127807389499,1.310998955543456,1,NA,0,-1,2.4899047279460376e-10,0.37080578456185526,TRUE
2016,South Africa,1.0568296746240549,0.7105127807389499,1.310998955543456,1,NA,0,-1,2.4899047279460376e-10,0.37080578456185526,TRUE
2017,South Africa,1.0685152006142973,0.7105127807389499,1.310998955543456,1,NA,0,-1,2.4899047279460376e-10,0.37080578456185526,TRUE
2018,South Africa,1.0803299352376274,0.7105127807389499,1.310998955543456,1,NA,0,-1,2.4899047279460376e-10,0.37080578456185526,TRUE
2019,South Africa,1.0922753071735047,0.7105127807389499,1.310998955543456,1,NA,0,-1,2.4899047279460376e-10,0.37080578456185526,TRUE
2020,South Africa,1.104352760898502,0.7105127807389499,1.310998955543456,1,NA,0,-1,2.4899047279460376e-10,0.37080578456185526,TRUE
2021,South Africa,1.1165637568609936,0.7105127807389499,1.310998955543456,1,NA,0,-1,2.4899047279460376e-10,0.37080578456185526,TRUE
2022,South Africa,1.1289097716577519,0.7105127807389499,1.310998955543456,1,NA,0,-1,2.4899047279460376e-10,0.37080578456185526,TRUE
2000,South America Cluster,0.7497925762717348,1.2211261750781939,0.6156972701531789,0.5,NA,1,-1,6.348574372294785e-22,0.34501622201396337,TRUE
2001,South America Cluster,0.7682052460109929,1.2211261750781939,0.6156972701531789,0.5,NA,1,-1,6.348574372294785e-22,0.34501622201396337,TRUE
2002,South America Cluster,0.7870700760111768,1.2211261750781939,0.6156972701531789,0.5,NA,1,-1,6.348574372294785e-22,0.34501622201396337,TRUE
2003,South America Cluster,0.8063981699799151,1.2211261750781939,0.6156972701531789,0.5,NA,1,-1,6.348574372294785e-22,0.34501622201396337,TRUE
2004,South America Cluster,0.8262009042988012,1.2211261750781939,0.6156972701531789,0.5,NA,1,-1,6.348574372294785e-22,0.34501622201396337,TRUE
2005,South America Cluster,0.8464899347194188,1.2211261750781939,0.6156972701531789,0.5,NA,1,-1,6.348574372294785e-22,0.34501622201396337,TRUE
2006,South America Cluster,0.8672772032238568,1.2211261750781939,0.6156972701531789,0.5,NA,1,-1,6.348574372294785e-22,0.34501622201396337,TRUE
2007,South America Cluster,0.8885749450536672,1.2211261750781939,0.6156972701531789,0.5,NA,1,-1,6.348574372294785e-22,0.34501622201396337,TRUE
2008,South America Cluster,0.9103956959114661,1.2211261750781939,0.6156972701531789,0.5,NA,1,-1,6.348574372294785e-22,0.34501622201396337,TRUE
2009,South America Cluster,0.9327522993393254,1.2211261750781939,0.6156972701531789,0.5,NA,1,-1,6.348574372294785e-22,0.34501622201396337,TRUE
2010,South America Cluster,0.9556579142784155,1.2211261750781939,0.6156972701531789,0.5,NA,1,-1,6.348574372294785e-22,0.34501622201396337,TRUE
2011,South America Cluster,0.9791260228142548,1.2211261750781939,0.6156972701531789,0.5,NA,1,-1,6.348574372294785e-22,0.34501622201396337,TRUE
2012,South America Cluster,1.003170438112198,1.2211261750781939,0.6156972701531789,0.5,NA,1,-1,6.348574372294785e-22,0.34501622201396337,TRUE
2013,South America Cluster,1.0278053125477282,1.2211261750781939,0.6156972701531789,0.5,NA,1,-1,6.348574372294785e-22,0.34501622201396337,TRUE
2014,South America Cluster,1.0530451460364743,1.2211261750781939,0.6156972701531789,0.5,NA,1,-1,6.348574372294785e-22,0.34501622201396337,TRUE
2015,South America Cluster,1.0789047945687449,1.2211261750781939,0.6156972701531789,0.5,NA,1,-1,6.348574372294785e-22,0.34501622201396337,TRUE
2016,South America Cluster,1.105399478953693,1.2211261750781939,0.6156972701531789,0.5,NA,1,-1,6.348574372294785e-22,0.34501622201396337,TRUE
2017,South America Cluster,1.1325447937781306,1.2211261750781939,0.6156972701531789,0.5,NA,1,-1,6.348574372294785e-22,0.34501622201396337,TRUE
2018,South America Cluster,1.1603567165854267,1.2211261750781939,0.6156972701531789,0.5,NA,1,-1,6.348574372294785e-22,0.34501622201396337,TRUE
2019,South America Cluster,1.1888516172797599,1.2211261750781939,0.6156972701531789,0.5,NA,1,-1,6.348574372294785e-22,0.34501622201396337,TRUE
2020,South America Cluster,1.2180462677613646,1.2211261750781939,0.6156972701531789,0.5,NA,1,-1,6.348574372294785e-22,0.34501622201396337,TRUE
2021,South America Cluster,1.2479578517983052,1.2211261750781939,0.6156972701531789,0.5,NA,1,-1,6.348574372294785e-22,0.34501622201396337,TRUE
2022,South America Cluster,1.2786039751407545,1.2211261750781939,0.6156972701531789,0.5,NA,1,-1,6.348574372294785e-22,0.34501622201396337,TRUE
2000,South-eastern Asia,0.8011751979026265,1.1080424578557784,0.812757768190571,1,NA,0,-1,7.152008126113086e-17,0.5702737214980607,TRUE
2001,South-eastern Asia,0.8161164768477728,1.1080424578557784,0.812757768190571,1,NA,0,-1,7.152008126113086e-17,0.5702737214980607,TRUE
2002,South-eastern Asia,0.8313363987378093,1.1080424578557784,0.812757768190571,1,NA,0,-1,7.152008126113086e-17,0.5702737214980607,TRUE
2003,South-eastern Asia,0.8468401600415882,1.1080424578557784,0.812757768190571,1,NA,0,-1,7.152008126113086e-17,0.5702737214980607,TRUE
2004,South-eastern Asia,0.8626330541379822,1.1080424578557784,0.812757768190571,1,NA,0,-1,7.152008126113086e-17,0.5702737214980607,TRUE
2005,South-eastern Asia,0.8787204731231434,1.1080424578557784,0.812757768190571,1,NA,0,-1,7.152008126113086e-17,0.5702737214980607,TRUE
2006,South-eastern Asia,0.8951079096515198,1.1080424578557784,0.812757768190571,1,NA,0,-1,7.152008126113086e-17,0.5702737214980607,TRUE
2007,South-eastern Asia,0.9118009588112063,1.1080424578557784,0.812757768190571,1,NA,0,-1,7.152008126113086e-17,0.5702737214980607,TRUE
2008,South-eastern Asia,0.928805320034213,1.1080424578557784,0.812757768190571,1,NA,0,-1,7.152008126113086e-17,0.5702737214980607,TRUE
2009,South-eastern Asia,0.9461267990424139,1.1080424578557784,0.812757768190571,1,NA,0,-1,7.152008126113086e-17,0.5702737214980607,TRUE
2010,South-eastern Asia,0.96377130982979,1.1080424578557784,0.812757768190571,1,NA,0,-1,7.152008126113086e-17,0.5702737214980607,TRUE
2011,South-eastern Asia,0.9817448766815762,1.1080424578557784,0.812757768190571,1,NA,0,-1,7.152008126113086e-17,0.5702737214980607,TRUE
2012,South-eastern Asia,1.0000536362311256,1.1080424578557784,0.812757768190571,1,NA,0,-1,7.152008126113086e-17,0.5702737214980607,TRUE
2013,South-eastern Asia,1.0187038395551344,1.1080424578557784,0.812757768190571,1,NA,0,-1,7.152008126113086e-17,0.5702737214980607,TRUE
2014,South-eastern Asia,1.0377018543078762,1.1080424578557784,0.812757768190571,1,NA,0,-1,7.152008126113086e-17,0.5702737214980607,TRUE
2015,South-eastern Asia,1.0570541668953084,1.1080424578557784,0.812757768190571,1,NA,0,-1,7.152008126113086e-17,0.5702737214980607,TRUE
2016,South-eastern Asia,1.0767673846896832,1.1080424578557784,0.812757768190571,1,NA,0,-1,7.152008126113086e-17,0.5702737214980607,TRUE
2017,South-eastern Asia,1.0968482382855027,1.1080424578557784,0.812757768190571,1,NA,0,-1,7.152008126113086e-17,0.5702737214980607,TRUE
2018,South-eastern Asia,1.1173035837974685,1.1080424578557784,0.812757768190571,1,NA,0,-1,7.152008126113086e-17,0.5702737214980607,TRUE
2019,South-eastern Asia,1.1381404052013582,1.1080424578557784,0.812757768190571,1,NA,0,-1,7.152008126113086e-17,0.5702737214980607,TRUE
2020,South-eastern Asia,1.1593658167185557,1.1080424578557784,0.812757768190571,1,NA,0,-1,7.152008126113086e-17,0.5702737214980607,TRUE
2021,South-eastern Asia,1.1809870652449792,1.1080424578557784,0.812757768190571,1,NA,0,-1,7.152008126113086e-17,0.5702737214980607,TRUE
2022,South-eastern Asia,1.2030115328253805,1.1080424578557784,0.812757768190571,1,NA,0,-1,7.152008126113086e-17,0.5702737214980607,TRUE
2000,Southern Africa Cluster,0.8333840485635865,1.907461879732764,0.08727036041125916,0.5,NA,1,-1,3.11997301223777e-13,0.7805498377329266,TRUE
2001,Southern Africa Cluster,0.8453927727556246,1.907461879732764,0.08727036041125916,0.5,NA,1,-1,3.11997301223777e-13,0.7805498377329266,TRUE
2002,Southern Africa Cluster,0.8575745377647614,1.907461879732764,0.08727036041125916,0.5,NA,1,-1,3.11997301223777e-13,0.7805498377329266,TRUE
2003,Southern Africa Cluster,0.8699318370385858,1.907461879732764,0.08727036041125916,0.5,NA,1,-1,3.11997301223777e-13,0.7805498377329266,TRUE
2004,Southern Africa Cluster,0.8824671999542492,1.907461879732764,0.08727036041125916,0.5,NA,1,-1,3.11997301223777e-13,0.7805498377329266,TRUE
2005,Southern Africa Cluster,0.8951831923361963,1.907461879732764,0.08727036041125916,0.5,NA,1,-1,3.11997301223777e-13,0.7805498377329266,TRUE
2006,Southern Africa Cluster,0.9080824169813551,1.907461879732764,0.08727036041125916,0.5,NA,1,-1,3.11997301223777e-13,0.7805498377329266,TRUE
2007,Southern Africa Cluster,0.9211675141918957,1.907461879732764,0.08727036041125916,0.5,NA,1,-1,3.11997301223777e-13,0.7805498377329266,TRUE
2008,Southern Africa Cluster,0.9344411623156658,1.907461879732764,0.08727036041125916,0.5,NA,1,-1,3.11997301223777e-13,0.7805498377329266,TRUE
2009,Southern Africa Cluster,0.9479060782944122,1.907461879732764,0.08727036041125916,0.5,NA,1,-1,3.11997301223777e-13,0.7805498377329266,TRUE
2010,Southern Africa Cluster,0.9615650182199053,1.907461879732764,0.08727036041125916,0.5,NA,1,-1,3.11997301223777e-13,0.7805498377329266,TRUE
2011,Southern Africa Cluster,0.9754207778980724,1.907461879732764,0.08727036041125916,0.5,NA,1,-1,3.11997301223777e-13,0.7805498377329266,TRUE
2012,Southern Africa Cluster,0.9894761934212642,1.907461879732764,0.08727036041125916,0.5,NA,1,-1,3.11997301223777e-13,0.7805498377329266,TRUE
2013,Southern Africa Cluster,1.003734141748766,1.907461879732764,0.08727036041125916,0.5,NA,1,-1,3.11997301223777e-13,0.7805498377329266,TRUE
2014,Southern Africa Cluster,1.0181975412956716,1.907461879732764,0.08727036041125916,0.5,NA,1,-1,3.11997301223777e-13,0.7805498377329266,TRUE
2015,Southern Africa Cluster,1.032869352530247,1.907461879732764,0.08727036041125916,0.5,NA,1,-1,3.11997301223777e-13,0.7805498377329266,TRUE
2016,Southern Africa Cluster,1.0477525785798973,1.907461879732764,0.08727036041125916,0.5,NA,1,-1,3.11997301223777e-13,0.7805498377329266,TRUE
2017,Southern Africa Cluster,1.0628502658458696,1.907461879732764,0.08727036041125916,0.5,NA,1,-1,3.11997301223777e-13,0.7805498377329266,TRUE
2018,Southern Africa Cluster,1.0781655046268093,1.907461879732764,0.08727036041125916,0.5,NA,1,-1,3.11997301223777e-13,0.7805498377329266,TRUE
2019,Southern Africa Cluster,1.0937014297513048,1.907461879732764,0.08727036041125916,0.5,NA,1,-1,3.11997301223777e-13,0.7805498377329266,TRUE
2020,Southern Africa Cluster,1.1094612212195467,1.907461879732764,0.08727036041125916,0.5,NA,1,-1,3.11997301223777e-13,0.7805498377329266,TRUE
2021,Southern Africa Cluster,1.12544810485423,1.907461879732764,0.08727036041125916,0.5,NA,1,-1,3.11997301223777e-13,0.7805498377329266,TRUE
2022,Southern Africa Cluster,1.1416653529608396,1.907461879732764,0.08727036041125916,0.5,NA,1,-1,3.11997301223777e-13,0.7805498377329266,TRUE
2000,Southern Asia Cluster,0.8267428182335811,0.13176752927733157,0.47689881604783924,0.5,NA,1,-1,6.844385329776695e-14,1.2182786284989868,TRUE
2001,Southern Asia Cluster,0.839288841166293,0.13176752927733157,0.47689881604783924,0.5,NA,1,-1,6.844385329776695e-14,1.2182786284989868,TRUE
2002,Southern Asia Cluster,0.8520252530421613,0.13176752927733157,0.47689881604783924,0.5,NA,1,-1,6.844385329776695e-14,1.2182786284989868,TRUE
2003,Southern Asia Cluster,0.8649549430596154,0.13176752927733157,0.47689881604783924,0.5,NA,1,-1,6.844385329776695e-14,1.2182786284989868,TRUE
2004,Southern Asia Cluster,0.878080844261363,0.13176752927733157,0.47689881604783924,0.5,NA,1,-1,6.844385329776695e-14,1.2182786284989868,TRUE
2005,Southern Asia Cluster,0.891405934199747,0.13176752927733157,0.47689881604783924,0.5,NA,1,-1,6.844385329776695e-14,1.2182786284989868,TRUE
2006,Southern Asia Cluster,0.9049332356121987,0.13176752927733157,0.47689881604783924,0.5,NA,1,-1,6.844385329776695e-14,1.2182786284989868,TRUE
2007,Southern Asia Cluster,0.9186658171069114,0.13176752927733157,0.47689881604783924,0.5,NA,1,-1,6.844385329776695e-14,1.2182786284989868,TRUE
2008,Southern Asia Cluster,0.9326067938589652,0.13176752927733157,0.47689881604783924,0.5,NA,1,-1,6.844385329776695e-14,1.2182786284989868,TRUE
2009,Southern Asia Cluster,0.9467593283169684,0.13176752927733157,0.47689881604783924,0.5,NA,1,-1,6.844385329776695e-14,1.2182786284989868,TRUE
2010,Southern Asia Cluster,0.9611266309204546,0.13176752927733157,0.47689881604783924,0.5,NA,1,-1,6.844385329776695e-14,1.2182786284989868,TRUE
2011,Southern Asia Cluster,0.9757119608281662,0.13176752927733157,0.47689881604783924,0.5,NA,1,-1,6.844385329776695e-14,1.2182786284989868,TRUE
2012,Southern Asia Cluster,0.9905186266573576,0.13176752927733157,0.47689881604783924,0.5,NA,1,-1,6.844385329776695e-14,1.2182786284989868,TRUE
2013,Southern Asia Cluster,1.0055499872343665,0.13176752927733157,0.47689881604783924,0.5,NA,1,-1,6.844385329776695e-14,1.2182786284989868,TRUE
2014,Southern Asia Cluster,1.0208094523565252,0.13176752927733157,0.47689881604783924,0.5,NA,1,-1,6.844385329776695e-14,1.2182786284989868,TRUE
2015,Southern Asia Cluster,1.0363004835656677,0.13176752927733157,0.47689881604783924,0.5,NA,1,-1,6.844385329776695e-14,1.2182786284989868,TRUE
2016,Southern Asia Cluster,1.0520265949333771,0.13176752927733157,0.47689881604783924,0.5,NA,1,-1,6.844385329776695e-14,1.2182786284989868,TRUE
2017,Southern Asia Cluster,1.0679913538581107,0.13176752927733157,0.47689881604783924,0.5,NA,1,-1,6.844385329776695e-14,1.2182786284989868,TRUE
2018,Southern Asia Cluster,1.0841983818744776,0.13176752927733157,0.47689881604783924,0.5,NA,1,-1,6.844385329776695e-14,1.2182786284989868,TRUE
2019,Southern Asia Cluster,1.1006513554747432,0.13176752927733157,0.47689881604783924,0.5,NA,1,-1,6.844385329776695e-14,1.2182786284989868,TRUE
2020,Southern Asia Cluster,1.1173540069428347,0.13176752927733157,0.47689881604783924,0.5,NA,1,-1,6.844385329776695e-14,1.2182786284989868,TRUE
2021,Southern Asia Cluster,1.134310125201006,0.13176752927733157,0.47689881604783924,0.5,NA,1,-1,6.844385329776695e-14,1.2182786284989868,TRUE
2022,Southern Asia Cluster,1.1515235566693092,0.13176752927733157,0.47689881604783924,0.5,NA,1,-1,6.844385329776695e-14,1.2182786284989868,TRUE
2000,Switzerland,0.8575407950324946,1.609392557162162,0.8052625511795479,0.5,0.5,1,1,1.4401291946438096e-12,0.2823538869179309,TRUE
2001,Switzerland,0.8692450298887106,1.609392557162162,0.8052625511795479,0.5,0.5,1,1,1.4401291946438096e-12,0.2823538869179309,TRUE
2002,Switzerland,0.8811090112133866,1.609392557162162,0.8052625511795479,0.5,0.5,1,1,1.4401291946438096e-12,0.2823538869179309,TRUE
2003,Switzerland,0.8931349193228414,1.609392557162162,0.8052625511795479,0.5,0.5,1,1,1.4401291946438096e-12,0.2823538869179309,TRUE
2004,Switzerland,0.9053249642916562,1.609392557162162,0.8052625511795479,0.5,0.5,1,1,1.4401291946438096e-12,0.2823538869179309,TRUE
2005,Switzerland,0.9176813863588543,1.609392557162162,0.8052625511795479,0.5,0.5,1,1,1.4401291946438096e-12,0.2823538869179309,TRUE
2006,Switzerland,0.9302064563395948,1.609392557162162,0.8052625511795479,0.5,0.5,1,1,1.4401291946438096e-12,0.2823538869179309,TRUE
2007,Switzerland,0.9429024760424844,1.609392557162162,0.8052625511795479,0.5,0.5,1,1,1.4401291946438096e-12,0.2823538869179309,TRUE
2008,Switzerland,0.9557717786926173,1.609392557162162,0.8052625511795479,0.5,0.5,1,1,1.4401291946438096e-12,0.2823538869179309,TRUE
2009,Switzerland,0.9688167293603401,1.609392557162162,0.8052625511795479,0.5,0.5,1,1,1.4401291946438096e-12,0.2823538869179309,TRUE
2010,Switzerland,0.9820397253959186,1.609392557162162,0.8052625511795479,0.5,0.5,1,1,1.4401291946438096e-12,0.2823538869179309,TRUE
2011,Switzerland,0.9954431968701032,1.609392557162162,0.8052625511795479,0.5,0.5,1,1,1.4401291946438096e-12,0.2823538869179309,TRUE
2012,Switzerland,1.0090296070207079,1.609392557162162,0.8052625511795479,0.5,0.5,1,1,1.4401291946438096e-12,0.2823538869179309,TRUE
2013,Switzerland,1.0228014527053182,1.609392557162162,0.8052625511795479,0.5,0.5,1,1,1.4401291946438096e-12,0.2823538869179309,TRUE
2014,Switzerland,1.0367612648601265,1.609392557162162,0.8052625511795479,0.5,0.5,1,1,1.4401291946438096e-12,0.2823538869179309,TRUE
2015,Switzerland,1.0509116089650863,1.609392557162162,0.8052625511795479,0.5,0.5,1,1,1.4401291946438096e-12,0.2823538869179309,TRUE
2016,Switzerland,1.0652550855153557,1.609392557162162,0.8052625511795479,0.5,0.5,1,1,1.4401291946438096e-12,0.2823538869179309,TRUE
2017,Switzerland,1.0797943304992335,1.609392557162162,0.8052625511795479,0.5,0.5,1,1,1.4401291946438096e-12,0.2823538869179309,TRUE
2018,Switzerland,1.0945320158825798,1.609392557162162,0.8052625511795479,0.5,0.5,1,1,1.4401291946438096e-12,0.2823538869179309,TRUE
2019,Switzerland,1.1094708500998467,1.609392557162162,0.8052625511795479,0.5,0.5,1,1,1.4401291946438096e-12,0.2823538869179309,TRUE
2020,Switzerland,1.1246135785518525,1.609392557162162,0.8052625511795479,0.5,0.5,1,1,1.4401291946438096e-12,0.2823538869179309,TRUE
2021,Switzerland,1.1399629841102878,1.609392557162162,0.8052625511795479,0.5,0.5,1,1,1.4401291946438096e-12,0.2823538869179309,TRUE
2022,Switzerland,1.15552188762917,1.609392557162162,0.8052625511795479,0.5,0.5,1,1,1.4401291946438096e-12,0.2823538869179309,TRUE
2000,Tropical Pacific Islands,0.8316446676101423,0.2500129836019527,0.06300093346257121,NA,0.5,-1,1,7.94347132746236e-14,1.2898516404919063,TRUE
2001,Tropical Pacific Islands,0.8442047102318876,0.2500129836019527,0.06300093346257121,NA,0.5,-1,1,7.94347132746236e-14,1.2898516404919063,TRUE
2002,Tropical Pacific Islands,0.8569544428460139,0.2500129836019527,0.06300093346257121,NA,0.5,-1,1,7.94347132746236e-14,1.2898516404919063,TRUE
2003,Tropical Pacific Islands,0.8698967302750582,0.2500129836019527,0.06300093346257121,NA,0.5,-1,1,7.94347132746236e-14,1.2898516404919063,TRUE
2004,Tropical Pacific Islands,0.8830344806079847,0.2500129836019527,0.06300093346257121,NA,0.5,-1,1,7.94347132746236e-14,1.2898516404919063,TRUE
2005,Tropical Pacific Islands,0.8963706458536312,0.2500129836019527,0.06300093346257121,NA,0.5,-1,1,7.94347132746236e-14,1.2898516404919063,TRUE
2006,Tropical Pacific Islands,0.9099082226039983,0.2500129836019527,0.06300093346257121,NA,0.5,-1,1,7.94347132746236e-14,1.2898516404919063,TRUE
2007,Tropical Pacific Islands,0.9236502527075812,0.2500129836019527,0.06300093346257121,NA,0.5,-1,1,7.94347132746236e-14,1.2898516404919063,TRUE
2008,Tropical Pacific Islands,0.9375998239528743,0.2500129836019527,0.06300093346257121,NA,0.5,-1,1,7.94347132746236e-14,1.2898516404919063,TRUE
2009,Tropical Pacific Islands,0.9517600707621671,0.2500129836019527,0.06300093346257121,NA,0.5,-1,1,7.94347132746236e-14,1.2898516404919063,TRUE
2010,Tropical Pacific Islands,0.9661341748958474,0.2500129836019527,0.06300093346257121,NA,0.5,-1,1,7.94347132746236e-14,1.2898516404919063,TRUE
2011,Tropical Pacific Islands,0.9807253661673436,0.2500129836019527,0.06300093346257121,NA,0.5,-1,1,7.94347132746236e-14,1.2898516404919063,TRUE
2012,Tropical Pacific Islands,0.9955369231688321,0.2500129836019527,0.06300093346257121,NA,0.5,-1,1,7.94347132746236e-14,1.2898516404919063,TRUE
2013,Tropical Pacific Islands,1.010572174007936,0.2500129836019527,0.06300093346257121,NA,0.5,-1,1,7.94347132746236e-14,1.2898516404919063,TRUE
2014,Tropical Pacific Islands,1.0258344970555513,0.2500129836019527,0.06300093346257121,NA,0.5,-1,1,7.94347132746236e-14,1.2898516404919063,TRUE
2015,Tropical Pacific Islands,1.0413273217049335,0.2500129836019527,0.06300093346257121,NA,0.5,-1,1,7.94347132746236e-14,1.2898516404919063,TRUE
2016,Tropical Pacific Islands,1.0570541291422813,0.2500129836019527,0.06300093346257121,NA,0.5,-1,1,7.94347132746236e-14,1.2898516404919063,TRUE
2017,Tropical Pacific Islands,1.0730184531289602,0.2500129836019527,0.06300093346257121,NA,0.5,-1,1,7.94347132746236e-14,1.2898516404919063,TRUE
2018,Tropical Pacific Islands,1.0892238807955028,0.2500129836019527,0.06300093346257121,NA,0.5,-1,1,7.94347132746236e-14,1.2898516404919063,TRUE
2019,Tropical Pacific Islands,1.1056740534476381,0.2500129836019527,0.06300093346257121,NA,0.5,-1,1,7.94347132746236e-14,1.2898516404919063,TRUE
2020,Tropical Pacific Islands,1.1223726673844903,0.2500129836019527,0.06300093346257121,NA,0.5,-1,1,7.94347132746236e-14,1.2898516404919063,TRUE
2021,Tropical Pacific Islands,1.1393234747291037,0.2500129836019527,0.06300093346257121,NA,0.5,-1,1,7.94347132746236e-14,1.2898516404919063,TRUE
2022,Tropical Pacific Islands,1.1565302842715426,0.2500129836019527,0.06300093346257121,NA,0.5,-1,1,7.94347132746236e-14,1.2898516404919063,TRUE
2000,United Kingdom,1.0197694815032246,0.16917128181005928,0.8738824218380925,0.5,1,1,0,24.431803132373943,2.1927630081627885,TRUE
2001,United Kingdom,1.0181512153361498,0.16917128181005928,0.8738824218380925,0.5,1,1,0,24.431803132373943,2.1927630081627885,TRUE
2002,United Kingdom,1.0165355171860977,0.16917128181005928,0.8738824218380925,0.5,1,1,0,24.431803132373943,2.1927630081627885,TRUE
2003,United Kingdom,1.0149223829778966,0.16917128181005928,0.8738824218380925,0.5,1,1,0,24.431803132373943,2.1927630081627885,TRUE
2004,United Kingdom,1.013311808642843,0.16917128181005928,0.8738824218380925,0.5,1,1,0,24.431803132373943,2.1927630081627885,TRUE
2005,United Kingdom,1.011703790118689,0.16917128181005928,0.8738824218380925,0.5,1,1,0,24.431803132373943,2.1927630081627885,TRUE
2006,United Kingdom,1.0100983233496337,0.16917128181005928,0.8738824218380925,0.5,1,1,0,24.431803132373943,2.1927630081627885,TRUE
2007,United Kingdom,1.0084954042863112,0.16917128181005928,0.8738824218380925,0.5,1,1,0,24.431803132373943,2.1927630081627885,TRUE
2008,United Kingdom,1.0068950288857834,0.16917128181005928,0.8738824218380925,0.5,1,1,0,24.431803132373943,2.1927630081627885,TRUE
2009,United Kingdom,1.0052971931115264,0.16917128181005928,0.8738824218380925,0.5,1,1,0,24.431803132373943,2.1927630081627885,TRUE
2010,United Kingdom,1.0037018929334216,0.16917128181005928,0.8738824218380925,0.5,1,1,0,24.431803132373943,2.1927630081627885,TRUE
2011,United Kingdom,1.0021091243277473,0.16917128181005928,0.8738824218380925,0.5,1,1,0,24.431803132373943,2.1927630081627885,TRUE
2012,United Kingdom,1.0005188832771659,0.16917128181005928,0.8738824218380925,0.5,1,1,0,24.431803132373943,2.1927630081627885,TRUE
2013,United Kingdom,0.9989311657707153,0.16917128181005928,0.8738824218380925,0.5,1,1,0,24.431803132373943,2.1927630081627885,TRUE
2014,United Kingdom,0.9973459678037976,0.16917128181005928,0.8738824218380925,0.5,1,1,0,24.431803132373943,2.1927630081627885,TRUE
2015,United Kingdom,0.9957632853781715,0.16917128181005928,0.8738824218380925,0.5,1,1,0,24.431803132373943,2.1927630081627885,TRUE
2016,United Kingdom,0.9941831145019385,0.16917128181005928,0.8738824218380925,0.5,1,1,0,24.431803132373943,2.1927630081627885,TRUE
2017,United Kingdom,0.9926054511895355,0.16917128181005928,0.8738824218380925,0.5,1,1,0,24.431803132373943,2.1927630081627885,TRUE
2018,United Kingdom,0.9910302914617254,0.16917128181005928,0.8738824218380925,0.5,1,1,0,24.431803132373943,2.1927630081627885,TRUE
2019,United Kingdom,0.9894576313455833,0.16917128181005928,0.8738824218380925,0.5,1,1,0,24.431803132373943,2.1927630081627885,TRUE
2020,United Kingdom,0.9878874668744911,0.16917128181005928,0.8738824218380925,0.5,1,1,0,24.431803132373943,2.1927630081627885,TRUE
2021,United Kingdom,0.9863197940881239,0.16917128181005928,0.8738824218380925,0.5,1,1,0,24.431803132373943,2.1927630081627885,TRUE
2022,United Kingdom,0.9847546090324426,0.16917128181005928,0.8738824218380925,0.5,1,1,0,24.431803132373943,2.1927630081627885,TRUE
2000,United States,0.8986872598333079,0.2595353105995186,0.8197156419418914,NA,1,-1,0,9.112373901469568e-9,0.9868127765861592,TRUE
2001,United States,0.9069964213748005,0.2595353105995186,0.8197156419418914,NA,1,-1,0,9.112373901469568e-9,0.9868127765861592,TRUE
2002,United States,0.9153824084913387,0.2595353105995186,0.8197156419418914,NA,1,-1,0,9.112373901469568e-9,0.9868127765861592,TRUE
2003,United States,0.9238459315035664,0.2595353105995186,0.8197156419418914,NA,1,-1,0,9.112373901469568e-9,0.9868127765861592,TRUE
2004,United States,0.9323877072996701,0.2595353105995186,0.8197156419418914,NA,1,-1,0,9.112373901469568e-9,0.9868127765861592,TRUE
2005,United States,0.9410084593961136,0.2595353105995186,0.8197156419418914,NA,1,-1,0,9.112373901469568e-9,0.9868127765861592,TRUE
2006,United States,0.9497089179989023,0.2595353105995186,0.8197156419418914,NA,1,-1,0,9.112373901469568e-9,0.9868127765861592,TRUE
2007,United States,0.9584898200654486,0.2595353105995186,0.8197156419418914,NA,1,-1,0,9.112373901469568e-9,0.9868127765861592,TRUE
2008,United States,0.9673519093669863,0.2595353105995186,0.8197156419418914,NA,1,-1,0,9.112373901469568e-9,0.9868127765861592,TRUE
2009,United States,0.976295936551585,0.2595353105995186,0.8197156419418914,NA,1,-1,0,9.112373901469568e-9,0.9868127765861592,TRUE
2010,United States,0.985322659207712,0.2595353105995186,0.8197156419418914,NA,1,-1,0,9.112373901469568e-9,0.9868127765861592,TRUE
2011,United States,0.9944328419284156,0.2595353105995186,0.8197156419418914,NA,1,-1,0,9.112373901469568e-9,0.9868127765861592,TRUE
2012,United States,1.0036272563760862,0.2595353105995186,0.8197156419418914,NA,1,-1,0,9.112373901469568e-9,0.9868127765861592,TRUE
2013,United States,1.012906681347814,0.2595353105995186,0.8197156419418914,NA,1,-1,0,9.112373901469568e-9,0.9868127765861592,TRUE
2014,United States,1.0222719028413705,0.2595353105995186,0.8197156419418914,NA,1,-1,0,9.112373901469568e-9,0.9868127765861592,TRUE
2015,United States,1.0317237141217634,0.2595353105995186,0.8197156419418914,NA,1,-1,0,9.112373901469568e-9,0.9868127765861592,TRUE
2016,United States,1.041262915788444,0.2595353105995186,0.8197156419418914,NA,1,-1,0,9.112373901469568e-9,0.9868127765861592,TRUE
2017,United States,1.0508903158431155,0.2595353105995186,0.8197156419418914,NA,1,-1,0,9.112373901469568e-9,0.9868127765861592,TRUE
2018,United States,1.060606729758171,0.2595353105995186,0.8197156419418914,NA,1,-1,0,9.112373901469568e-9,0.9868127765861592,TRUE
2019,United States,1.0704129805457805,0.2595353105995186,0.8197156419418914,NA,1,-1,0,9.112373901469568e-9,0.9868127765861592,TRUE
2020,United States,1.080309898827581,0.2595353105995186,0.8197156419418914,NA,1,-1,0,9.112373901469568e-9,0.9868127765861592,TRUE
2021,United States,1.090298322905048,0.2595353105995186,0.8197156419418914,NA,1,-1,0,9.112373901469568e-9,0.9868127765861592,TRUE
2022,United States,1.1003790988304945,0.2595353105995186,0.8197156419418914,NA,1,-1,0,9.112373901469568e-9,0.9868127765861592,TRUE
2000,Western Africa,0.7572846751325989,7.266265182273493,1.8271778273633307e-4,1,0.5,0,1,2.8948153128058077e-22,0.5781772887151022,TRUE
2001,Western Africa,0.7761899002566347,7.266265182273493,1.8271778273633307e-4,1,0.5,0,1,2.8948153128058077e-22,0.5781772887151022,TRUE
2002,Western Africa,0.7955670846698667,7.266265182273493,1.8271778273633307e-4,1,0.5,0,1,2.8948153128058077e-22,0.5781772887151022,TRUE
2003,Western Africa,0.8154280105948861,7.266265182273493,1.8271778273633307e-4,1,0.5,0,1,2.8948153128058077e-22,0.5781772887151022,TRUE
2004,Western Africa,0.8357847543914533,7.266265182273493,1.8271778273633307e-4,1,0.5,0,1,2.8948153128058077e-22,0.5781772887151022,TRUE
2005,Western Africa,0.8566496938994993,7.266265182273493,1.8271778273633307e-4,1,0.5,0,1,2.8948153128058077e-22,0.5781772887151022,TRUE
2006,Western Africa,0.8780355159653894,7.266265182273493,1.8271778273633307e-4,1,0.5,0,1,2.8948153128058077e-22,0.5781772887151022,TRUE
2007,Western Africa,0.8999552241561277,7.266265182273493,1.8271778273633307e-4,1,0.5,0,1,2.8948153128058077e-22,0.5781772887151022,TRUE
2008,Western Africa,0.9224221466661461,7.266265182273493,1.8271778273633307e-4,1,0.5,0,1,2.8948153128058077e-22,0.5781772887151022,TRUE
2009,Western Africa,0.9454499444214242,7.266265182273493,1.8271778273633307e-4,1,0.5,0,1,2.8948153128058077e-22,0.5781772887151022,TRUE
2010,Western Africa,0.969052619385987,7.266265182273493,1.8271778273633307e-4,1,0.5,0,1,2.8948153128058077e-22,0.5781772887151022,TRUE
2011,Western Africa,0.9932445230757333,7.266265182273493,1.8271778273633307e-4,1,0.5,0,1,2.8948153128058077e-22,0.5781772887151022,TRUE
2012,Western Africa,1.0180403652848469,7.266265182273493,1.8271778273633307e-4,1,0.5,0,1,2.8948153128058077e-22,0.5781772887151022,TRUE
2013,Western Africa,1.043455223029989,7.266265182273493,1.8271778273633307e-4,1,0.5,0,1,2.8948153128058077e-22,0.5781772887151022,TRUE
2014,Western Africa,1.0695045497178408,7.266265182273493,1.8271778273633307e-4,1,0.5,0,1,2.8948153128058077e-22,0.5781772887151022,TRUE
2015,Western Africa,1.0962041845415111,7.266265182273493,1.8271778273633307e-4,1,0.5,0,1,2.8948153128058077e-22,0.5781772887151022,TRUE
2016,Western Africa,1.1235703621114517,7.266265182273493,1.8271778273633307e-4,1,0.5,0,1,2.8948153128058077e-22,0.5781772887151022,TRUE
2017,Western Africa,1.1516197223268714,7.266265182273493,1.8271778273633307e-4,1,0.5,0,1,2.8948153128058077e-22,0.5781772887151022,TRUE
2018,Western Africa,1.1803693204935888,7.266265182273493,1.8271778273633307e-4,1,0.5,0,1,2.8948153128058077e-22,0.5781772887151022,TRUE
2019,Western Africa,1.2098366376943965,7.266265182273493,1.8271778273633307e-4,1,0.5,0,1,2.8948153128058077e-22,0.5781772887151022,TRUE
2020,Western Africa,1.2400395914183897,7.266265182273493,1.8271778273633307e-4,1,0.5,0,1,2.8948153128058077e-22,0.5781772887151022,TRUE
2021,Western Africa,1.2709965464556534,7.266265182273493,1.8271778273633307e-4,1,0.5,0,1,2.8948153128058077e-22,0.5781772887151022,TRUE
2022,Western Africa,1.3027263260638513,7.266265182273493,1.8271778273633307e-4,1,0.5,0,1,2.8948153128058077e-22,0.5781772887151022,TRUE
