r,method,invalid_reason,rss,R2,adjR2,iter,conv,message,gamma,p_gamma,lambda,p_lambda,delta_KL,p_delta_KL,delta_VAE,p_delta_VAE,nu,p_nu,rho_KL,rho_VAE,sigma_KL,sigma_VAE,AIC_naive,BIC_naive,AICc_naive,AIC_plusRho,BIC_plusRho,AICc_plusRho,runtime,on_edge_KL,on_edge_VAE,valid
Argentina,LM,NA|NA|NA|NA|bad_sigma_KL|NA|rho_KL_on_edge|NA,0.00637671160084869,0.9914217201241756,0.987418522848791,814,TRUE,Relative error in the sum of squares is at most `ftol'.,0.00161106628228467,0.7408292858063339,0.00316774095109814,0.03433394094770743,0.44709591612536487,1.831719069419744e-5,0.00234104901757188,0.8547294450670285,1.0662113501468533,1.6588567370590824e-10,-0.99,46,99.99999999999991,0.02127659574468085,-174.3837299303892,-166.43527041888515,-166.91706326372253,-170.3837299303892,-160.16428198702684,-156.53757608423535,9074.02242898941,TRUE,FALSE,FALSE
Argentina,NM,NA|NA|NA|NA|bad_sigma_KL|NA|rho_KL_on_edge|NA,0.00900615188731762,0.9878844620347405,0.9822305443176192,139,TRUE,NA,0.01764880095061891,0.8773356569298543,0.002007342838594,0.5311246318860441,0.5149803481685231,0.0679421551133305,0.537917526486813,0.05115590677764065,1.0305066936223155,0.00432563026659936,-0.99,3.25,99.99999999999991,0.2352941176470588,-166.44285698512502,-158.49439747362098,-158.97619031845835,-162.44285698512502,-152.22340904176266,-148.59670313897118,1124.4487490653992,TRUE,FALSE,FALSE
Argentina,Nelder-Mead,NA|NA|NA|NA|bad_sigma_KL|NA|rho_KL_on_edge|NA,0.00900615188731762,0.9878844620347405,0.9822305443176192,139,TRUE,NA,0.01764880095061891,0.8773356569298543,0.002007342838594,0.5311246318860441,0.5149803481685231,0.0679421551133305,0.537917526486813,0.05115590677764065,1.0305066936223155,0.00432563026659936,-0.99,3.25,99.99999999999991,0.2352941176470588,-166.44285698512502,-158.49439747362098,-158.97619031845835,-162.44285698512502,-152.22340904176266,-148.59670313897118,1175.8901109695437,TRUE,FALSE,FALSE
Argentina,PORT,NA|NA|NA|NA|bad_sigma_KL|NA|rho_KL_on_edge|NA,0.00644384493298182,0.9913314089186386,0.9872860664140032,1623,TRUE,relative convergence (4),0.00231154003082833,0.7527590925273828,0.0029903189672959,0.05706100098100072,0.4447728978002907,6.663736666997285e-5,0.00728831232174879,0.7954177711400658,1.0782067234468735,5.158698905300555e-10,-0.99,38,99.99999999999991,0.02564102564102564,-174.14285415439107,-166.19439464288703,-166.6761874877244,-170.14285415439107,-159.92340621102872,-156.29670030823723,9173.56035399437,TRUE,FALSE,FALSE
Australia and New Zealand,LM,NA|NA|NA|NA|NA|bad_sigma_VAE|NA|rho_VAE_on_edge,5.877656366143928e-4,0.9991998010530342,0.9988263748777836,917,TRUE,Relative error in the sum of squares is at most `ftol'.,2.8828242212087716e-18,0.8588365784248997,0.01997067077610426,6.799306089942034e-13,1.955739748905042e-6,0.9873252391413874,0.38647057293651776,0.16565488713829415,0.5192463694513695,0.00547909366255016,90,-0.99,0.01098901098901099,99.99999999999991,-229.21755910058667,-221.26909958908263,-221.75089243392,-225.21755910058667,-214.99811115722432,-211.37140525443283,3202.0634100437164,FALSE,TRUE,FALSE
Australia and New Zealand,Newton,NA|NA|NA|NA|bad_sigma_KL|NA|rho_KL_on_edge|rho_VAE_on_edge,0.03766240584645337,0.9487254517427612,0.9247973292227166,2,TRUE,NA,0.9230695660862508,0.984152342180362,1.2182455837218918e-5,0.9996096002043052,0.5591343560128208,0.49297172717587545,0.4417667354139055,0.9833199554145166,0.9692397192199012,0.48362348003396993,-0.99,100,99.99999999999991,0.0099009900990099,-133.5355030788829,-125.58704356737886,-126.06883641221624,-129.5355030788829,-119.31605513552054,-115.68934923272906,56.38892912864685,TRUE,TRUE,FALSE
Brazil,LM,no_convergence|NA|NA|NA|NA|NA|NA|NA,0.00245925216543135,0.9956675155491552,0.9936456894720944,1024,FALSE,Number of iterations has reached `maxiter' == 1024.,0.03855289426686569,0.8183326065086104,0.00162049909181961,0.4520765388921224,0.29037157896835386,7.807678438155418e-25,0.9999632236628878,0,1.286237194475239,4.907412678874177e-40,-0.25,22,1.3333333333333333,0.04347826086956521,-196.29802034644436,-188.34956083494032,-188.8313536797777,-192.29802034644436,-182.078572403082,-178.45186650029052,2705.95276594162,FALSE,FALSE,FALSE
Brazil,Newton,NA|NA|NA|NA|bad_sigma_KL|bad_sigma_VAE|rho_KL_on_edge|rho_VAE_on_edge,0.05830545990066249,0.8972827992306933,0.8493481055383502,2,TRUE,NA,1.0970722883671291,0.9770721040227784,-2.063994152636332e-6,0.9999043247578662,0.5915557429803655,0.32052645662362134,0.4652020517519182,0.29882919501553207,0.9475612367085796,0.21173735653097156,-0.99,-0.99,99.99999999999991,99.99999999999991,-123.48373634493262,-115.53527683342858,-116.01706967826595,-119.48373634493262,-109.26428840157028,-105.63758249877878,96.50787305831908,TRUE,TRUE,FALSE
Canada,NM,NA|NA|NA|NA|NA|NA|rho_KL_on_edge|NA,0.02376745713403801,0.928535359342714,0.8951851937026474,145,TRUE,NA,0.01759281458487928,0.9250283821674364,0.00196326634017259,0.7087126355744603,0.5093394551025767,0.7402092986643951,0.5367456187611082,0.1929274616299436,1.033738666489575,0.02530864545499986,100,0.5,0.0099009900990099,0.6666666666666666,-144.12344053595743,-136.1749810244534,-136.65677386929076,-140.12344053595743,-129.90399259259507,-126.2772866898036,113.2971031665802,TRUE,FALSE,FALSE
Canada,Nelder-Mead,NA|NA|NA|NA|NA|NA|rho_KL_on_edge|NA,0.02376745713403801,0.928535359342714,0.8951851937026474,145,TRUE,NA,0.01759281458487928,0.9250283821674364,0.00196326634017259,0.7087126355744603,0.5093394551025767,0.7402092986643951,0.5367456187611082,0.1929274616299436,1.033738666489575,0.02530864545499986,100,0.5,0.0099009900990099,0.6666666666666666,-144.12344053595743,-136.1749810244534,-136.65677386929076,-140.12344053595743,-129.90399259259507,-126.2772866898036,113.3473949432373,TRUE,FALSE,FALSE
Canada,Newton,NA|NA|NA|NA|bad_sigma_KL|NA|rho_KL_on_edge|rho_VAE_on_edge,0.03971610390239059,0.880580531704127,0.8248514464993862,3,TRUE,NA,1.024020199093968,0.9526249344017552,-4.640448527098547e-5,0.9955515223313152,0.5596969633848858,0.3185846225948002,0.41295430952477047,0.8017506198146639,1.0197020782424893,0.20805368860015608,-0.99,100,99.99999999999991,0.0099009900990099,-132.31433324100797,-124.36587372950392,-124.8476665743413,-128.31433324100797,-118.09488529764562,-114.46817939485412,88.0152690410614,TRUE,TRUE,FALSE
Caribbean Extended,LM,NA|NA|NA|NA|NA|bad_sigma_VAE|NA|rho_VAE_on_edge,0.0032375072007381,0.9967957291616404,0.995300402770406,625,TRUE,Relative error in the sum of squares is at most `ftol'.,4.53227955090891e-10,0.9207273026398988,0.01063360373475253,0.03240894386349537,0.02949865662089991,0.5541009976134621,0.728099400673033,1.740084326150405e-4,1.6420582069974794,1.1743964710203102e-5,2.25,-0.99,0.3076923076923077,99.99999999999991,-189.9742544056036,-182.02579489409956,-182.50758773893693,-185.9742544056036,-175.75480646224125,-172.12810055944976,15906.499523878098,FALSE,TRUE,FALSE
Caribbean Extended,PORT,no_convergence|NA|NA|NA|NA|NA|NA|NA,0.00331537641087275,0.996718659359546,0.9951873670606672,1231,FALSE,false convergence (8),2.91931330052569e-11,0.9231610146510916,0.01199026131175121,0.01938653477387403,0.04688340405541894,0.48497073482561104,0.6788564719237998,0.00299965216384701,1.5353158314419133,6.454819056371892e-5,1.5,0,0.4,1,-189.42760158873347,-181.47914207722943,-181.9609349220668,-185.42760158873347,-175.2081536453711,-171.58144774257963,1408.4049088954926,FALSE,FALSE,FALSE
Caribbean Extended,Newton,NA|NA|NA|NA|bad_sigma_KL|NA|rho_KL_on_edge|rho_VAE_on_edge,0.03900912600347316,0.9613913430511216,0.9433739698083116,3,TRUE,NA,1.0655063301910228,0.96068256565691,-6.568126703487088e-5,0.9947789438261976,0.5370898942727181,0.3623238008582509,0.5190699356792903,0.9852021159109284,0.9838087746679874,0.2278292798057833,-0.99,100,99.99999999999991,0.0099009900990099,-132.7274391495257,-124.77897963802168,-125.26077248285904,-128.7274391495257,-118.50799120616335,-114.88128530337188,117.17585015296936,TRUE,TRUE,FALSE
Central America,LM,no_convergence|NA|NA|NA|NA|NA|NA|NA,8.764940941921129e-4,0.9994014956709478,0.9991221936507236,1024,FALSE,Number of iterations has reached `maxiter' == 1024.,3.4964089297293553e-12,0.889619185945755,0.01304454018372503,2.515489738652914e-4,0.2273911197989143,0.00409589775386627,0.9653598649781796,2.118226231460755e-42,0.8412260996486158,2.1617282222788606e-7,4,20,0.2,0.04761904761904761,-220.02672057247247,-212.07826106096843,-212.5600539058058,-216.02672057247247,-205.80727262911012,-202.18056672631863,7909.5422270298,FALSE,FALSE,FALSE
Central America,PORT,no_convergence|NA|NA|NA|NA|NA|NA|NA,8.805588233213624e-4,0.9993987201154748,0.9991181228360296,864,FALSE,false convergence (8),1.2888217738034477e-12,0.8923930191736161,0.01353801610677122,2.1295649347899677e-4,0.23168225458705435,0.00461780971176202,0.9795300913440624,3.48060189510319e-65,0.8205981012116134,8.233930301199234e-7,4,26,0.2,0.03703703703703703,-219.92030495366356,-211.97184544215952,-212.4536382869969,-215.92030495366356,-205.7008570103012,-202.07415110750972,6726.553560018539,FALSE,FALSE,FALSE
Central America,Newton,NA|NA|NA|NA|NA|NA|rho_KL_on_edge|NA,0.03041091437891201,0.9792342423904296,0.9695435555059636,2,TRUE,NA,1.0246748967478394,0.9577073999789631,-3.030578766649528e-5,0.997407516457433,0.452176871629758,0.8042304022989478,0.5499341455494089,0.02741892225719211,0.976493024054448,0.00836318282424891,100,8,0.0099009900990099,0.1111111111111111,-138.4543022821595,-130.50584277065545,-130.98763561549282,-134.4543022821595,-124.23485433879712,-120.60814843600564,129.61106204986572,TRUE,FALSE,FALSE
Central Asia Extended,LM,no_convergence|NA|bad_delta_VAE|NA|NA|NA|NA|NA,0.00350992634275269,0.9990470081174684,0.9986022785722868,1024,FALSE,Number of iterations has reached `maxiter' == 1024.,3.641710137110984e-26,0.8591952972411357,0.02896339770706073,2.963822508961573e-25,0.00319394282491207,0.7242983386253126,1.034781486833542,3.675527990171726e-12,0.3995167104416952,3.98289980749457e-6,12,-0.25,0.07692307692307693,1.3333333333333333,-188.1160521803622,-180.16759266885816,-180.6493855136955,-184.1160521803622,-173.89660423699985,-170.26989833420836,3574.426594018936,FALSE,FALSE,FALSE
Central Asia Extended,PORT,no_convergence|NA|NA|NA|NA|NA|NA|NA,0.00397895310020294,0.9989196610882456,0.9984155029294268,2471,FALSE,false convergence (8),4.205630670488316e-23,0.8429146684950986,0.02547372905828169,2.0163570054958535e-24,2.681037453067277e-10,0.9921165457186116,0.8613591538719998,9.017151035526101e-13,0.4400383425336044,2.062764244655745e-46,58,3.5,0.01694915254237288,0.2222222222222222,-185.23130725841992,-177.28284774691588,-177.76464059175325,-181.23130725841992,-171.01185931505756,-167.38515341226608,1082.232766866684,FALSE,FALSE,FALSE
Central Asia Extended,Newton,NA|NA|NA|NA|NA|NA|NA|rho_VAE_on_edge,0.02576474384844856,0.9930045279172944,0.9897399742786984,3,TRUE,NA,0.9136350604477816,0.97273550166148,3.73293456885903e-5,0.9979411129462284,0.43037638553916,0.07232752330043431,0.4705927904897249,0.825907842438057,1.046261132516496,0.10597562126117092,0.5,100,0.6666666666666666,0.0099009900990099,-142.26757646551107,-134.31911695400703,-134.8009097988444,-138.26757646551107,-128.04812852214872,-124.42142261935724,84.16221213340759,FALSE,TRUE,FALSE
Chile,LM,NA|NA|bad_delta_VAE|NA|NA|NA|NA|NA,0.00395577390800641,0.9968969171687736,0.9954488118475344,358,TRUE,Relative error in the sum of squares is at most `ftol'.,1.551936968439131e-13,0.7770902015585502,0.01458768179708778,7.152633724764883e-17,0.3423201991790583,0.00101483685251819,1.033374426330041,7.301052832095475e-9,0.6077016577466082,1.0000159635241784e-11,0.5,42,0.6666666666666666,0.02325581395348837,-185.36568439236777,-177.4172248808637,-177.89901772570107,-181.36568439236777,-171.14623644900539,-167.5195305462139,3765.456265926361,FALSE,FALSE,FALSE
Chile,PORT,NA|NA|bad_delta_VAE|NA|NA|NA|NA|NA,0.00415478185499987,0.9967408065927006,0.9952198496692942,407,TRUE,relative convergence (4),4.291071325010726e-13,0.7778903541803713,0.01408553004892179,1.0112037222281357e-15,0.3593166789954144,0.00146019309240511,1,5.977920603588014e-156,0.6281928086283702,4.49525429520284e-12,0.25,48,0.8,0.02040816326530612,-184.23676010510624,-176.2883005936022,-176.77009343843957,-180.23676010510624,-170.0173121617439,-166.3906062589524,8897.450099945068,FALSE,FALSE,FALSE
China,LM,no_convergence|bad_delta_KL|NA|NA|NA|bad_sigma_VAE|NA|rho_VAE_on_edge,0.013245237831612,0.9980941942241084,0.997204818195359,1024,FALSE,Number of iterations has reached `maxiter' == 1024.,3.4166652459218543e-31,0.9467938021266764,0.03472295871590054,2.7849729334978843e-6,-0.06467249258820909,0.7645364336843522,0.32853537897223273,0.3631468118298773,1.6927876983474734,0.09872819388142402,16,-0.99,0.0588235294117647,99.99999999999991,-157.57106256838802,-149.62260305688395,-150.10439590172135,-153.57106256838802,-143.35161462502566,-139.72490872223418,2005.6278619766235,FALSE,TRUE,FALSE
China,NM,NA|NA|bad_delta_VAE|NA|NA|NA|rho_KL_on_edge|NA,0.04405527406469216,0.9936610578957976,0.9907028849138366,633,TRUE,NA,0.02597483131765896,0.9743859834299404,0.00184950076104408,0.9043869765125068,0.5910505391358023,0.7089608557197564,-2.9661289601953857,0.2541337613836887,0.5989907387968143,0.15021056903740893,100,0.25,0.0099009900990099,0.8,-129.9295016748384,-121.98104216333437,-122.46283500817174,-125.9295016748384,-115.71005373147604,-112.08334782868457,2298.22621011734,TRUE,FALSE,FALSE
China,Nelder-Mead,NA|NA|bad_delta_VAE|NA|NA|NA|rho_KL_on_edge|NA,0.04405527406469216,0.9936610578957976,0.9907028849138366,633,TRUE,NA,0.02597483131765896,0.9743859834299404,0.00184950076104408,0.9043869765125068,0.5910505391358023,0.7089608557197564,-2.9661289601953857,0.2541337613836887,0.5989907387968143,0.15021056903740893,100,0.25,0.0099009900990099,0.8,-129.9295016748384,-121.98104216333437,-122.46283500817174,-125.9295016748384,-115.71005373147604,-112.08334782868457,2646.778589963913,TRUE,FALSE,FALSE
China,PORT,no_convergence|NA|bad_delta_VAE|NA|NA|NA|NA|NA,0.03744171973709773,0.9946126565153875,0.9920985628892351,1577,FALSE,false convergence (8),9.510944255318059e-29,NA,0.03192099899554857,NA,0.15715952964259264,NA,0,NA,0.9911725095059282,NA,0.75,3,0.5714285714285714,0.25,-133.6706699577797,-125.72221044627562,-126.204003291113,-129.6706699577797,-119.45122201441733,-115.82451611162584,2108.0831949710846,FALSE,FALSE,FALSE
China,Newton,NA|NA|NA|NA|bad_sigma_KL|NA|rho_KL_on_edge|rho_VAE_on_edge,1.1292404541317578,0.8375179813896282,0.7616930393714547,2,TRUE,NA,1.0153745837993835,0.9897602094720596,-1.7117396451717164e-4,0.996455767667794,0.4871111062169564,0.9999999993661476,0.4225043281462416,0.9999999904258156,1.0009454182135165,0.12352422119967116,-0.99,100,99.99999999999991,0.0099009900990099,-55.32082639495967,-47.37236688345562,-47.854159728293,-51.32082639495967,-41.10137845159732,-37.47467254880582,556.760605096817,TRUE,TRUE,FALSE
China,L-BFGS-B,NA|NA|NA|NA|NA|bad_sigma_VAE|NA|rho_VAE_on_edge,0.1375898887652052,0.9802027258365128,0.9709639978935524,68,TRUE,CONVERGENCE: REL_REDUCTION_OF_F <= FACTR*EPSMCH,0.7796352966718298,0.9863090721356872,1.0299156129691824e-4,0.9971473151743124,1e-6,0.9999961485165336,0.36183209914417264,0.4969052473624786,2.8955501444548037,0.32026814446132873,0,-0.99,1,99.99999999999991,-103.73635726323006,-95.787897751726,-96.2696905965634,-99.73635726323006,-89.51690931986772,-85.89020341707621,694.1595768928528,FALSE,TRUE,FALSE
China,L-BFGS-B,NA|NA|NA|NA|NA|bad_sigma_VAE|NA|rho_VAE_on_edge,0.1375898887652052,0.9802027258365128,0.9709639978935524,68,TRUE,CONVERGENCE: REL_REDUCTION_OF_F <= FACTR*EPSMCH,0.7796352966718298,0.9863090721356872,1.0299156129691824e-4,0.9971473151743124,1e-6,0.9999961485165336,0.36183209914417264,0.4969052473624786,2.8955501444548037,0.32026814446132873,0,-0.99,1,99.99999999999991,-103.73635726323006,-95.787897751726,-96.2696905965634,-99.73635726323006,-89.51690931986772,-85.89020341707621,694.1595768928528,FALSE,TRUE,FALSE
Eastern Africa,LM,NA|NA|NA|NA|bad_sigma_KL|NA|rho_KL_on_edge|NA,0.00155215166425579,0.9915857435170644,0.9876590904916944,119,TRUE,Relative error in the sum of squares is at most `ftol'.,1.1557149661057388e-5,0.7349511613684656,0.00561415115085539,1.1994044840069912e-4,0.25317343343037946,0.02065913096313782,0.845444952760669,8.060463466818225e-8,1.4425009443080032,6.230657276825587e-10,-0.99,6,99.99999999999991,0.14285714285714285,-206.88296919053977,-198.9345096790357,-199.41630252387307,-202.88296919053977,-192.6635212471774,-189.0368153443859,6393.040737867355,TRUE,FALSE,FALSE
Eastern Africa,NM,NA|NA|NA|NA|NA|NA|NA|rho_VAE_on_edge,0.01499341347147171,0.9187202968569728,0.8807897687235601,147,TRUE,NA,0.01757551856764148,0.8859913877632557,0.00198212204154562,0.5655348858314933,0.5363574368684627,0.2514437429934273,0.5159016178785563,0.9436648220910048,1.0336324195131346,0.14383805857142842,0.5,100,0.6666666666666666,0.0099009900990099,-154.71968531932197,-146.77122580781793,-147.2530186526553,-150.71968531932197,-140.5002373759596,-136.87353147316813,148.79596495628357,FALSE,TRUE,FALSE
Eastern Africa,Nelder-Mead,NA|NA|NA|NA|NA|NA|NA|rho_VAE_on_edge,0.01499341347147171,0.9187202968569728,0.8807897687235601,147,TRUE,NA,0.01757551856764148,0.8859913877632557,0.00198212204154562,0.5655348858314933,0.5363574368684627,0.2514437429934273,0.5159016178785563,0.9436648220910048,1.0336324195131346,0.14383805857142842,0.5,100,0.6666666666666666,0.0099009900990099,-154.71968531932197,-146.77122580781793,-147.2530186526553,-150.71968531932197,-140.5002373759596,-136.87353147316813,149.4161970615387,FALSE,TRUE,FALSE
Eastern Africa,Newton,NA|NA|NA|NA|NA|NA|NA|rho_VAE_on_edge,0.03119949131262683,0.8308667071091684,0.7519378370934471,2,TRUE,NA,1.0470491708525396,0.9223513562493172,-4.561641462382845e-5,0.9928266950359272,0.5671108029238071,0.4383545426493099,0.5139156905654322,0.9668078138687016,0.9902858146700968,0.34290763533036817,5,100,0.16666666666666666,0.0099009900990099,-137.86549719915843,-129.9170376876544,-130.3988305324918,-133.86549719915843,-123.6460492557961,-120.0193433530046,105.2571930885315,FALSE,TRUE,FALSE
EU27,LM,no_convergence|bad_delta_KL|NA|NA|NA|NA|NA|NA,0.00435715034709652,0.9986381937651676,0.9980026841889124,1024,FALSE,Number of iterations has reached `maxiter' == 1024.,2.3842700740798063e-26,0.9221615465551328,0.02917887112465111,8.101386905625419e-9,18.525437635823906,0.9841043483903316,0.1882394838681906,0.983045897065816,0.2134614915586747,0.00877261595062884,3,2.5,0.25,0.2857142857142857,-183.1429185510259,-175.19445903952186,-175.67625188435923,-179.1429185510259,-168.92347060766355,-165.29676470487206,17785.408899068832,FALSE,FALSE,FALSE
EU27,NM,NA|NA|NA|NA|bad_sigma_KL|NA|rho_KL_on_edge|NA,0.00743178583755701,0.9976772313362404,0.996593272626486,397,TRUE,NA,0.0135251203880535,0.9811958872857168,0.00212516046204717,0.9193289171981393,0.271880195747845,0.07620119604374159,0.6212662300189375,0.750570651200908,1.3020121493608412,0.11085338561480532,-0.99,64,99.99999999999991,0.01538461538461538,-170.8621161317196,-162.91365662021556,-163.39544946505293,-166.8621161317196,-156.64266818835725,-153.01596228556576,187.44599604606628,TRUE,FALSE,FALSE
EU27,Nelder-Mead,NA|NA|NA|NA|bad_sigma_KL|NA|rho_KL_on_edge|NA,0.00743178583755701,0.9976772313362404,0.996593272626486,397,TRUE,NA,0.0135251203880535,0.9811958872857168,0.00212516046204717,0.9193289171981393,0.271880195747845,0.07620119604374159,0.6212662300189375,0.750570651200908,1.3020121493608412,0.11085338561480532,-0.99,64,99.99999999999991,0.01538461538461538,-170.8621161317196,-162.91365662021556,-163.39544946505293,-166.8621161317196,-156.64266818835725,-153.01596228556576,167.1584861278534,TRUE,FALSE,FALSE
EU27,PORT,no_convergence|NA|NA|NA|bad_sigma_KL|NA|rho_KL_on_edge|NA,0.0052583393947592,0.9983565314937044,0.9975895795240998,1322,FALSE,false convergence (8),4.163244319201304e-17,0.9769951793285576,0.01865496457119067,0.2767263283364184,0.38867764772815655,0.18279640940401184,0.5260281342093117,0.877659803859484,0.7746327300645783,0.2517872574480478,-0.99,90,99.99999999999991,0.01098901098901099,-178.81898711577963,-170.8705276042756,-171.35232044911297,-174.81898711577963,-164.59953917241728,-160.9728332696258,1278.0072939395905,TRUE,FALSE,FALSE
EU27,Newton,NA|NA|NA|NA|NA|NA|NA|rho_VAE_on_edge,0.01978610018902116,0.9938159502303192,0.9909300603378014,3,TRUE,NA,1.0227407125137506,0.9876376790535432,-2.8981890226733305e-5,0.9992755242478312,0.548380292464946,0.4410920182367451,0.5323621063545658,0.9435841758915872,0.9017081079037758,0.4783851856620284,-0.75,100,4,0.0099009900990099,-148.3402057309966,-140.39174621949255,-140.87353906432992,-144.3402057309966,-134.12075778763423,-130.49405188484275,100.29720687866212,FALSE,TRUE,FALSE
EU27,Newton,NA|NA|NA|NA|NA|NA|NA|rho_VAE_on_edge,0.01978610018902116,0.9938159502303192,0.9909300603378014,3,TRUE,NA,1.0227407125137506,0.9876376790535432,-2.8981890226733305e-5,0.9992755242478312,0.548380292464946,0.4410920182367451,0.5323621063545658,0.9435841758915872,0.9017081079037758,0.4783851856620284,-0.75,100,4,0.0099009900990099,-148.3402057309966,-140.39174621949255,-140.87353906432992,-144.3402057309966,-134.12075778763423,-130.49405188484275,100.29720687866212,FALSE,TRUE,FALSE
India,LM,no_convergence|NA|NA|NA|NA|bad_sigma_VAE|NA|rho_VAE_on_edge,0.00759350950269992,0.9980739063628624,0.9971750626655316,1024,FALSE,Number of iterations has reached `maxiter' == 1024.,1.9727844848773424e-15,0.9530077115882524,0.01676186698853787,0.04570913514524565,0.3453507867949472,0.07093666485469505,0.6899351396447131,7.043234589782077e-12,1.2982805918499067,0.00167182172408569,-0.5,-0.99,2,99.99999999999991,-170.3669793818616,-162.41851987035756,-162.90031271519493,-166.3669793818616,-156.14753143849924,-152.52082553570776,3879.875237941742,FALSE,TRUE,FALSE
India,PORT,no_convergence|NA|NA|NA|NA|bad_sigma_VAE|NA|rho_VAE_on_edge,0.00875680012088783,0.9977788377049466,0.9967422953005884,303,FALSE,false convergence (8),5.821889976242315e-15,0.9584488544469733,0.01622380367268323,0.08729929627939083,0.14966299775051567,0.2273300617663575,0.6776445587975393,1.0307391857329025e-7,1.5211809718732685,0.00145125620903777,0.25,-0.99,0.8,99.99999999999991,-167.08863561307115,-159.1401761015671,-159.62196894640448,-163.08863561307115,-152.8691876697088,-149.2424817669173,629.9535858631134,FALSE,TRUE,FALSE
India,Newton,NA|NA|NA|NA|NA|NA|rho_KL_on_edge|NA,0.0406965713222188,0.9896773149425612,0.9848600619157566,2,TRUE,NA,0.993354239451172,0.9628827564529184,-2.1556076312069506e-5,0.9983816075594404,0.4745639721229172,0.9958181256631026,0.5572746684785632,0.03133562051843892,0.9669279306039854,3.26700030317653e-8,100,-0.25,0.0099009900990099,1.3333333333333333,-131.75342992029962,-123.80497040879558,-124.28676325363296,-127.75342992029962,-117.53398197693728,-113.90727607414578,55.72391486167908,TRUE,FALSE,FALSE
India,L-BFGS-B,NA|NA|NA|NA|bad_sigma_KL|NA|rho_KL_on_edge|NA,0.01567834441607074,0.9960231880384284,0.9941673424563616,37,TRUE,CONVERGENCE: REL_REDUCTION_OF_F <= FACTR*EPSMCH,0.961481318177374,0.9563209649540924,2.8304085333980237e-5,0.9974986386271296,0.6868563792559589,5.887665866581926e-6,0.5404614224237827,0.06875152766712059,1.3352186014307603,2.6122229495718238e-8,-0.99,12,99.99999999999991,0.07692307692307693,-153.6922886392873,-145.74382912778327,-146.22562197262064,-149.6922886392873,-139.47284069592496,-135.84613479313347,58.36671805381775,TRUE,FALSE,FALSE
India,L-BFGS-B,NA|NA|NA|NA|bad_sigma_KL|NA|rho_KL_on_edge|NA,0.01567834441607074,0.9960231880384284,0.9941673424563616,37,TRUE,CONVERGENCE: REL_REDUCTION_OF_F <= FACTR*EPSMCH,0.961481318177374,0.9563209649540924,2.8304085333980237e-5,0.9974986386271296,0.6868563792559589,5.887665866581926e-6,0.5404614224237827,0.06875152766712059,1.3352186014307603,2.6122229495718238e-8,-0.99,12,99.99999999999991,0.07692307692307693,-153.6922886392873,-145.74382912778327,-146.22562197262064,-149.6922886392873,-139.47284069592496,-135.84613479313347,58.36671805381775,TRUE,FALSE,FALSE
Japan,NM,NA|NA|bad_delta_VAE|NA|NA|NA|NA|NA,0.01125641834253011,0.7450571703468194,0.6260838498420018,1121,TRUE,NA,2.443061150119334e-4,0.6738237781766306,0.00411206780355308,4.757645304172064e-4,0.3709198536495243,0.7858522811372374,1.0458397713723182,0.9402426423329012,0.26262974629670466,0.7042768860578151,0.75,46,0.5714285714285714,0.02127659574468085,-161.31315322101,-153.36469370950596,-153.84648655434333,-157.31315322101,-147.09370527764764,-143.46699937485616,707.1226720809937,FALSE,FALSE,FALSE
Japan,Nelder-Mead,NA|NA|bad_delta_VAE|NA|NA|NA|NA|NA,0.01125641834253011,0.7450571703468194,0.6260838498420018,1121,TRUE,NA,2.443061150119334e-4,0.6738237781766306,0.00411206780355308,4.757645304172064e-4,0.3709198536495243,0.7858522811372374,1.0458397713723182,0.9402426423329012,0.26262974629670466,0.7042768860578151,0.75,46,0.5714285714285714,0.02127659574468085,-161.31315322101,-153.36469370950596,-153.84648655434333,-157.31315322101,-147.09370527764764,-143.46699937485616,749.8680460453033,FALSE,FALSE,FALSE
Japan,PORT,no_convergence|NA|NA|NA|NA|NA|NA|NA,8.318858850729442e-4,0.9811588966369772,0.9723663817342332,106,FALSE,false convergence (8),1.1872381670186494e-13,0.5114872586057828,0.01471498934351678,5.006744968476871e-85,0.3756624672513883,0.00254670596447777,0.11691350605773032,0.04983475830694448,1.1688932578085287,3.813279017019759e-11,6,10,0.14285714285714285,0.09090909090909093,-221.22811849639817,-213.2796589848941,-213.76145182973147,-217.22811849639817,-207.00867055303576,-203.3819646502443,4905.302925109863,FALSE,FALSE,FALSE
Japan,Newton,NA|NA|NA|NA|NA|NA|rho_KL_on_edge|rho_VAE_on_edge,0.05080839391573337,-0.1507422095418498,-0.6877552406613796,2,TRUE,NA,0.9975317820580756,0.7959322469773216,-1.1994413695560983e-5,0.9949973358805744,0.5045995577945295,0.8147516808647124,0.4543877563940023,0.9555114834084668,0.9784958284607352,0.27554885869387824,100,100,0.0099009900990099,0.0099009900990099,-126.64932214654264,-118.7008626350386,-119.18265547987596,-122.64932214654264,-112.42987420318028,-108.8031683003888,132.19666290283203,TRUE,TRUE,FALSE
Levant,LM,no_convergence|NA|NA|NA|NA|NA|NA|NA,0.00290949180492204,0.9984621951926548,0.9977445529492271,1024,FALSE,Number of iterations has reached `maxiter' == 1024.,4.756895241439222e-20,0.8777155195101161,0.02198731961061848,7.9354752529703855e-12,0.4577321510212003,0.05875714825345221,0.5231546058462454,0.02537901018487304,0.5667675870143739,9.51070728370135e-5,1,8,0.5,0.1111111111111111,-192.4312345286403,-184.48277501713625,-184.9645678619736,-188.4312345286403,-178.2117865852779,-174.58508068248645,16191.185950994492,FALSE,FALSE,FALSE
Levant,PORT,no_convergence|NA|NA|NA|NA|NA|NA|NA,0.00314058629184045,0.998340050764431,0.997565407787832,2142,FALSE,false convergence (8),1.5923345068098812e-20,0.8866781050920278,0.02252922270557436,8.651765162083365e-11,0.3412361068110281,0.02448862203296705,0.5384791139031303,0.3329863766407546,0.5385176963275826,0.00152347490728544,1.75,70,0.3636363636363637,0.01408450704225352,-190.67331989130108,-182.72486037979704,-183.2066532246344,-186.67331989130108,-176.45387194793872,-172.82716604514724,1508.7105600833893,FALSE,FALSE,FALSE
Levant,Newton,NA|NA|NA|NA|NA|NA|rho_KL_on_edge|NA,0.03452517920439116,0.9817518006185318,0.9732359742405132,2,TRUE,NA,1.0751263000155475,0.962358469589476,-8.706702388508885e-5,0.9933722703629654,0.5669285169095781,0.7924318396459662,0.5593910583624588,0.01232748715021371,0.9420411202037708,0.02294521043481494,100,-0.5,0.0099009900990099,2,-135.5358939163916,-127.58743440488756,-128.06922724972495,-131.5358939163916,-121.31644597302926,-117.68974007023778,101.4053349494934,TRUE,FALSE,FALSE
Mexico,LM,no_convergence|bad_delta_KL|NA|NA|NA|NA|NA|NA,0.00432681946289647,0.9835675397953336,0.9758990583664892,1024,FALSE,Number of iterations has reached `maxiter' == 1024.,2.9470157617799175e-24,0.9489968480312768,0.02680006161990692,5.273795230953383e-4,-2.006155513739998,0.19830303215401032,0.7382296076332145,0.00151017459099688,-0.5756777712405092,0.10495388438989192,3.75,2.5,0.21052631578947367,0.2857142857142857,-183.30358543234004,-175.355125920836,-175.83691876567335,-179.30358543234004,-169.0841374889777,-165.4574315861862,1675.7270848751068,FALSE,FALSE,FALSE
Mexico,NM,NA|NA|bad_delta_VAE|NA|NA|NA|NA|NA,0.01021618705034127,0.9612008107600172,0.9430945224480252,637,TRUE,NA,0.00189659980708688,0.9523656377439006,0.00309591330500733,0.7084426504824815,0.4179828742870192,0.5366188754646002,1.023861118481593,0.5674791888105377,0.6693870737498593,0.11509085458408366,5,62,0.16666666666666666,0.01587301587301587,-163.54334953641776,-155.59489002491372,-156.0766828697511,-159.54334953641776,-149.3239015930554,-145.69719569026392,114.81424188613892,FALSE,FALSE,FALSE
Mexico,Nelder-Mead,NA|NA|bad_delta_VAE|NA|NA|NA|NA|NA,0.01021618705034127,0.9612008107600172,0.9430945224480252,637,TRUE,NA,0.00189659980708688,0.9523656377439006,0.00309591330500733,0.7084426504824815,0.4179828742870192,0.5366188754646002,1.023861118481593,0.5674791888105377,0.6693870737498593,0.11509085458408366,5,62,0.16666666666666666,0.01587301587301587,-163.54334953641776,-155.59489002491372,-156.0766828697511,-159.54334953641776,-149.3239015930554,-145.69719569026392,115.66087198257446,FALSE,FALSE,FALSE
Mexico,PORT,NA|NA|bad_delta_VAE|NA|NA|NA|NA|NA,0.00762860026807521,0.9710279868625402,0.957507714065059,922,TRUE,relative convergence (4),1.2756579109946852e-9,0.7498201330723157,0.01012602531289339,6.843160332001486e-11,0.99999586229153,0,1,0.10470066331344764,0.303766712704844,0.00144004194379774,90,80,0.01098901098901099,0.01234567901234567,-170.26093770361086,-162.31247819210682,-162.7942710369442,-166.26093770361086,-156.0414897602485,-152.41478385745702,1640.1055710315704,FALSE,FALSE,FALSE
Mexico,Newton,NA|NA|NA|NA|NA|NA|rho_KL_on_edge|NA,0.01908384752902435,0.9275230760696712,0.8937005115688512,2,TRUE,NA,0.9043641391747876,0.9599804239832922,6.0549438092081315e-5,0.995096985908606,0.5849425196895185,0.8171434056009372,0.5966381611758442,0.4058175883962849,0.9783626680196732,0.04450211110870664,100,32,0.0099009900990099,0.0303030303030303,-149.17136552538068,-141.22290601387664,-141.704698858714,-145.17136552538068,-134.95191758201832,-131.32521167922684,67.49862599372864,TRUE,FALSE,FALSE
Middle Africa,LM,NA|bad_delta_KL|NA|NA|NA|NA|NA|NA,0.03201731159854991,0.984541030279015,0.977326844409222,861,TRUE,Relative error in the sum of squares is at most `ftol'.,4.9276416412120335e-20,NA,0.02202627815845145,NA,3.344901472751454,NA,0.9584516830598896,NA,0.1037984785455517,NA,-0.25,-0.75,1.3333333333333333,4,-137.27037327157018,-129.32191376006614,-129.8037066049035,-133.27037327157018,-123.05092532820782,-119.42421942541634,7885.893223047256,FALSE,FALSE,FALSE
Middle Africa,LM,NA|bad_delta_KL|NA|NA|NA|NA|NA|NA,0.03201731159854991,0.984541030279015,0.977326844409222,861,TRUE,Relative error in the sum of squares is at most `ftol'.,4.9276416412120335e-20,NA,0.02202627815845145,NA,3.344901472751454,NA,0.9584516830598896,NA,0.1037984785455517,NA,-0.25,-0.75,1.3333333333333333,4,-137.27037327157018,-129.32191376006614,-129.8037066049035,-133.27037327157018,-123.05092532820782,-119.42421942541634,7885.893223047256,FALSE,FALSE,FALSE
Middle Africa,NM,NA|NA|NA|NA|NA|bad_sigma_VAE|NA|rho_VAE_on_edge,0.04224764882760848,0.979601500207207,0.9700822003039036,317,TRUE,NA,0.02391011871853729,0.9698360160963654,0.00189368586693993,0.8848832079147049,0.5655096720856215,0.6950959196390781,0.3970712544730477,0.06875088764647345,0.973781228701144,0.05597005814386777,12,-0.99,0.07692307692307693,99.99999999999991,-130.8931182092669,-122.94465869776286,-123.42645154260023,-126.8931182092669,-116.67367026590456,-113.04696436311306,1322.1433520317078,FALSE,TRUE,FALSE
Middle Africa,Nelder-Mead,NA|NA|NA|NA|NA|bad_sigma_VAE|NA|rho_VAE_on_edge,0.04224764882760848,0.979601500207207,0.9700822003039036,317,TRUE,NA,0.02391011871853729,0.9698360160963654,0.00189368586693993,0.8848832079147049,0.5655096720856215,0.6950959196390781,0.3970712544730477,0.06875088764647345,0.973781228701144,0.05597005814386777,12,-0.99,0.07692307692307693,99.99999999999991,-130.8931182092669,-122.94465869776286,-123.42645154260023,-126.8931182092669,-116.67367026590456,-113.04696436311306,1179.4588689804075,FALSE,TRUE,FALSE
Middle Africa,PORT,NA|NA|NA|NA|bad_sigma_KL|NA|rho_KL_on_edge|NA,0.04010417913975805,0.9806364351017356,0.9716001048158788,4791,TRUE,relative convergence (4),86.64079246217926,0.9745153597850182,-0.00217427498828186,0.8882681388264047,0.4208072650614702,0.07892197476373579,4.65109188621007e-4,0.9727902397199046,1.1323158285516832,0.05842517179314497,-0.99,96,99.99999999999991,0.01030927835051546,-132.09068580583994,-124.1422262943359,-124.62401913917328,-128.09068580583994,-117.8712378624776,-114.2445319596861,7343.3391489982605,TRUE,FALSE,FALSE
Non-EU Europe,Newton,NA|NA|NA|NA|NA|NA|rho_KL_on_edge|NA,0.0315573100005417,0.9236085969036956,0.8879592754587535,3,TRUE,NA,0.9481092098802194,NA,1.6438894631523147e-5,NA,0.5219868887940086,NA,0.5733362780853535,NA,1.0748002946708657,NA,100,0.5,0.0099009900990099,0.6666666666666666,-137.60321745153198,-129.6547579400279,-130.1365507848653,-133.60321745153198,-123.38376950816962,-119.75706360537814,138.02993822097778,TRUE,FALSE,FALSE
Northern Africa,LM,NA|NA|bad_delta_VAE|NA|NA|NA|NA|NA,0.00400837974292986,0.9964206690465658,0.9947503146016298,1019,TRUE,Relative error in the sum of squares is at most `ftol'.,2.915985865058801e-23,0.7866826191347118,0.02566073064768436,1.1001684591886988e-44,0.00128186389583855,0.8012843237771061,1.0518211269532247,3.3544300157595594e-15,0.27466227999326426,4.5383039342334534e-5,18,18,0.05263157894736842,0.05263157894736842,-185.06183495566825,-177.11337544416418,-177.59516828900155,-181.06183495566825,-170.84238701230586,-167.21568110951438,2318.80406999588,FALSE,FALSE,FALSE
Northern Africa,NM,NA|NA|NA|NA|bad_sigma_KL|NA|rho_KL_on_edge|NA,0.02846467446615416,0.9745821262130064,0.962720451779076,327,TRUE,NA,0.02098570000421632,0.9085206548770944,0.00188089269497808,0.6625602636430592,0.5192061728992597,0.0935047840699028,0.6429575640357605,0.6480751142132902,0.9380084179999202,8.127850794624356e-12,-0.99,66,99.99999999999991,0.01492537313432835,-139.97547038374324,-132.0270108722392,-132.50880371707655,-135.97547038374324,-125.75602244038087,-122.1293165375894,158.44647216796875,TRUE,FALSE,FALSE
Northern Africa,Nelder-Mead,NA|NA|NA|NA|bad_sigma_KL|NA|rho_KL_on_edge|NA,0.02846467446615416,0.9745821262130064,0.962720451779076,327,TRUE,NA,0.02098570000421632,0.9085206548770944,0.00188089269497808,0.6625602636430592,0.5192061728992597,0.0935047840699028,0.6429575640357605,0.6480751142132902,0.9380084179999202,8.127850794624356e-12,-0.99,66,99.99999999999991,0.01492537313432835,-139.97547038374324,-132.0270108722392,-132.50880371707655,-135.97547038374324,-125.75602244038087,-122.1293165375894,161.64320993423462,TRUE,FALSE,FALSE
Northern Africa,PORT,no_convergence|NA|NA|NA|NA|NA|NA|NA,0.00524768516985577,0.9953140163440172,0.9931272239712252,1723,FALSE,false convergence (8),1.9834075447688415e-20,0.820696943525118,0.02243167089758324,9.665588892703308e-25,7.076244242383636e-4,0.9523571711281436,0.8911606637911001,0.03393757327371358,0.36420014887017366,7.786116193181017e-4,20,0.75,0.04761904761904761,0.5714285714285714,-178.86563601808805,-170.91717650658398,-171.39896935142136,-174.86563601808805,-164.64618807472567,-161.0194821719342,1785.014678955078,FALSE,FALSE,FALSE
Northern Africa,Newton,NA|NA|NA|NA|bad_sigma_KL|NA|rho_KL_on_edge|rho_VAE_on_edge,0.04701374141235544,0.9580185135475728,0.9384271532031068,3,TRUE,NA,1.0523860173609152,0.938554319579232,-4.356655876944041e-5,0.9945870357374138,0.5989496648294343,0.21854597707530232,0.4320546744348563,0.8421127137836517,1.0582327425589826,5.336954952020823e-5,-0.99,100,99.99999999999991,0.0099009900990099,-128.43462000552248,-120.48616049401843,-120.9679533388558,-124.43462000552248,-114.21517206216012,-110.58846615936864,84.69950103759766,TRUE,TRUE,FALSE
Northern Africa,L-BFGS-B,NA|NA|NA|NA|bad_sigma_KL|NA|rho_KL_on_edge|NA,0.03249422129833343,0.9709838938523696,0.9574430443168086,16,TRUE,CONVERGENCE: REL_REDUCTION_OF_F <= FACTR*EPSMCH,1.0007801237352585,0.9275598941417946,-3.706412484927242e-5,0.9945708654253248,0.4996033621158902,0.2640761678697166,0.5003904484887005,0.5835424603343735,0.9929623728415796,0.00261591096296816,-0.99,10,99.99999999999991,0.09090909090909093,-136.9303062345727,-128.98184672306866,-129.46363956790603,-132.9303062345727,-122.71085829121034,-119.08415238841886,75.6093430519104,TRUE,FALSE,FALSE
Northern Africa,L-BFGS-B,NA|NA|NA|NA|bad_sigma_KL|NA|rho_KL_on_edge|NA,0.03249422129833343,0.9709838938523696,0.9574430443168086,16,TRUE,CONVERGENCE: REL_REDUCTION_OF_F <= FACTR*EPSMCH,1.0007801237352585,0.9275598941417946,-3.706412484927242e-5,0.9945708654253248,0.4996033621158902,0.2640761678697166,0.5003904484887005,0.5835424603343735,0.9929623728415796,0.00261591096296816,-0.99,10,99.99999999999991,0.09090909090909093,-136.9303062345727,-128.98184672306866,-129.46363956790603,-132.9303062345727,-122.71085829121034,-119.08415238841886,75.6093430519104,TRUE,FALSE,FALSE
Peninsular West Asia,LM,no_convergence|NA|bad_delta_VAE|NA|bad_sigma_KL|NA|rho_KL_on_edge|NA,0.00835391198449485,0.9940226135141664,0.991233166487444,1024,FALSE,Number of iterations has reached `maxiter' == 1024.,1.2119181761251868e-8,0.9309666460301308,0.009004633522475,0.11503977610788176,0.14023533827990212,0.1448464638822669,1.000529894467996,0,0.869013081916638,6.119334474386739e-6,-0.99,48,99.99999999999991,0.02040816326530612,-168.17194998634756,-160.22349047484352,-160.7052833196809,-164.17194998634756,-153.9525020429852,-150.32579614019372,8950.248529911041,TRUE,FALSE,FALSE
Peninsular West Asia,PORT,no_convergence|NA|bad_delta_VAE|NA|bad_sigma_KL|NA|rho_KL_on_edge|NA,0.00845710196999955,0.9939487790727723,0.9911248759733996,1285,FALSE,false convergence (8),1.3419701444288828e-10,0.9464469954136444,0.01123304033414459,0.12744015455067792,0.16049816940393408,0.3183558230692889,1,6.987861055687253e-15,0.7870581541784459,0.00106216480997575,-0.99,12,99.99999999999991,0.07692307692307693,-167.88958754448544,-159.9411280329814,-160.42292087781877,-163.88958754448544,-153.67013960112308,-150.0434336983316,6097.943660974503,TRUE,FALSE,FALSE
Peninsular West Asia,Newton,NA|NA|NA|NA|NA|bad_sigma_VAE|rho_KL_on_edge|rho_VAE_on_edge,0.04698646163043105,0.9663802729442016,0.9506910669848292,2,TRUE,NA,1.0802815877623142,0.952533842308108,-6.732477412373709e-5,0.9935411050500133,0.5254712164184946,0.7725721079026074,0.5807848040204315,0.05405856022813803,0.9359264162241128,2.0762683170026537e-5,100,-0.99,0.0099009900990099,99.99999999999991,-128.4479696575778,-120.49951014607376,-120.98130299091112,-124.4479696575778,-114.22852171421545,-110.60181581142396,131.32565784454346,TRUE,TRUE,FALSE
Republic of Korea,LM,no_convergence|bad_delta_KL|NA|NA|NA|NA|NA|NA,0.00152142759758974,0.998776442314411,0.9982054487278028,1024,FALSE,Number of iterations has reached `maxiter' == 1024.,1.0561488893535115e-20,NA,0.02274569493409239,NA,47.16072184620496,NA,1.843953025256377e-23,NA,0.5127268925917257,NA,4,52,0.2,0.01886792452830188,-207.34280901354435,-199.3943495020403,-199.87614234687769,-203.34280901354435,-193.123361070182,-189.49665516739051,16562.049978017807,FALSE,FALSE,FALSE
Republic of Korea,NM,NA|NA|NA|NA|NA|NA|NA|rho_VAE_on_edge,0.04262532481878222,0.9657199962289548,0.9497226611358004,147,TRUE,NA,0.01757213731051161,0.9619849032578254,0.00198353464214529,0.8484034356435715,0.5159113297875035,0.6439385819129837,0.533622827760189,0.9504108988046788,1.0363904264089885,0.0055376359760982,78,100,0.01265822784810126,0.0099009900990099,-130.68842159595704,-122.739962084453,-123.22175492929036,-126.68842159595704,-116.46897365259468,-112.8422677498032,144.595046043396,FALSE,TRUE,FALSE
Republic of Korea,Nelder-Mead,NA|NA|NA|NA|NA|NA|NA|rho_VAE_on_edge,0.04262532481878222,0.9657199962289548,0.9497226611358004,147,TRUE,NA,0.01757213731051161,0.9619849032578254,0.00198353464214529,0.8484034356435715,0.5159113297875035,0.6439385819129837,0.533622827760189,0.9504108988046788,1.0363904264089885,0.0055376359760982,78,100,0.01265822784810126,0.0099009900990099,-130.68842159595704,-122.739962084453,-123.22175492929036,-126.68842159595704,-116.46897365259468,-112.8422677498032,146.6498899459839,FALSE,TRUE,FALSE
Republic of Korea,PORT,no_convergence|NA|NA|NA|NA|NA|NA|NA,0.00191953798657137,0.9984562752378292,0.997735870348816,873,FALSE,false convergence (8),1.145210638268854e-16,0.7818808595963005,0.01815003112241159,2.9728619037290607e-24,3.564872403589263e-7,0.9583322738039776,0.3012000220436345,0.40782908079720576,0.8663602915009274,7.121789252460906e-22,96,30,0.01030927835051546,0.03225806451612903,-201.99679430591056,-194.04833479440651,-194.5301276392439,-197.99679430591056,-187.7773463625482,-184.15064045975672,774.8551599979401,FALSE,FALSE,FALSE
Republic of Korea,Newton,NA|NA|NA|NA|NA|NA|rho_KL_on_edge|rho_VAE_on_edge,0.04810675655608119,0.961311736551775,0.94325721360927,2,TRUE,NA,0.9300813120420014,0.964892925607219,1.860771031898622e-5,0.9986787130928106,0.5989145677149337,0.620704712637596,0.5500444904228257,0.9511851830990016,1.0876153198756882,0.00689926663911361,100,100,0.0099009900990099,0.0099009900990099,-127.90601775062927,-119.95755823912523,-120.4393510839626,-123.90601775062927,-113.68656980726692,-110.05986390447543,119.62815880775452,TRUE,TRUE,FALSE
Russia,LM,NA|NA|NA|NA|NA|NA|rho_KL_on_edge|NA,0.00245536808575104,0.9972417312583474,0.9959545391789094,448,TRUE,Relative error in the sum of squares is at most `ftol'.,4.2638724327604564e-8,0.5882750642121322,0.00839952183498858,3.7657677806863093e-20,0.00352292261887489,0.9747651566558484,0.7547788913725733,5.627176084748786e-17,0.5328318549052584,9.071672683469712e-11,100,2.75,0.0099009900990099,0.26666666666666666,-196.33437467157248,-188.38591516006844,-188.8677080049058,-192.33437467157248,-182.11492672821012,-178.48822082541864,1542.1379799842834,TRUE,FALSE,FALSE
South Africa,LM,NA|NA|bad_delta_VAE|NA|NA|bad_sigma_VAE|NA|rho_VAE_on_edge,0.00190928296683457,0.996612600743766,0.9950318144241904,473,TRUE,Relative error in the sum of squares is at most `ftol'.,4.109063953667282e-10,0.7855673698201691,0.01069089639213496,4.063035763791343e-9,0.7116610403094074,1.1017238032206928e-5,1.2646930688869849,1.3091166934193883e-10,0.3847853223187645,4.249249438646561e-5,0.75,-0.99,0.5714285714285714,99.99999999999991,-202.11999986753273,-194.1715403560287,-194.6533332008661,-198.11999986753273,-187.90055192417037,-184.2738460213789,7146.088010072708,FALSE,TRUE,FALSE
South Africa,PORT,no_convergence|NA|bad_delta_VAE|NA|NA|NA|NA|NA,0.00220723565326593,0.9960839809812992,0.9942565054392388,506,FALSE,false convergence (8),6.380598009576991e-13,0.32785980740585896,0.0138880789238292,7.615519332540773e-165,0.9999999999999882,0,1,5.349980107807574e-17,0.3076412083554924,1.4828339801968924e-76,94,16,0.01052631578947368,0.0588235294117647,-198.78469775298217,-190.8362382414781,-191.31803108631547,-194.78469775298217,-184.5652498096198,-180.9385439068283,3261.6355199813843,FALSE,FALSE,FALSE
South Africa,Newton,NA|NA|NA|NA|NA|NA|NA|rho_VAE_on_edge,0.02422387054614654,0.9570226506513264,0.936966554288612,2,TRUE,NA,0.9526054821974153,0.916290437015406,1.0841030494638153e-5,0.9981616514095736,0.4961175305358193,0.00543915749411255,0.4029213905892922,0.991787091822621,1.0605235933895274,0.00109381730113461,4,100,0.2,0.0099009900990099,-143.68595211917932,-135.73749260767528,-136.21928545251265,-139.68595211917932,-129.46650417581697,-125.83979827302548,610.8773510456085,FALSE,TRUE,FALSE
South America Cluster,LM,NA|NA|NA|NA|bad_sigma_KL|NA|rho_KL_on_edge|NA,0.00225253105163027,0.9986154514072928,0.997969328730696,889,TRUE,Relative error in the sum of squares is at most `ftol'.,1.757495825922671e-21,0.8153883391555407,0.02363483382678009,5.986570693032152e-29,0.461753319226121,1.0644430525938062e-5,0.0183960229631312,0.963864343898344,0.5305732052486779,4.9704289052461246e-8,-0.99,98,99.99999999999991,0.0101010101010101,-198.31748497926552,-190.3690254677615,-190.85081831259888,-194.31748497926552,-184.0980370359032,-180.4713311331117,6284.502337932587,TRUE,FALSE,FALSE
South America Cluster,NM,NA|NA|bad_delta_VAE|NA|NA|NA|NA|NA,0.02428102771828336,0.9850753388138632,0.9781104969269996,525,TRUE,NA,0.08003670192412234,0.9424800540611424,0.00123609436480936,0.8569155218487685,0.598447054641293,0.06866209110276973,4.457850744301714,1.8916093665313316e-4,0.4893792015313879,8.588804118935061e-9,12,3.25,0.07692307692307693,0.2352941176470588,-143.63174664242672,-135.68328713092268,-136.16507997576005,-139.63174664242672,-129.41229869906437,-125.78559279627288,159.3839819431305,FALSE,FALSE,FALSE
South America Cluster,Nelder-Mead,NA|NA|bad_delta_VAE|NA|NA|NA|NA|NA,0.02428102771828336,0.9850753388138632,0.9781104969269996,525,TRUE,NA,0.08003670192412234,0.9424800540611424,0.00123609436480936,0.8569155218487685,0.598447054641293,0.06866209110276973,4.457850744301714,1.8916093665313316e-4,0.4893792015313879,8.588804118935061e-9,12,3.25,0.07692307692307693,0.2352941176470588,-143.63174664242672,-135.68328713092268,-136.16507997576005,-139.63174664242672,-129.41229869906437,-125.78559279627288,161.55341720581055,FALSE,FALSE,FALSE
South America Cluster,PORT,no_convergence|NA|NA|NA|bad_sigma_KL|NA|rho_KL_on_edge|NA,0.00296689766493674,0.9981763563331474,0.9973253226219496,1312,FALSE,false convergence (8),1.0389531582020598e-18,0.9361118480436416,0.02047680348941036,9.068483610128282e-4,0.4145352651575169,0.0613810274767905,0.8384647838389554,0.081398333729637,0.6659803800359224,0.04023985600406902,-0.99,3.5,99.99999999999991,0.2222222222222222,-191.981850841605,-184.03339133010095,-184.51518417493833,-187.981850841605,-177.76240289824264,-174.13569699545116,1069.1117660999298,TRUE,FALSE,FALSE
South America Cluster,Newton,NA|NA|NA|NA|NA|NA|NA|rho_VAE_on_edge,0.07078988127662997,0.9564880446693368,0.9361824655150276,2,TRUE,NA,0.966249299573092,0.9710642724310288,-3.379612329753054e-5,0.9980203912651834,0.5501265936428922,0.21591736046885748,0.45801536480048616,0.884190806298983,0.9603058814569384,0.17615708270607808,-0.5,100,2,0.0099009900990099,-119.0212687576864,-111.07280924618236,-111.55460209101972,-115.0212687576864,-104.80182081432405,-101.17511491153256,95.71329498291016,FALSE,TRUE,FALSE
South America Cluster,L-BFGS-B,NA|NA|NA|NA|bad_sigma_KL|NA|rho_KL_on_edge|NA,0.02168870641982891,0.9866687440648242,0.9804474912950756,62,TRUE,CONVERGENCE: REL_REDUCTION_OF_F <= FACTR*EPSMCH,0.8531923593071301,0.9744132945012952,5.5323983019235144e-05,0.9971384990373658,0.0634157739772003,0.6493854762216256,0.999999,1.9478083660974607e-5,2.0934305477844624,0.0166635547816402,-0.99,4.25,99.99999999999991,0.1904761904761905,-146.228529660454,-138.28007014894996,-138.76186299378733,-142.228529660454,-132.00908171709165,-128.38237581430016,99.0650761127472,TRUE,FALSE,FALSE
South America Cluster,L-BFGS-B,NA|NA|NA|NA|bad_sigma_KL|NA|rho_KL_on_edge|NA,0.02168870641982891,0.9866687440648242,0.9804474912950756,62,TRUE,CONVERGENCE: REL_REDUCTION_OF_F <= FACTR*EPSMCH,0.8531923593071301,0.9744132945012952,5.5323983019235144e-05,0.9971384990373658,0.0634157739772003,0.6493854762216256,0.999999,1.9478083660974607e-5,2.0934305477844624,0.0166635547816402,-0.99,4.25,99.99999999999991,0.1904761904761905,-146.228529660454,-138.28007014894996,-138.76186299378733,-142.228529660454,-132.00908171709165,-128.38237581430016,99.0650761127472,TRUE,FALSE,FALSE
South-eastern Asia,LM,NA|bad_delta_KL|NA|NA|NA|NA|NA|NA,0.00121036922376843,0.9994966135158816,0.9992616998232928,968,TRUE,Relative error in the sum of squares is at most `ftol'.,5.322352971096427e-20,0.8046761872836695,0.02195193526454043,4.9494393515137365e-28,1.7033014273635738,0.34473063184832675,0.9997286795895266,0,0.4715748446692176,2.0751348004797282e-45,94,94,0.01052631578947368,0.01052631578947368,-212.60345287950165,-204.6549933679976,-205.13678621283495,-208.60345287950165,-198.3840049361393,-194.7572990333478,14705.742843866348,FALSE,FALSE,FALSE
South-eastern Asia,NM,NA|NA|NA|NA|NA|bad_sigma_VAE|NA|rho_VAE_on_edge,0.00726588018684956,0.9969781569049674,0.9955679634606188,307,TRUE,NA,0.01191383177941925,0.9199322681816144,0.00219005248919738,0.6563557195166698,0.4805704229163489,0.6904802193210648,0.6397758092623731,1.3540380716731146e-14,1.1085772621192609,4.4561582048646864e-10,40,-0.99,0.02439024390243902,99.99999999999991,-171.38138116861296,-163.43292165710892,-163.9147145019463,-167.38138116861296,-157.1619332252506,-153.53522732245912,941.7317910194396,FALSE,TRUE,FALSE
South-eastern Asia,Nelder-Mead,NA|NA|NA|NA|NA|bad_sigma_VAE|NA|rho_VAE_on_edge,0.00726588018684956,0.9969781569049674,0.9955679634606188,307,TRUE,NA,0.01191383177941925,0.9199322681816144,0.00219005248919738,0.6563557195166698,0.4805704229163489,0.6904802193210648,0.6397758092623731,1.3540380716731146e-14,1.1085772621192609,4.4561582048646864e-10,40,-0.99,0.02439024390243902,99.99999999999991,-171.38138116861296,-163.43292165710892,-163.9147145019463,-167.38138116861296,-157.1619332252506,-153.53522732245912,252.27713990211487,FALSE,TRUE,FALSE
South-eastern Asia,PORT,no_convergence|NA|NA|NA|bad_sigma_KL|bad_sigma_VAE|rho_KL_on_edge|rho_VAE_on_edge,0.00143529867004308,0.9994030664883204,0.9991244975162034,841,FALSE,false convergence (8),7.418520692520282e-16,0.8360291929145949,0.01723326182783731,5.58152725392737e-13,0.979039282088542,0.04996058409468714,0.8290067813354517,2.4550218055903384e-14,0.6495984028733582,0.00498847881515655,-0.99,-0.99,99.99999999999991,99.99999999999991,-208.68316030320705,-200.734700791703,-201.2164936365404,-204.68316030320705,-194.4637123598447,-190.8370064570532,1305.1710720062256,TRUE,TRUE,FALSE
South-eastern Asia,Newton,NA|NA|NA|NA|NA|NA|rho_KL_on_edge|NA,0.0304097662520762,0.9873527308726188,0.9814506719465076,3,TRUE,NA,1.0357271110424071,0.9539895107806284,-3.123309030223029e-5,0.9970932065444128,0.579813429924654,0.9559066666236388,0.5511381334072735,0.21638752560080068,0.9133128542710802,7.984382122823244e-11,100,20,0.0099009900990099,0.04761904761904761,-138.4551706353891,-130.50671112388503,-130.98850396872243,-134.4551706353891,-124.23572269202674,-120.60901678923526,132.3635630607605,TRUE,FALSE,FALSE
Southern Africa Cluster,LM,NA|bad_delta_KL|NA|NA|NA|bad_sigma_VAE|NA|rho_VAE_on_edge,0.01850116020647462,0.9826532360703798,0.9745580795698904,181,TRUE,Relative error in the sum of squares is at most `ftol'.,3.2216905531707096e-14,0.905598190404768,0.01535457120099327,2.3651643090148e-4,9.172161390340548,0.9800787913411012,0.00351591822661377,0.982092338868975,0.9232950092846336,8.765474707190656e-5,0.25,-0.99,0.8,99.99999999999991,-149.8845691713888,-141.93610965988475,-142.41790250472212,-145.8845691713888,-135.66512122802644,-132.03841532523495,15890.379317998886,FALSE,TRUE,FALSE
Southern Africa Cluster,PORT,NA|bad_delta_KL|NA|NA|NA|bad_sigma_VAE|NA|rho_VAE_on_edge,0.02366382133628037,0.9778127037541402,0.967458632172739,376,TRUE,relative convergence (4),3.160286150140354e-13,NA,0.01422627747616715,NA,1,NA,0.19606628769936824,NA,0.7663615248921659,NA,40,-0.99,0.02439024390243902,99.99999999999991,-144.22394919684595,-136.2754896853419,-136.75728253017928,-140.22394919684595,-130.0045012534836,-126.37779535069212,1576.8118469715118,FALSE,TRUE,FALSE
Southern Africa Cluster,Newton,NA|NA|NA|NA|NA|bad_sigma_VAE|NA|rho_VAE_on_edge,0.05924788539684274,0.944448938886084,0.9185251103662564,3,TRUE,NA,0.9096060620929052,0.9826750715673036,-1.587489738165613e-6,0.9999443647955386,0.5894083453619334,0.7430901222810085,0.4968841899080664,0.50790609906648565,1.0193146212027426,0.5359243947263846,0.5,-0.99,0.6666666666666666,99.99999999999991,-123.114946315867,-115.16648680436296,-115.64827964920032,-119.114946315867,-108.89549837250463,-105.26879246971316,106.66258811950684,FALSE,TRUE,FALSE
Southern Asia Cluster,LM,no_convergence|NA|NA|NA|NA|bad_sigma_VAE|NA|rho_VAE_on_edge,0.00318294493924681,0.9987010682836158,0.9980949001493032,1024,FALSE,Number of iterations has reached `maxiter' == 1024.,2.145936694520514e-25,0.9029073865667692,0.02809081769629064,4.355502312529098e-12,8.318255540890438e-10,0.9943911363626986,0.2739759811871572,0.1137813072183923,0.6595550905506186,4.402732764208068e-5,48,-0.99,0.02040816326530612,99.99999999999991,-190.36518083831152,-182.41672132680748,-182.89851417164485,-186.36518083831152,-176.14573289494916,-172.51902699215768,4391.796130895615,FALSE,TRUE,FALSE
Southern Asia Cluster,PORT,no_convergence|NA|NA|NA|NA|NA|NA|NA,0.00400076491437565,0.9983673231751508,0.9976054073235544,3350,FALSE,false convergence (8),1.315979469878799e-30,0.8802983524569412,0.03402447175841989,3.9445934333552914e-25,0.00204073644007018,0.9991471168765826,0.0156546304322937,0.9719641587315676,0.2809251853661909,1.5807190185891422e-7,36,26,0.02702702702702703,0.03703703703703703,-185.10557024002483,-177.1571107285208,-177.63890357335816,-181.10557024002483,-170.88612229666248,-167.259416393871,704.3546569347382,FALSE,FALSE,FALSE
Switzerland,LM,NA|bad_delta_KL|NA|NA|NA|NA|NA|NA,0.00231405250869258,0.9934508491222038,0.9903945787125656,307,TRUE,Relative error in the sum of squares is at most `ftol'.,5.7827881456404555e-11,0.8127268197418507,0.01165853119601921,2.3394345949295395e-8,1555102943.581405,0.9960032981052812,0.05404632953954525,0.9752573460542752,0.4794551527015505,0.00605616306053713,40,5,0.02439024390243902,0.16666666666666666,-197.697731017055,-189.74927150555095,-190.23106435038832,-193.697731017055,-183.47828307369264,-179.85157717090115,6861.049417972565,FALSE,FALSE,FALSE
Switzerland,NM,NA|NA|NA|NA|NA|NA|NA|rho_VAE_on_edge,0.0066198323265746,0.9812647809288716,0.9725216786956784,145,TRUE,NA,0.01758732573469646,0.9290006729840344,0.00197218753906266,0.7223508327067465,0.5337071300343164,0.1426126560822995,0.5157650793675741,0.9585670220162492,1.0364904673709532,0.01478784658734518,2,100,0.3333333333333333,0.0099009900990099,-173.523127432688,-165.57466792118396,-166.05646076602133,-169.523127432688,-159.30367948932565,-155.67697358653416,863.0187180042267,FALSE,TRUE,FALSE
Switzerland,Nelder-Mead,NA|NA|NA|NA|NA|NA|NA|rho_VAE_on_edge,0.0066198323265746,0.9812647809288716,0.9725216786956784,145,TRUE,NA,0.01758732573469646,0.9290006729840344,0.00197218753906266,0.7223508327067465,0.5337071300343164,0.1426126560822995,0.5157650793675741,0.9585670220162492,1.0364904673709532,0.01478784658734518,2,100,0.3333333333333333,0.0099009900990099,-173.523127432688,-165.57466792118396,-166.05646076602133,-169.523127432688,-159.30367948932565,-155.67697358653416,855.0891008377075,FALSE,TRUE,FALSE
Switzerland,PORT,NA|bad_delta_KL|NA|NA|NA|NA|NA|NA,0.0035364248464129,0.9899913334722767,0.985320622426006,1058,TRUE,relative convergence (4),1.830309030231576e-11,0.8244304617530505,0.01221556897349024,4.2705620264002584e-8,1,0.7806846998387265,0.817519942972394,0.12290991332054609,0.39249774549156,0.03711660518969063,50,2.25,0.0196078431372549,0.3076923076923077,-187.94306379505747,-179.99460428355343,-180.4763971283908,-183.94306379505747,-173.72361585169511,-170.09690994890363,6126.265226125717,FALSE,FALSE,FALSE
Switzerland,Newton,NA|NA|NA|NA|NA|NA|rho_KL_on_edge|rho_VAE_on_edge,0.01182464302087479,0.9665343068366492,0.9509169833604186,2,TRUE,NA,1.0720310426523565,0.9021446112225212,-6.539329663163041e-5,0.9870289605451116,0.4035751108178789,0.9268137543779006,0.4770130929560936,0.9838192841305666,0.9397761713134491,4.267721629491368e-6,100,100,0.0099009900990099,0.0099009900990099,-160.18046623846558,-152.23200672696154,-152.71379957179892,-156.18046623846558,-145.96101829510323,-142.33431239231174,558.4097759723663,TRUE,TRUE,FALSE
Switzerland,L-BFGS-B,NA|NA|NA|NA|bad_sigma_KL|bad_sigma_VAE|rho_KL_on_edge|rho_VAE_on_edge,0.00568234364615722,0.9839180287662548,0.9764131088571736,612,TRUE,CONVERGENCE: REL_REDUCTION_OF_F <= FACTR*EPSMCH,6.571624101827129e-5,0.9097631820893418,0.00474647920220906,0.2770449641047586,0.999992394274072,0.19965511210804837,0.999999,1.7265901918977264e-6,0.7265708932244953,0.0673414984616472,-0.99,-0.99,99.99999999999991,99.99999999999991,-177.03537187095543,-169.0869123594514,-169.56870520428876,-173.03537187095543,-162.81592392759308,-159.1892180248016,492.28468108177185,TRUE,TRUE,FALSE
Switzerland,L-BFGS-B,NA|NA|NA|NA|bad_sigma_KL|bad_sigma_VAE|rho_KL_on_edge|rho_VAE_on_edge,0.00568234364615722,0.9839180287662548,0.9764131088571736,612,TRUE,CONVERGENCE: REL_REDUCTION_OF_F <= FACTR*EPSMCH,6.571624101827129e-5,0.9097631820893418,0.00474647920220906,0.2770449641047586,0.999992394274072,0.19965511210804837,0.999999,1.7265901918977264e-6,0.7265708932244953,0.0673414984616472,-0.99,-0.99,99.99999999999991,99.99999999999991,-177.03537187095543,-169.0869123594514,-169.56870520428876,-173.03537187095543,-162.81592392759308,-159.1892180248016,492.28468108177185,TRUE,TRUE,FALSE
Tropical Pacific Islands,LM,no_convergence|NA|NA|NA|bad_sigma_KL|NA|rho_KL_on_edge|NA,0.00938713588330005,0.9930736729987936,0.9898413870648972,1024,FALSE,Number of iterations has reached `maxiter' == 1024.,1.601882903911251e-5,0.9005289570134796,0.00545872856792152,0.16808088729138365,0.13368950593990106,2.2162830890925427e-4,3.6826611939034577e-4,0.920461486279148,1.6583553968250122,1.2328125051681317e-19,-0.99,74,99.99999999999991,0.01333333333333333,-165.48991311734252,-157.54145360583848,-158.02324645067586,-161.48991311734252,-151.27046517398017,-147.64375927118869,15730.01051402092,TRUE,FALSE,FALSE
Tropical Pacific Islands,PORT,NA|NA|NA|NA|bad_sigma_KL|NA|rho_KL_on_edge|NA,0.01173460701567238,0.9913415842242368,0.9873009901955476,3137,TRUE,relative convergence (4),4.571181581474609e-5,0.907739295681999,0.00494188947952535,0.2472774013707028,0.153694285492522,0.00658729928430143,0.02909869832923736,0.6529255000244742,1.6612437328809695,1.4797041306634744e-16,-0.99,30,99.99999999999991,0.03225806451612903,-160.35626455107715,-152.40780503957313,-152.8895978844105,-156.35626455107715,-146.13681660771482,-142.5101107049233,1247.986785888672,TRUE,FALSE,FALSE
Tropical Pacific Islands,Newton,NA|NA|NA|NA|bad_sigma_KL|NA|rho_KL_on_edge|NA,0.10229931758574344,0.924518134774243,0.8892932643355564,3,TRUE,NA,1.093648756981254,0.9846005872237554,-7.804903660639128e-5,0.997570062353648,0.4015718413840923,0.4241792028614705,0.48796863831995085,0.21644757365894896,1.039630175349708,0.3510860746810019,-0.99,10,99.99999999999991,0.09090909090909093,-110.55296933191715,-102.60450982041311,-103.08630266525049,-106.55296933191715,-96.3335213885548,-92.70681548576331,119.93338108062744,TRUE,FALSE,FALSE
United Kingdom,LM,NA|bad_delta_KL|NA|NA|NA|NA|NA|NA,0.00415061752241728,0.979406867466377,0.9697967389506862,828,TRUE,Relative error in the sum of squares is at most `ftol'.,5.41180562329292e-10,0.8071856977305654,0.01054613995089575,1.9462614092778498e-7,8986647508599602,0.9999628264814628,1.043688028382733e-4,0.9998224039151208,0.6741660326571264,1.1490564957259872e-4,24,5,0.04,0.16666666666666666,-184.25982453658597,-176.31136502508193,-176.7931578699193,-180.25982453658597,-170.0403765932236,-166.41367069043213,2599.718356847763,FALSE,FALSE,FALSE
United Kingdom,NM,NA|NA|NA|NA|bad_sigma_KL|NA|rho_KL_on_edge|NA,0.00658853609194328,0.96731122629075,0.9520564652264332,145,TRUE,NA,0.01757695178235921,0.946353906409134,0.00198036052171664,0.7875523823213648,0.5363965948365053,0.43773822808008034,0.533655307501653,0.3658730967289784,1.0158756712528354,0.19966478918583488,-0.99,12,99.99999999999991,0.07692307692307693,-173.63212117374206,-165.68366166223802,-166.1654545070754,-169.63212117374206,-159.4126732303797,-155.78596732758822,114.52135586738586,TRUE,FALSE,FALSE
United Kingdom,Nelder-Mead,NA|NA|NA|NA|bad_sigma_KL|NA|rho_KL_on_edge|NA,0.00658853609194328,0.96731122629075,0.9520564652264332,145,TRUE,NA,0.01757695178235921,0.946353906409134,0.00198036052171664,0.7875523823213648,0.5363965948365053,0.43773822808008034,0.533655307501653,0.3658730967289784,1.0158756712528354,0.19966478918583488,-0.99,12,99.99999999999991,0.07692307692307693,-173.63212117374206,-165.68366166223802,-166.1654545070754,-169.63212117374206,-159.4126732303797,-155.78596732758822,117.8513708114624,TRUE,FALSE,FALSE
United Kingdom,Newton,NA|NA|NA|NA|NA|NA|NA|rho_VAE_on_edge,0.01210349879685266,0.9399489465126688,0.9119251215519144,2,TRUE,NA,0.9157755352349012,0.9529703787173616,2.9061124844458165e-5,0.9972348658300596,0.5438404405657491,0.3491009015365271,0.5000165745411234,0.9966605656649472,0.9163879134997224,0.33286113002492923,0.5,100,0.6666666666666666,0.0099009900990099,-159.64436332885836,-151.69590381735432,-152.1776966621917,-155.64436332885836,-145.424915385496,-141.79820948270452,63.5600860118866,FALSE,TRUE,FALSE
United States,LM,NA|NA|NA|NA|bad_sigma_KL|NA|rho_KL_on_edge|NA,7.666739451412055e-4,0.9980052821211356,0.9970744137776656,103,TRUE,Relative error in the sum of squares is at most `ftol'.,8.169359574690049e-9,0.7384460824463721,0.00920687879371441,5.105630552653329e-10,0.31295817819048316,0.01382191489890137,0.8195304905329138,4.702416353575351e-13,0.9864507664330072,4.5714564363618696e-6,-0.99,0,99.99999999999991,1,-223.10569284161903,-215.157233330115,-215.63902617495236,-219.10569284161903,-208.88624489825668,-205.2595389954652,2324.3412730693817,TRUE,FALSE,FALSE
United States,NM,NA|NA|NA|NA|bad_sigma_KL|NA|rho_KL_on_edge|rho_VAE_on_edge,0.0069677587100601,0.9818714161833044,0.9734114104021798,147,TRUE,NA,0.01754453742351462,0.8980063720958767,0.00199677835582624,0.604618483096812,0.5363212089398679,0.10189976901414864,0.5159838114779063,0.7608997710323102,1.0336897881740763,0.06780022554506338,-0.99,100,99.99999999999991,0.0099009900990099,-172.34498533781525,-164.3965258263112,-164.87831867114858,-168.34498533781525,-158.1255373944529,-154.4988314916614,902.9899039268494,TRUE,TRUE,FALSE
United States,Nelder-Mead,NA|NA|NA|NA|bad_sigma_KL|NA|rho_KL_on_edge|rho_VAE_on_edge,0.0069677587100601,0.9818714161833044,0.9734114104021798,147,TRUE,NA,0.01754453742351462,0.8980063720958767,0.00199677835582624,0.604618483096812,0.5363212089398679,0.10189976901414864,0.5159838114779063,0.7608997710323102,1.0336897881740763,0.06780022554506338,-0.99,100,99.99999999999991,0.0099009900990099,-172.34498533781525,-164.3965258263112,-164.87831867114858,-168.34498533781525,-158.1255373944529,-154.4988314916614,1094.3802199363708,TRUE,TRUE,FALSE
United States,PORT,NA|NA|NA|NA|bad_sigma_KL|NA|rho_KL_on_edge|NA,8.11890460760549e-4,0.9978876386395782,0.9969018700047146,2051,TRUE,relative convergence (4),1.0294214295344319e-7,0.7154809227974911,0.00795264387040613,4.583296815469321e-9,0.31139529975577135,5.71852380904904e-4,0.9409715181092232,0.02021256862632543,0.9534533842642338,1.7891325221075412e-6,-0.99,92,99.99999999999991,0.01075268817204301,-221.78770489757528,-213.83924538607124,-214.3210382309086,-217.78770489757528,-207.56825695421293,-203.94155105142144,9468.038150072098,TRUE,FALSE,FALSE
United States,Newton,NA|NA|NA|NA|NA|NA|NA|rho_VAE_on_edge,0.0127042990758149,0.9669461931430328,0.951521083276448,2,TRUE,NA,0.933074363541504,0.9248909017319598,2.2935642053733584e-5,0.996510081325828,0.5249305062735474,0.25534711473691923,0.5483065508505232,0.8083592146863945,0.9998393657714892,0.19471066706840057,0,100,1,0.0099009900990099,-158.530108122897,-150.58164861139295,-151.06344145623032,-154.530108122897,-144.31066017953464,-140.68395427674315,603.7017509937286,FALSE,TRUE,FALSE
Western Africa,LM,NA|bad_delta_KL|NA|NA|NA|NA|NA|NA,0.01088348574399748,0.99555759140739,0.9934844673975052,976,TRUE,Conditions for `info = 1' and `info = 2' both hold.,7.514751826994652e-22,NA,0.02407682377795303,NA,-0.5471546873288119,NA,0.2776411733231021,NA,0.7375969941664461,NA,1.25,2.5,0.4444444444444444,0.2857142857142857,-162.0880672499844,-154.13960773848035,-154.62140058331772,-158.0880672499844,-147.86861930662204,-144.24191340383055,6157.414822101593,FALSE,FALSE,FALSE
Western Africa,PORT,no_convergence|NA|NA|NA|NA|NA|NA|NA,0.01265864519892311,0.9948330088792084,0.9924217463561722,1803,FALSE,false convergence (8),7.282352718425762e-12,0.9811516651816076,0.01270597766218835,0.5438424080712988,3.054066929912317e-10,0.9974218087982872,0.4290171503503437,0.3350228010906568,1.0437427933226275,0.197751527833095,20,3.75,0.04761904761904761,0.21052631578947367,-158.61290925916964,-150.6644497476656,-151.14624259250297,-154.61290925916964,-144.3934613158073,-140.7667554130158,788.1630549430847,FALSE,FALSE,FALSE
Western Africa,Newton,NA|NA|NA|NA|NA|bad_sigma_VAE|NA|rho_VAE_on_edge,0.03565131956206233,0.9854478857154988,0.978656899049398,3,TRUE,NA,1.0531007943558246,0.9936768703195124,-2.14442332959598e-5,0.9997257916991352,0.5967915396905846,0.8407619837772748,0.4080750682539588,0.7736121771195481,1.0755411473869656,0.6414910363101161,0.75,-0.99,0.5714285714285714,99.99999999999991,-134.79765669056513,-126.8491971790611,-127.33099002389848,-130.79765669056513,-120.57820874720278,-116.9515028444113,65.58408808708191,FALSE,TRUE,FALSE
