r,method,t,fitted,residual,TFP
Argentina,NM,2000,0.6694525138613182,-0.012783586447847883,0.9782270802115108
Argentina,NM,2001,0.619996635804559,0.018872978995383205,0.9801928900449306
Argentina,NM,2002,0.5569691691370687,0.010728307664700343,0.9821626502988401
Argentina,NM,2003,0.6211688597172187,-0.013683706151680908,0.9841363689118616
Argentina,NM,2004,0.7002382638240067,-0.04705218058380373,0.9861140538385718
Argentina,NM,2005,0.7463368416039503,-0.02599276278950563,0.9880957130495294
Argentina,NM,2006,0.7982551072402859,-0.01584674681665571,0.9900813545313139
Argentina,NM,2007,0.856644750855388,-1.934019095140571e-4,0.9920709862865527
Argentina,NM,2008,0.8995076051037304,-0.009246756430833128,0.9940646163339552
Argentina,NM,2009,0.8185287120262245,0.024082598505034525,0.9960622527083464
Argentina,NM,2010,0.9039368353426802,0.021281309410162694,0.9980639034606942
Argentina,NM,2011,0.9785526049131714,2.7232506196906564e-4,1.0000695766581487
Argentina,NM,2012,0.9662938887795963,0.002561598892685202,1.0020792803840706
Argentina,NM,2013,0.9721192839489197,0.020320300211411436,1.004093022738064
Argentina,NM,2014,0.9487529187697887,0.019202926404002535,1.0061108118360114
Argentina,NM,2015,0.9768287106501944,0.016984870977172845,1.0081326558101014
Argentina,NM,2016,0.9577646908237042,0.015671567169580722,1.0101585628088676
Argentina,NM,2017,1.0063864188005274,-0.006052099006114774,1.012188540997218
Argentina,NM,2018,0.9809161973911074,-0.006940923799136321,1.014222598556468
Argentina,NM,2019,0.9335477785975039,0.022342487887548654,1.016260743684375
Argentina,NM,2020,0.854736942753175,0.006285925081271737,1.0183029845951677
Argentina,NM,2021,0.9826303212786324,-0.03383526738254028,1.0203493295195847
Argentina,NM,2022,1.0223997867059034,-0.02215259601912492,1.0223997867049033
Australia and New Zealand,NM,2000,0.5541713727495918,-0.009062165326085947,0.9530026879913143
Australia and New Zealand,NM,2001,0.5654745238594202,-0.007316958769640225,0.9546192106173778
Australia and New Zealand,NM,2002,0.5824156170666046,0.003181415730029058,0.9562384752560644
Australia and New Zealand,NM,2003,0.6013196887289051,0.00392466383480794,0.95786048655849
Australia and New Zealand,NM,2004,0.6163836516825119,0.02036920050486074,0.9594852491836591
Australia and New Zealand,NM,2005,0.6428755441994447,0.009618261442396803,0.9611127677984791
Australia and New Zealand,NM,2006,0.6647894888167267,0.00331416845287269,0.962743047077774
Australia and New Zealand,NM,2007,0.6893222751459355,0.003121351753030077,0.9643760917042974
Australia and New Zealand,NM,2008,0.7144968348923978,-0.003878165760633212,0.9660119063687455
Australia and New Zealand,NM,2009,0.7333575017910102,-0.013788280083026239,0.9676504957697712
Australia and New Zealand,NM,2010,0.7500999954599263,-0.015411286224742138,0.9692918646139981
Australia and New Zealand,NM,2011,0.7680432359888294,-0.015675754099379713,0.9709360176160324
Australia and New Zealand,NM,2012,0.7870561081725972,-0.003708306041345394,0.9725829594984781
Australia and New Zealand,NM,2013,0.8031921638271874,0.0016696267450117264,0.9742326949919496
Australia and New Zealand,NM,2014,0.8194358596220194,0.008852812793580717,0.9758852288350855
Australia and New Zealand,NM,2015,0.8400980597163111,0.007573380068218144,0.9775405657745627
Australia and New Zealand,NM,2016,0.8599026076236647,0.012832637973348354,0.9791987105651089
Australia and New Zealand,NM,2017,0.8885585131626474,0.00405491160734546,0.9808596679695177
Australia and New Zealand,NM,2018,0.9188678780346777,-3.1702844145099773e-4,0.9825234427586611
Australia and New Zealand,NM,2019,0.9422820008191066,-0.003798857151149318,0.9841900397115035
Australia and New Zealand,NM,2020,0.942697364529219,-0.005696500678174496,0.9858594636151163
Australia and New Zealand,NM,2021,0.962673340835006,-0.0024976777515642035,0.9875317192646902
Australia and New Zealand,NM,2022,0.9892068114645504,0.010851857528052334,0.9892068114635504
Brazil,NM,2000,0.6267281665534156,-0.003411738314889279,0.993919083985749
Brazil,NM,2001,0.6430299763331816,-0.0152866625152,0.9952956167331319
Brazil,NM,2002,0.659469449785068,-0.010453215653273729,0.9966740559157922
Brazil,NM,2003,0.658982603047688,0.0016288594499150322,0.9980544041740561
Brazil,NM,2004,0.6986134819419584,-7.696457110099031e-4,0.9994366641519061
Brazil,NM,2005,0.7212021330742953,-0.0010722869104919375,1.0008208384969877
Brazil,NM,2006,0.7478811717004243,0.001458194356799114,1.0022069298606122
Brazil,NM,2007,0.7926582601783103,0.002237962674750793,1.0035949408977634
Brazil,NM,2008,0.8408022237234747,-0.007039295511229254,1.0049848742671006
Brazil,NM,2009,0.846186938256071,-0.01468212680393019,1.0063767326309683
Brazil,NM,2010,0.9003472818785825,-0.004139165196083372,1.0077705186553951
Brazil,NM,2011,0.9203265856077718,0.012887511704850724,1.0091662350101043
Brazil,NM,2012,0.9321725865192059,0.019127633892616673,1.010563884368514
Brazil,NM,2013,0.9629085727358897,0.016292706868082173,1.011963469407748
Brazil,NM,2014,0.9620924801976537,0.02216771093964881,1.013364992808636
Brazil,NM,2015,0.9286063459641225,0.021491832040237344,1.01476845725572
Brazil,NM,2016,0.9088826082350181,0.009653056469693416,1.0161738654372614
Brazil,NM,2017,0.9135488195084243,0.017673996151520252,1.0175812200452434
Brazil,NM,2018,0.9397010947709823,0.007128405289593569,1.018990523775379
Brazil,NM,2019,0.9705682007499914,-0.013057579117173593,1.0204017793271134
Brazil,NM,2020,0.9202174974190436,0.006897640578051839,1.0218149894036308
Brazil,NM,2021,0.9994287053761459,-0.0291492986205585,1.0232301567118585
Brazil,NM,2022,1.0246472839634746,-0.024348440162469665,1.0246472839624745
Canada,NM,2000,0.6460997086386802,0.0122037498514187,0.8934442498613634
Canada,NM,2001,0.6549442348888019,0.017184607622903414,0.895200515651504
Canada,NM,2002,0.6771420028540465,0.013405775435189005,0.8969602337773963
Canada,NM,2003,0.7078909231400811,-0.01310099990770125,0.8987234110253823
Canada,NM,2004,0.7432543852007972,-0.03139406893522817,0.9004900541951464
Canada,NM,2005,0.7785088924617769,-0.04613642253110123,0.902260170099737
Canada,NM,2006,0.789338955188472,-0.033914108880073124,0.9040337655655969
Canada,NM,2007,0.8140276427817033,-0.04442064999934489,0.9058108474325868
Canada,NM,2008,0.8185409587655851,-0.04004516971928379,0.9075914225540125
Canada,NM,2009,0.7643114743545739,-0.0010809281388737269,0.9093754977966525
Canada,NM,2010,0.8158041511188476,-0.03584020027747606,0.911163080040783
Canada,NM,2011,0.8402367053534151,-0.0344596187372839,0.9129541761802038
Canada,NM,2012,0.8424453397029872,-0.01968063902792752,0.9147487931222685
Canada,NM,2013,0.8619121609037957,-0.019533437559187683,0.9165469377879065
Canada,NM,2014,0.871724210273908,-0.0025231426653089806,0.9183486171116524
Canada,NM,2015,0.8691808838975168,0.006877007622085707,0.92015383804167306
Canada,NM,2016,0.8648168317578224,0.022242698635073596,0.9219626075397923
Canada,NM,2017,0.8953901230452088,0.017388209084236536,0.9237749325815193
Canada,NM,2018,0.9192238577025894,0.018178119640627724,0.9255908201560763
Canada,NM,2019,0.9242092939349714,0.03167392757901837,0.9274102772664223
Canada,NM,2020,0.8699750902998954,0.04045212827081664,0.9292333109292846
Canada,NM,2021,0.9067230418101356,0.05688171432017103,0.9310599281751817
Canada,NM,2022,0.9328901360494523,0.06946783849965624,0.9328901360484523
Caribbean Extended,NM,2000,0.5225959478525082,-0.046821906072888386,0.9173021265199675
Caribbean Extended,NM,2001,0.5274849897175828,-0.036422631848639364,0.91930440019528
Caribbean Extended,NM,2002,0.5425554044575112,-0.00460195109762862,0.9213110444043077
Caribbean Extended,NM,2003,0.5474868967304123,0.009960142513099068,0.9233220686869874
Caribbean Extended,NM,2004,0.5647521933050368,0.006535648037412467,0.9253374826040802
Caribbean Extended,NM,2005,0.5933500344308716,0.014710452158892773,0.9273572957372156
Caribbean Extended,NM,2006,0.6386827806067553,0.026864511276420866,0.9293815176889383
Caribbean Extended,NM,2007,0.6780199940577009,0.019625533404842965,0.9314101580827531
Caribbean Extended,NM,2008,0.7012911350776849,0.008821155475598585,0.9334432265631708
Caribbean Extended,NM,2009,0.6964252680313404,0.010490272749199614,0.9354807327957532
Caribbean Extended,NM,2010,0.7233245317100134,0.005909483801106563,0.9375226864671625
Caribbean Extended,NM,2011,0.7455594868157933,-0.004380971516183996,0.9395690972852024
Caribbean Extended,NM,2012,0.7672789484674574,-0.012097643217661325,0.9416199749788675
Caribbean Extended,NM,2013,0.7834461941182574,-0.0011722890704266575,0.9436753292983885
Caribbean Extended,NM,2014,0.8109210822716876,0.008865274577477461,0.9457351700152791
Caribbean Extended,NM,2015,0.8842075127484579,-0.04104397285526418,0.9477995069223816
Caribbean Extended,NM,2016,0.8836673708311411,-0.0118316059058622,0.9498683498339145
Caribbean Extended,NM,2017,0.9006160998917868,-0.010316286684657533,0.9519417085855183
Caribbean Extended,NM,2018,0.9327622535419484,-0.001885980026061218,0.954019593034303
Caribbean Extended,NM,2019,0.9630830657578797,-0.005982378769586842,0.9561020130588938
Caribbean Extended,NM,2020,0.8787750418906684,-0.005790118612061107,0.9581889785594787
Caribbean Extended,NM,2021,0.9297784248980953,0.026874046489716315,0.960280499457858
Caribbean Extended,NM,2022,0.9623765856984865,0.03834944369334785,0.9623765856974865
Central America,NM,2000,0.4535990629642188,-0.0179408716587679,0.9485232431252782
Central America,NM,2001,0.4472244698905315,0.018385298007002393,0.9505512173537142
Central America,NM,2002,0.4625922905733594,0.014135248094596764,0.9525835274584726
Central America,NM,2003,0.482621404915012,0.004845461218585867,0.9546201827098013
Central America,NM,2004,0.5066553802653911,-0.0017587335299681373,0.956661192397768
Central America,NM,2005,0.5328243282997324,-0.00877345046022604,0.9587065658323038
Central America,NM,2006,0.5769322357709238,-0.02716321627218521,0.9607563123432425
Central America,NM,2007,0.6364829464079534,-0.05728617772359945,0.9628104412803675
Central America,NM,2008,0.6481793236037398,-0.02997936312687899,0.9648689620134517
Central America,NM,2009,0.6232224220767341,0.004394113719630555,0.9669318839323017
Central America,NM,2010,0.6370073340201076,0.022006728502370676,0.9689992164467973
Central America,NM,2011,0.6914184293438567,-0.004617062217018741,0.9710709689869397
Central America,NM,2012,0.7190867672664876,0.005090443043994919,0.9731471510028902
Central America,NM,2013,0.7395090993691689,0.01482140374137847,0.9752277719650158
Central America,NM,2014,0.7664913542596482,0.017216553235705062,0.9773128413639315
Central America,NM,2015,0.8093259829128254,0.002953198605661428,0.9794023687105416
Central America,NM,2016,0.8281604002865,0.015248328612278594,0.9814963635360872
Central America,NM,2017,0.8913488557777682,-0.018846346435404338,0.9835948353921868
Central America,NM,2018,0.9072720334269506,-0.009287110960252115,0.9856977938508809
Central America,NM,2019,0.9365729703662471,-0.01442701985487839,0.9878052485046752
Central America,NM,2020,0.8145966518012989,0.04941829879411885,0.9899172089665832
Central America,NM,2021,0.94710044844725,9.80078541849283e-4,0.9920336848701731
Central America,NM,2022,0.9941546858706092,0.005862464845897115,0.9941546858696092
Central Asia Extended,NM,2000,0.2689704856279516,-0.00327102938805357,0.9712749421121323
Central Asia Extended,NM,2001,0.2978215157219923,-0.01294948689527664,0.9732564954845889
Central Asia Extended,NM,2002,0.31615518099164736,9.633534292585733e-4,0.9752420915370293
Central Asia Extended,NM,2003,0.33379761639828903,0.02711368043642448,0.977231738517157
Central Asia Extended,NM,2004,0.36900316346687323,0.010363832824248576,0.9792254446894992
Central Asia Extended,NM,2005,0.4201295327975755,-0.013529154703269985,0.9812232183354458
Central Asia Extended,NM,2006,0.484018769925556,-0.03315753275864808,0.9832250677532814
Central Asia Extended,NM,2007,0.537455622422163,-0.024488613219293187,0.9852310012582206
Central Asia Extended,NM,2008,0.5624436434582883,-0.008561998812556038,0.9872410271824411
Central Asia Extended,NM,2009,0.5752826012084875,9.213891250293704e-4,0.989255153875123
Central Asia Extended,NM,2010,0.624047756073136,-0.017530608290262706,0.9912733897024766
Central Asia Extended,NM,2011,0.6399287930297134,0.015602886945861871,0.9932957430477818
Central Asia Extended,NM,2012,0.681619467231115,0.0029150095625827266,0.9953222223114215
Central Asia Extended,NM,2013,0.7065984607643441,0.02968437179322203,0.9973528359109173
Central Asia Extended,NM,2014,0.7339269948894626,0.038918875655647,0.9993875922809623
Central Asia Extended,NM,2015,0.8447608084905077,-0.07274670975061245,1.0014264998734606
Central Asia Extended,NM,2016,0.7816682235644616,0.02432505024986628,1.0034695671575569
Central Asia Extended,NM,2017,0.8229701977539847,0.0116180887825158,1.005516802619675
Central Asia Extended,NM,2018,0.8464278468609082,0.0260651641128061,1.0075682147635527
Central Asia Extended,NM,2019,0.849602363197477,0.0711760451695927,1.0096238121102765
Central Asia Extended,NM,2020,0.9157531000039174,-0.019998916035256026,1.0116836031983163
Central Asia Extended,NM,2021,0.9973387893487995,-0.0479174993126253,1.0137475965835645
Central Asia Extended,NM,2022,1.0158158008403664,-0.01569203433328497,1.0158158008393663
Chile,NM,2000,0.4790976579163283,-0.01930538932013648,0.9481824303590376
Chile,NM,2001,0.4842563991142892,0.0010388944920473042,0.9502525508270725
Chile,NM,2002,0.49552875471332014,0.009555043822417342,0.952327190888188
Chile,NM,2003,0.5182415069585123,0.010889720718666784,0.954406360409793
Chile,NM,2004,0.5506672480985824,0.014809239611085045,0.9564900692808368
Chile,NM,2005,0.5885894391224342,0.004940598841998378,0.9585783274118598
Chile,NM,2006,0.6194836601394048,0.012524996798317312,0.9606711447350386
Chile,NM,2007,0.6555702837070104,0.006296110639866681,0.9627685312042368
Chile,NM,2008,0.6919849472447556,-0.010568394664880576,0.9648704967950473
Chile,NM,2009,0.6868475212369216,-0.014359605446922608,0.9669770515048431
Chile,NM,2010,0.7405916990486615,-0.03282973831907138,0.9690882053528231
Chile,NM,2011,0.7998274124065152,-0.049395972908674035,0.971203968380063
Chile,NM,2012,0.8126873072536722,-0.005612667342050404,0.9733243506495584
Chile,NM,2013,0.8589185261653757,-0.02839243702709726,0.9754493622462755
Chile,NM,2014,0.8250844611085321,0.02956530492898124,0.9775790132771981
Chile,NM,2015,0.8476131705394089,0.023916457662703283,0.9797133138713784
Chile,NM,2016,0.8805929972942655,0.003123764903378623,0.9818522741799801
Chile,NM,2017,0.8994934952294268,-0.004627155058069973,0.9839959043763306
Chile,NM,2018,0.9416876959569566,-0.01134393354562993,0.9861442146559672
Chile,NM,2019,0.957595488852076,-0.021771882000088887,0.9882972152366893
Chile,NM,2020,0.8725595048133075,0.007820144022914255,0.9904549163586017
Chile,NM,2021,0.9163250900310059,0.06607321922137395,0.992617328284167
Chile,NM,2022,0.9947844612992519,0.005229187100234563,0.9947844612982519
China,NM,2000,0.1868026176377925,-0.0605231636752277,1.0682800007237763
China,NM,2001,0.18693425432420696,0.014772639348882066,1.0702477533649093
China,NM,2002,0.18505454238923377,0.11000678215467108,1.0722191305711881
China,NM,2003,0.2217858225660166,0.022592077042747682,1.074194139018997
China,NM,2004,0.2545502535336868,-0.018554524262031524,1.076172785397018
China,NM,2005,0.29156337572980934,-0.047509096062492207,1.078155076406253
China,NM,2006,0.3239036899824933,-0.03531783094810548,1.080141018760048
China,NM,2007,0.3703501333092628,-0.03947388371387972,1.082130619184114
China,NM,2008,0.39878230381120255,-0.02375399998908978,1.084123884416551
China,NM,2009,0.4193870891173679,0.01176037025064347,1.0861208212078706
China,NM,2010,0.4623850856759361,0.014384335096346512,1.088121436321018
China,NM,2011,0.5354239990143135,-0.042368683245367134,1.090125736531397
China,NM,2012,0.5506229580924112,0.003924142729943236,1.0921337286268902
China,NM,2013,0.6104591970871223,-0.025176073452211567,1.0941454194078837
China,NM,2014,0.662565362297477,-0.036640199154715614,1.0961608156872906
China,NM,2015,0.685596924190134,-0.005777661388027933,1.0981799242905719
China,NM,2016,0.6935317218973552,0.046975612779521,1.1002027520557625
China,NM,2017,0.7304422604479481,0.06123664687112895,1.102229305833492
China,NM,2018,0.7896951800615828,0.047887247065954014,1.1042595924870084
China,NM,2019,0.8154509953344186,0.07298312810014618,1.1062936188922026
China,NM,2020,0.8766263963452785,0.020237985340264983,1.1083313919376296
China,NM,2021,0.9504147220160264,0.021413471136414404,1.1103729185245341
China,NM,2022,1.1124182055678453,-0.10653620926922078,1.112418205566872
Eastern Africa,NM,2000,0.7532924284215972,-0.04868799743077673,0.9257540535847012
Eastern Africa,NM,2001,0.759721786002279,-0.03494972165763183,0.927590754835071
Eastern Africa,NM,2002,0.7586411352624337,-0.02111471036522211,0.9294311001110549
Eastern Africa,NM,2003,0.7691214194520811,-0.02379084195262604,0.931275096642419
Eastern Africa,NM,2004,0.7860798087643086,-0.018122696934818994,0.9331227516732759
Eastern Africa,NM,2005,0.8061254819666201,-0.022221257002301098,0.9349740724621078
Eastern Africa,NM,2006,0.8394594358950214,-0.026131950311140628,0.9368290662818004
Eastern Africa,NM,2007,0.8720357421258901,-0.03158575527673127,0.9386877404196665
Eastern Africa,NM,2008,0.8763660566575188,-0.02783036989162649,0.9405501021774785
Eastern Africa,NM,2009,0.8198420992484515,-0.004611075664807424,0.9424161588714955
Eastern Africa,NM,2010,0.8212436343052093,0.01359430650481977,0.9442859178324912
Eastern Africa,NM,2011,0.8327050018554064,0.01910437684553784,0.9461593864057846
Eastern Africa,NM,2012,0.8235897551202432,0.022554414239126103,0.9480365719512667
Eastern Africa,NM,2013,0.8165763124539058,0.03048773043023792,0.9499174818434319
Eastern Africa,NM,2014,0.829573449343247,0.03164315642280327,0.9518021234714045
Eastern Africa,NM,2015,0.8560788165852721,0.024191512188013187,0.9536905042389694
Eastern Africa,NM,2016,0.8739027175689436,0.02344471511035323,0.9555826315646011
Eastern Africa,NM,2017,0.897477947704993,0.025968698533702275,0.957478512881491
Eastern Africa,NM,2018,0.919446061106909,0.02419971771013884,0.95937815563758
Eastern Africa,NM,2019,0.9569098177930275,0.004248445357719982,0.96128156729558345
Eastern Africa,NM,2020,0.9261885442027121,-0.0207777164458771,0.9631887553330248
Eastern Africa,NM,2021,0.9540127813738029,0.011443145254562193,0.9650997272422619
Eastern Africa,NM,2022,0.9670144905315166,0.03354179860435465,0.9670144905305166
EU27,NM,2000,0.3099313763978258,0.0255777003367883,0.9540185515845977
EU27,NM,2001,0.3251054757836682,0.024745303983439326,0.956017493634282
EU27,NM,2002,0.3378053742353334,3.950176558149554e-4,0.9580206240399596
EU27,NM,2003,0.354126316543094,-0.025912590106567324,0.9600279515774344
EU27,NM,2004,0.37185711769880475,-0.015602551687912025,0.962039485040901
EU27,NM,2005,0.39287300010058684,-0.012400965664175811,0.9640552332429781
EU27,NM,2006,0.4179524718672776,-0.00693228111294486,0.9660752050147493
EU27,NM,2007,0.4400175121373756,0.010425843404805457,0.968099409205804
EU27,NM,2008,0.4657089255135562,-0.0018955952814457833,0.9701278546842717
EU27,NM,2009,0.48756441636735365,0.006522634463013599,0.9721605503368631
EU27,NM,2010,0.5153352710366743,0.029926245501645687,0.9741975050689121
EU27,NM,2011,0.5752610394620861,-0.00843288918753815,0.9762387278044085
EU27,NM,2012,0.6193346023138343,-0.0230822665298831,0.9782842274860409
EU27,NM,2013,0.6563878072632382,-0.020604517892970353,0.9803340130752382
EU27,NM,2014,0.6910112027484436,-0.011384215521752616,0.9823880935522027
EU27,NM,2015,0.7525744368557388,-0.03847474974356713,0.9844464779159535
EU27,NM,2016,0.7639084628237991,0.0011353584053385712,0.9865091751843675
EU27,NM,2017,0.8010645855821567,0.00864140796722887,0.9885761943942143
EU27,NM,2018,0.832500652741935,0.023737103543538085,0.9906475446011976
EU27,NM,2019,0.8820964867651997,0.016588000641464734,0.9927232348799986
EU27,NM,2020,0.8975230027014397,0.005401038279930687,0.9948032743243094
EU27,NM,2021,0.9454492076668468,0.007787004700335776,0.9968876720468767
EU27,NM,2022,0.9989764371805426,0.0010240870186104991,0.9989764371795427
India,NM,2000,0.26242876150424044,0.019745815060957517,0.9796339213319694
India,NM,2001,0.28387154981213264,-0.011683978230717207,0.9822539376883846
India,NM,2002,0.29486342226551343,-0.012340259818499177,0.9848809612395889
India,NM,2003,0.310511018370453,0.01161989650846973,0.9875150107262187
India,NM,2004,0.3325547486532973,0.019282045126886693,0.9901561049390348
India,NM,2005,0.3631098237394479,0.007633016037339013,0.9928042627190526
India,NM,2006,0.39308448914144567,0.00583711991320035,0.9954595029576787
India,NM,2007,0.4295662404470414,-0.00909880268255503,0.9981218445968411
India,NM,2008,0.46308208312055876,-0.053827011592649354,1.0007913066291312
India,NM,2009,0.49130482301097805,-0.03730595738341724,1.003467908097934
India,NM,2010,0.5048155704536528,0.017123363186887897,1.006151668097568
India,NM,2011,0.5343221665921378,0.011403367412093579,1.0088426057734152
India,NM,2012,0.5546398223448062,0.02721055639621317,1.0115407403220649
India,NM,2013,0.6059619464246446,6.171397665589717e-4,1.0142460909914464
India,NM,2014,0.649768074739791,0.0023041465308635822,1.0169586770809669
India,NM,2015,0.7178550967938974,-0.020421787929556956,1.0196785179416517
India,NM,2016,0.7572948891439688,0.005424678028664254,1.0224056329762758
India,NM,2017,0.8038546646798455,0.011503351321635685,1.025140041639511
India,NM,2018,0.8552940224155312,0.012017956365340698,1.0278817634380575
India,NM,2019,0.878824264271418,0.02286207563520644,1.0306308179307888
India,NM,2020,0.8347731643491855,0.014773461817676775,1.0333872247288842
India,NM,2021,0.9327650271587236,-0.0037355275420401512,1.036151003495976
India,NM,2022,1.0389221739492858,-0.03818380454570448,1.0389221739482857
Japan,NM,2000,0.9067594076293553,-0.030819391758167336,0.9051782684543734
Japan,NM,2001,0.9098764110266615,-0.03039740858511443,0.9095891074134406
Japan,NM,2002,0.9093390518503139,-0.029387145362446576,0.9140214399290819
Japan,NM,2003,0.9123763173928048,-0.017486950406282967,0.9184753707371491
Japan,NM,2004,0.9161292511914072,3.3646631597369914e-5,0.9229510050838586
Japan,NM,2005,0.9226677517083103,0.010800137802728288,0.9274484487282861
Japan,NM,2006,0.9277916738031745,0.018892279802192602,0.9319678079448548
Japan,NM,2007,0.9314245699403917,0.029715097218993354,0.9365091895258542
Japan,NM,2008,0.931918283288182,0.01686668276695682,0.9410727007839608
Japan,NM,2009,0.9174382365087852,-0.026090734559735373,0.9456584495547732
Japan,NM,2010,0.9185515406547194,0.012858339369901953,0.950266544199367
Japan,NM,2011,0.9276174594569568,0.003274880786875614,0.954897093606844
Japan,NM,2012,0.9370792122298088,0.006780473211948544,0.959550207196914
Japan,NM,2013,0.9484610052253588,0.014560195682224136,0.9642259949224766
Japan,NM,2014,0.9563467192980847,0.00923806435271008,0.9689245672722194
Japan,NM,2015,0.9634348055113519,0.01733952837553566,0.9736460352732345
Japan,NM,2016,0.9712198534889677,0.01680151700074281,0.9783905104936321
Japan,NM,2017,0.9791523678111228,0.025281498782897142,0.9831581050451847
Japan,NM,2018,0.988491814538684,0.02220178574887164,0.9879489315859729
Japan,NM,2019,0.9960948876784791,0.010509736199916346,0.9927631033230467
Japan,NM,2020,0.9967647195451238,-0.03274402445237501,0.9976007340151078
Japan,NM,2021,1.002193846597895,-0.011567314358736851,1.002461937975187
Japan,NM,2022,1.007346830074351,-0.0073199735771368925,1.007346830073351
Levant,NM,2000,0.4123984220596086,-0.035140250471554224,0.8881290953012178
Levant,NM,2001,0.383027047867319,0.0022700543314814192,0.8898721569003206
Levant,NM,2002,0.40054878790632764,0.0052472842472252035,0.8916186394702651
Levant,NM,2003,0.4210213342517894,0.005880609336583742,0.8933685497251227
Levant,NM,2004,0.45824578426358054,0.004800879060808505,0.8951218943921431
Levant,NM,2005,0.49765730161872274,-0.0020335040532559745,0.8968786802117792
Levant,NM,2006,0.536121317609177,-0.014735060010229173,0.8986389139377119
Levant,NM,2007,0.5606606113558975,-0.005877515695781765,0.9004026023368776
Levant,NM,2008,0.5696847855802961,-0.0016674320011778043,0.9021697521894941
Levant,NM,2009,0.5382029070573523,0.035453817343905736,0.9039403702890851
Levant,NM,2010,0.5934395594809307,0.009212700444743316,0.9057144634425085
Levant,NM,2011,0.6641958222445427,-0.01886999206820078,0.9074920384699804
Levant,NM,2012,0.6773077435367635,-0.025028578466898044,0.9092731022051034
Levant,NM,2013,0.7074147085228395,-0.019224189199153197,0.911057661494892
Levant,NM,2014,0.7264677824852952,-0.008097921823550014,0.9128457231997971
Levant,NM,2015,0.7741841590585375,-0.024973685969925274,0.914637294193736
Levant,NM,2016,0.7981754986429791,-0.025559309330195318,0.9164323813641164
Levant,NM,2017,0.8571676291337829,-0.035436326805680846,0.9182309916118624
Levant,NM,2018,0.8675135327299495,-0.019161590496878683,0.9200331318514436
Levant,NM,2019,0.8378473916349659,0.025486074576592604,0.9218388090108982
Levant,NM,2020,0.8382312501888485,0.02847976589413606,0.9236480300318632
Levant,NM,2021,0.8965702348233769,0.057867712899823204,0.9254608018695991
Levant,NM,2022,0.9272771314940157,0.0755028028700157,0.9272771314930157
Mexico,NM,2000,0.7189367533201177,0.020465924959346515,0.9357277487952922
Mexico,NM,2001,0.717640316071257,0.01775226532342239,0.9386368527429838
Mexico,NM,2002,0.7238364629927366,0.006786573203134971,0.941555000865959
Mexico,NM,2003,0.7377481728487403,-4.6517268672041645e-4,0.9444822212818477
Mexico,NM,2004,0.7585394576396459,0.0067762297770279645,0.9474185421956959
Mexico,NM,2005,0.7793589899385138,6.11650018088189e-4,0.9503639919002338
Mexico,NM,2006,0.8059881401366368,0.013945915685219218,0.9533185987761551
Mexico,NM,2007,0.8258923359590454,0.010116170888348652,0.9562823912923836
Mexico,NM,2008,0.8433224599604784,-0.0013797512762051822,0.959255398006354
Mexico,NM,2009,0.8388801930471406,-0.06111983233916393,0.9622376475642801
Mexico,NM,2010,0.8566056182387681,-0.03351215956039161,0.9652291687014378
Mexico,NM,2011,0.8798436425228654,-0.02641794438755457,0.9682299902424377
Mexico,NM,2012,0.9014227446937018,-0.015732956841757864,0.9712401411015027
Mexico,NM,2013,0.9055097451326753,-0.011771738237357249,0.9742596502827497
Mexico,NM,2014,0.9154941789842523,0.0019915692537629676,0.9772885468804645
Mexico,NM,2015,0.9324617533842089,0.01029201630900959,0.9803268600793883
Mexico,NM,2016,0.9423265645423557,0.01733812509623623,0.983374619154991
Mexico,NM,2017,0.9499337449590695,0.027842164648035975,0.9864318534737624
Mexico,NM,2018,0.9643679471319232,0.032290121229760264,0.9894985924934858
Mexico,NM,2019,0.9741183353411962,0.01829563077160539,0.9925748657635297
Mexico,NM,2020,0.9197380101433121,-0.01149754794782075,0.9956607029251292
Mexico,NM,2021,0.978497288035555,-0.01470051796913626,0.9987561337116685
Mexico,NM,2022,1.0018611879499748,-0.00185945808475121,1.0018611879489747
Middle Africa,NM,2000,0.3794487581020121,0.02939088767272313,1.0597158887074043
Middle Africa,NM,2001,0.39282904411561725,0.04431721102247266,1.0615296429882746
Middle Africa,NM,2002,0.46725230831860276,-0.05341612523401584,1.0633465015960943
Middle Africa,NM,2003,0.49593438083999436,-0.06784734670256065,1.065166469844066
Middle Africa,NM,2004,0.5323731918819445,-0.03692392362950847,1.0669895530544877
Middle Africa,NM,2005,0.5678874849916051,-0.007624069559112989,1.068815756558766
Middle Africa,NM,2006,0.6020301496155529,-5.40759427950066e-4,1.0706450856974323
Middle Africa,NM,2007,0.6373531713892266,0.024491474129563817,1.0724775458201596
Middle Africa,NM,2008,0.6937191328871243,0.014496492573510544,1.074313142285776
Middle Africa,NM,2009,0.7329284648767647,-0.020404943765550576,1.0761518804622825
Middle Africa,NM,2010,0.7510767012936407,-0.001473608690479744,1.077993765726866
Middle Africa,NM,2011,0.8068092258959784,-0.030566673757768142,1.0798388034659183
Middle Africa,NM,2012,0.799758566342178,0.05134104436985401,1.0816869990750508
Middle Africa,NM,2013,0.8532052836674915,0.023241808160819916,1.0835383579591074
Middle Africa,NM,2014,0.8967282766091599,0.02408481573629334,1.0853928855321846
Middle Africa,NM,2015,0.8997022797207517,0.04238928127054642,1.0872505872176446
Middle Africa,NM,2016,0.8697371095957183,0.06410796813594137,1.0891114684481318
Middle Africa,NM,2017,0.8823463737048884,0.05408362007813987,1.0909755346655903
Middle Africa,NM,2018,0.9264111499140062,0.016046877752728096,1.0928427913212757
Middle Africa,NM,2019,0.9408400257371662,0.015589376763944021,1.0947132438757765
Middle Africa,NM,2020,0.9494023187449004,-0.019670432920699248,1.096586897799025
Middle Africa,NM,2021,1.0298136839460417,-0.07660907149391388,1.0984637585703165
Middle Africa,NM,2022,1.1003438316793255,-0.0956227052161023,1.1003438316783254
Non-EU Europe,NM,2000,0.7329788015594012,-0.05710422629823786,0.9527303333358585
Non-EU Europe,NM,2001,0.7399794909980161,-0.011138605288271541,0.9547693478236917
Non-EU Europe,NM,2002,0.7486464312196444,0.017585245521471782,0.95681272616973
Non-EU Europe,NM,2003,0.7841518295776985,0.02944738460145735,0.9588604777134141
Non-EU Europe,NM,2004,0.8540748824923898,0.028070588169067406,0.9609126118141755
Non-EU Europe,NM,2005,0.9157406925001341,-0.0025304471918801696,0.9629691378514764
Non-EU Europe,NM,2006,0.9968152257079681,-0.028230056904444585,0.9650300652248502
Non-EU Europe,NM,2007,1.0832585512120523,-0.04633465751984595,0.9670954033539504
Non-EU Europe,NM,2008,1.1090695683575398,-0.029875147108604796,0.9691651616785869
Non-EU Europe,NM,2009,0.9865017092332984,0.0018126196608099238,0.9712393496587758
Non-EU Europe,NM,2010,0.9819509546625084,0.03965645940793597,0.973317976774776
Non-EU Europe,NM,2011,1.0318300634589894,0.02673281110377783,0.9754010525271396
Non-EU Europe,NM,2012,1.0530561855221892,0.014928954617378677,0.9774885864367473
Non-EU Europe,NM,2013,1.0716130424204864,0.005687838669362635,0.9795805880448607
Non-EU Europe,NM,2014,1.0389829150030812,-6.833288630400877e-4,0.981677066913157
Non-EU Europe,NM,2015,0.9960562634570463,0.003562700941593929,0.9837780326237815
Non-EU Europe,NM,2016,1.0227235709271274,-0.006640283031449545,0.9858834947793825
Non-EU Europe,NM,2017,1.0465822981562114,-0.0047347558861843345,0.9879934630031643
Non-EU Europe,NM,2018,1.0775571793492482,-0.0055514166918200075,0.9901079469389221
Non-EU Europe,NM,2019,1.096408094771821,0.0022503576731196934,0.992226956251094
Non-EU Europe,NM,2020,1.0598195322020871,0.008334046472191388,0.994350500624801
Non-EU Europe,NM,2021,1.0904821700549105,0.023458097677463957,0.9964785897658901
Non-EU Europe,NM,2022,0.9986112334019833,0.00138973182910502,0.9986112334009833
Northern Africa,NM,2000,0.4803720726062836,-0.010602419243049499,0.9059244089246162
Northern Africa,NM,2001,0.4937503434867294,-0.0014150267272050598,0.9075570284195179
Northern Africa,NM,2002,0.5140764499251298,-0.009743475544011004,0.9091925901537382
Northern Africa,NM,2003,0.5270751120339505,0.01556913897585166,0.9108310994296585
Northern Africa,NM,2004,0.5433066754775855,0.028959068197593862,0.9124725615592162
Northern Africa,NM,2005,0.5883036360168257,-0.0013526034009866406,0.9141169818639228
Northern Africa,NM,2006,0.6176072728275386,0.006927679595804759,0.9157643656748782
Northern Africa,NM,2007,0.6638007453775819,-0.010695166187283112,0.9174147183327918
Northern Africa,NM,2008,0.6811689723813513,0.012577159200301002,0.9190680451879958
Northern Africa,NM,2009,0.7039978422927882,0.004639880073472935,0.9207243516004664
Northern Africa,NM,2010,0.7352971285689605,0.006803586926317606,0.9223836429398378
Northern Africa,NM,2011,0.7638105344544086,-0.04318054541554989,0.9240459245854223
Northern Africa,NM,2012,0.7848871275578445,-0.03695303786423382,0.925711201926226
Northern Africa,NM,2013,0.8194694835987998,-0.06584495433427567,0.9273794803609663
Northern Africa,NM,2014,0.791894322077415,-0.0099178489332101,0.9290507652980912
Northern Africa,NM,2015,0.8386046001122185,-0.032072840504474065,0.9307250621557944
Northern Africa,NM,2016,0.8831834220506366,-0.05031747090728214,0.9324023763620352
Northern Africa,NM,2017,0.8924306904620045,-0.02015833104883563,0.9340827133545535
Northern Africa,NM,2018,0.9380770588132359,-0.03415037621119803,0.9357660785808909
Northern Africa,NM,2019,0.8895052595440892,0.04797362362215486,0.9374524774984041
Northern Africa,NM,2020,0.8520239650761033,0.07493554739746074,0.9391419155742857
Northern Africa,NM,2021,0.9060555817744304,0.05529600232764905,0.9408343982855822
Northern Africa,NM,2022,0.9425299311202084,0.059187603008499304,0.9425299311192085
Peninsular West Asia,NM,2000,0.4322059934947677,0.0554134586827979,0.9314321833514514
Peninsular West Asia,NM,2001,0.45437846801603915,0.020189232624559628,0.9328885597769833
Peninsular West Asia,NM,2002,0.4825927030590028,-0.02324437735669649,0.9343472133755936
Peninsular West Asia,NM,2003,0.5052775546691265,-0.03382318554174368,0.9358081477078442
Peninsular West Asia,NM,2004,0.5453805417066149,-0.010612264048627806,0.937271366339863
Peninsular West Asia,NM,2005,0.5789630760220947,-0.02371113110516143,0.9387368728433547
Peninsular West Asia,NM,2006,0.6041554109522062,-0.009573385912650001,0.940204670795608
Peninsular West Asia,NM,2007,0.6316942405112419,-0.005676651603097771,0.9416747637795054
Peninsular West Asia,NM,2008,0.6496708472653082,0.010306984873787006,0.9431471553835316
Peninsular West Asia,NM,2009,0.6811166938020466,-0.038110448364348126,0.9446218492017816
Peninsular West Asia,NM,2010,0.6974250335368457,-0.011455691808514024,0.9460988488339709
Peninsular West Asia,NM,2011,0.7141388387562094,0.03751870796196788,0.947578157885443
Peninsular West Asia,NM,2012,0.7543124406117889,0.016717571401812514,0.949059779967179
Peninsular West Asia,NM,2013,0.7865043349031946,0.0014811075221638492,0.9505437186958053
Peninsular West Asia,NM,2014,0.8149455606807454,0.004228093249094289,0.9520299776936042
Peninsular West Asia,NM,2015,0.8464895421706959,-0.004689429415261903,0.9535185605885212
Peninsular West Asia,NM,2016,0.8777340004301815,0.012521714491180738,0.9550094710141745
Peninsular West Asia,NM,2017,0.8970333409413576,-0.001526888371572735,0.9565027126098641
Peninsular West Asia,NM,2018,0.9048782324876616,0.00374908325878541,0.9579982890205797
Peninsular West Asia,NM,2019,0.9262181653557024,-0.012186536325757197,0.959496203897011
Peninsular West Asia,NM,2020,0.91087069429808,-0.02893056433393011,0.9609964608955553
Peninsular West Asia,NM,2021,0.9191273712935808,0.006921542361725014,0.9624990636783275
Peninsular West Asia,NM,2022,0.9640040159141684,0.036659818495202,0.9640040159131684
Republic of Korea,NM,2000,0.4918366940251505,-0.06925851365594793,0.9275937800398286
Republic of Korea,NM,2001,0.5041254730945011,-0.04655353778904159,0.9294351304596966
Republic of Korea,NM,2002,0.5441416672618246,-0.04852482070758479,0.9312801361125363
Republic of Korea,NM,2003,0.5752953230193255,-0.07321127135562666,0.9331288042542868
Republic of Korea,NM,2004,0.593102116585879,-0.053025952835255685,0.9349811421552926
Republic of Korea,NM,2005,0.6034276386058671,-0.028102021513340514,0.9368371571003286
Republic of Korea,NM,2006,0.6295334988201869,-0.019151094528743196,0.9386968563886319
Republic of Korea,NM,2007,0.6638730353783523,-0.01588640838109734,0.9405602473339293
Republic of Korea,NM,2008,0.6609499511467115,0.01821105968253256,0.9424273372644645
Republic of Korea,NM,2009,0.6651012438686033,0.019845605705426317,0.9442981335230303
Republic of Korea,NM,2010,0.7061868864155063,0.025737683954842383,0.9461726434669937
Republic of Korea,NM,2011,0.7172831392225465,0.046340825532627694,0.9480508744683279
Republic of Korea,NM,2012,0.717714808684451,0.06948032928484932,0.9499328339136403
Republic of Korea,NM,2013,0.7401226481579658,0.06989364180775892,0.9518185292041995
Republic of Korea,NM,2014,0.765477094078731,0.06773274177284233,0.953707967755969
Republic of Korea,NM,2015,0.8095937143359481,0.03940315196865746,0.9556011569996308
Republic of Korea,NM,2016,0.8664615229503851,5.608918437278176e-4,0.9574981043806194
Republic of Korea,NM,2017,0.9347091338884731,-0.04414951457579827,0.959398817359148
Republic of Korea,NM,2018,0.931082556837287,-0.011602370579395394,0.9613033034102401
Republic of Korea,NM,2019,0.9170722863024036,0.025750655120520625,0.9632115700237559
Republic of Korea,NM,2020,0.9419910872789204,-0.008178065640307361,0.9651236247044253
Republic of Korea,NM,2021,0.9587461443499545,0.016338042988084063,0.967039474971875
Republic of Korea,NM,2022,0.9689591283616598,0.03153284717527168,0.9689591283606598
Russia,NM,2000,0.5359136915184716,-0.01927359382643945,0.937816400294407
Russia,NM,2001,0.5668263511126823,-0.025610710812114412,0.9417398970763972
Russia,NM,2002,0.57294634117599,0.0095789888131379,0.945679808400715
Russia,NM,2003,0.6192951090851554,0.002247275037043084,0.9496362029400814
Russia,NM,2004,0.6615991105810244,0.005694882602648221,0.9536091496545204
Russia,NM,2005,0.6911867214558937,0.023979814499750896,0.9575987177925603
Russia,NM,2006,0.7611773310995762,0.00633520988831443,0.961604976892441
Russia,NM,2007,0.8391236107404078,-0.009576737086789078,0.9656279967833267
Russia,NM,2008,0.8899271950053926,-0.01766539819433069,0.9696678475865218
Russia,NM,2009,0.8113911076686857,-0.00648596738906676,0.9737245997166942
Russia,NM,2010,0.8514361968244117,-0.010643406656844961,0.977798323883102
Russia,NM,2011,0.8997641008683116,-0.023750077061836142,0.9818890910908266
Russia,NM,2012,0.9300092970568401,-0.01735975227621553,0.9859969726420094
Russia,NM,2013,0.9220453219636715,0.008642443198920047,0.9901220401370951
Russia,NM,2014,0.9286779101129697,0.008810561869077568,0.9942643654760802
Russia,NM,2015,0.8810169240406515,0.04157130409408691,0.9984240208597653
Russia,NM,2016,0.8978816745182978,0.02454478924444979,1.002601078791014
Russia,NM,2017,0.9329470866727434,0.0043277973433318295,1.0067956120760169
Russia,NM,2018,0.9638483107972059,-5.718362977418789e-4,1.0110076938255594
Russia,NM,2019,0.9716987904050874,0.013058707226360256,1.0152373974562985
Russia,NM,2020,0.9415340985013193,0.017699050789213487,1.0194847966920393
Russia,NM,2021,1.0109306315477586,0.0035916141988400797,1.0237499655650226
Russia,NM,2022,1.0280329784182143,-0.027647246690775718,1.0280329784172142
South Africa,NM,2000,0.6143856207008787,1.318315395841263e-4,0.9404913161821924
South Africa,NM,2001,0.6289960566437937,0.0032716560625194457,0.9424204778896327
South Africa,NM,2002,0.6459186380171861,0.013058207039573666,0.9443535967467352
South Africa,NM,2003,0.6809001337885395,-0.01062056155601071,0.9462906808705137
South Africa,NM,2004,0.7229140382726488,-0.025956589003625963,0.9482317383946316
South Africa,NM,2005,0.7603732912066264,-0.025050150013219752,0.9501767774694388
South Africa,NM,2006,0.8008923429458552,-0.02244288923991014,0.9521258062620002
South Africa,NM,2007,0.8456149183879874,-0.02456246821786398,0.9540788329561364
South Africa,NM,2008,0.8884136958651456,-0.04252444309824366,0.9560358657524526
South Africa,NM,2009,0.8641292530302608,-0.0303090998868413,0.957996912868375
South Africa,NM,2010,0.8246082364325571,0.046449210389733986,0.9599619825381883
South Africa,NM,2011,0.8741604715252902,0.019287423139394536,0.9619310830130642
South Africa,NM,2012,0.8892179781108139,0.02588829139545286,0.9639042225611031
South Africa,NM,2013,0.920496449903563,0.01586848656349238,0.965881409467362
South Africa,NM,2014,0.9293813292549853,0.020302607276433494,0.9678626520338929
South Africa,NM,2015,0.9681260747163161,-0.007409028118989934,0.9698479585797797
South Africa,NM,2016,0.9731012356541308,-0.005911656325428321,0.9718373374411678
South Africa,NM,2017,0.982386481683971,-0.0038949470745744674,0.9738307969713025
South Africa,NM,2018,0.9878263033134108,0.00603059468450989,0.9758283455405653
South Africa,NM,2019,1.000582388328228,-0.004204087074301802,0.9778299915365045
South Africa,NM,2020,0.9221328423170155,0.013770036085593948,0.9798357433638762
South Africa,NM,2021,0.9454724425103739,0.03713627946217424,0.98184560944467425
South Africa,NM,2022,0.9838595982191677,0.016272076847937363,0.9838595982181677
South America Cluster,NM,2000,0.4393827118137255,0.001658417180851135,0.881167797411235
South America Cluster,NM,2001,0.437771279752316,0.018078771711675268,0.8839927860862045
South America Cluster,NM,2002,0.45146565597355315,0.013697548876320353,0.8868268315617492
South America Cluster,NM,2003,0.4670751135555139,0.015097866055871156,0.8896699628736076
South America Cluster,NM,2004,0.4860637713494137,0.02687282867317442,0.8925222091506076
South America Cluster,NM,2005,0.5155690776824658,0.018350830529083595,0.8953835996149626
South America Cluster,NM,2006,0.5599640185498552,-0.003959956259944275,0.898254163582572
South America Cluster,NM,2007,0.6171604017719021,-0.040086517190899396,0.9011339304633182
South America Cluster,NM,2008,0.6566754366406494,-0.047585632821240176,0.9040229297613732
South America Cluster,NM,2009,0.653605521013012,-0.02922083660820962,0.9069211910754972
South America Cluster,NM,2010,0.7033183335749408,-0.045482824380183084,0.9098287440993426
South America Cluster,NM,2011,0.7560387158189598,-0.05359855977447997,0.9127456186217595
South America Cluster,NM,2012,0.7938949153434416,-0.05835203183138152,0.9156718445270977
South America Cluster,NM,2013,0.8041569291738471,-0.015104089342476062,0.9186074517955172
South America Cluster,NM,2014,0.8109045096116849,0.014790099514583294,0.921552470503292
South America Cluster,NM,2015,0.8410622706477342,0.003505887309042638,0.9245069308231212
South America Cluster,NM,2016,0.8335525088082899,0.03587010966091253,0.927470863024433
South America Cluster,NM,2017,0.8674360165298214,0.021704960858945424,0.9304442974737012
South America Cluster,NM,2018,0.8788528632042134,0.035802340033463775,0.9334272646347521
South America Cluster,NM,2019,0.9129003851797872,0.01950206128053987,0.936419795069078
South America Cluster,NM,2020,0.8268357479582198,0.03556241200898613,0.9394219194361508
South America Cluster,NM,2021,0.9591174539116404,-0.0143375985574756,0.9424336684937333
South America Cluster,NM,2022,0.9454550730991985,0.056088908566508645,0.9454550730981985
South-eastern Asia,NM,2000,0.3669083309690633,-0.016077851795183618,0.9501362103659117
South-eastern Asia,NM,2001,0.3788470196179874,-0.016567034343349274,0.951646282354862
South-eastern Asia,NM,2002,0.3899792684660883,0.004530018011647319,0.9531587543338206
South-eastern Asia,NM,2003,0.40382759835292337,0.026223372888377394,0.9546736301171439
South-eastern Asia,NM,2004,0.43483765082545933,0.014520234136940147,0.9561909135252504
South-eastern Asia,NM,2005,0.4599343447986449,0.01442080514767019,0.9577106083846293
South-eastern Asia,NM,2006,0.47996299106736545,0.030251975298933087,0.9592327185278526
South-eastern Asia,NM,2007,0.5228555820247528,0.008298711510439372,0.9607572477935836
South-eastern Asia,NM,2008,0.5563692779241775,-0.009303624721073711,0.962284200026585
South-eastern Asia,NM,2009,0.569857973359781,-0.009232443762038356,0.9638135790777314
South-eastern Asia,NM,2010,0.6134074441369288,-0.011040194771955447,0.9653453888040171
South-eastern Asia,NM,2011,0.6466370823080563,-0.016486623132835443,0.9668796330685672
South-eastern Asia,NM,2012,0.6974644020787137,-0.03268716802430505,0.968416315740645
South-eastern Asia,NM,2013,0.7248312539999007,-0.021670613727712007,0.9699554406956646
South-eastern Asia,NM,2014,0.7494927411993615,-0.009178772183072947,0.9714970118151997
South-eastern Asia,NM,2015,0.7875785290897895,-0.01081110497687826,0.9730410329869912
South-eastern Asia,NM,2016,0.8240134813971436,-0.006924257483016588,0.9745875081049603
South-eastern Asia,NM,2017,0.8653108950326932,-0.0030106579381581344,0.9761364410692176
South-eastern Asia,NM,2018,0.9151867775928436,-0.0074529288385584425,0.97768783578607
South-eastern Asia,NM,2019,0.951545493903569,-6.276906666136672e-4,0.9792416961680346
South-eastern Asia,NM,2020,0.8891986535523034,0.029804495439289536,0.9807980261338466
South-eastern Asia,NM,2021,0.9144862231212828,0.03372617621019208,0.982356829608468
South-eastern Asia,NM,2022,0.9839181105241003,0.016212606406037493,0.9839181105231003
Southern Africa Cluster,NM,2000,0.508983843744344,-0.005231290526243715,0.9681644523519694
Southern Africa Cluster,NM,2001,0.5360776882931934,-0.04793380271282621,0.9699674695940664
Southern Africa Cluster,NM,2002,0.5480527634924169,-0.021354266542506606,0.9717738446037074
Southern Africa Cluster,NM,2003,0.5667474224019406,-0.011825266801608336,0.9735835836340787
Southern Africa Cluster,NM,2004,0.5840132685546856,0.013320933154069348,0.9753966929500122
Southern Africa Cluster,NM,2005,0.5996743466325043,0.026135633597894448,0.9772131788280064
Southern Africa Cluster,NM,2006,0.624310771782885,0.05636684461739583,0.9790330475562492
Southern Africa Cluster,NM,2007,0.662322358798408,0.04940956111064937,0.9808563054346381
Southern Africa Cluster,NM,2008,0.6954531612950638,0.029240956770024362,0.9826829587748037
Southern Africa Cluster,NM,2009,0.7247757442674199,-0.07917700542648137,0.9845130139001305
Southern Africa Cluster,NM,2010,0.7278498100119071,-0.011730639516560282,0.9863464771457792
Southern Africa Cluster,NM,2011,0.7637458740033934,-0.0068913236655714916,0.9881833548587081
Southern Africa Cluster,NM,2012,0.8031345841775673,-0.029132252851787027,0.9900236533976967
Southern Africa Cluster,NM,2013,0.8242389290575962,0.01694978555829052,0.9918673791333645
Southern Africa Cluster,NM,2014,0.8541346173906339,0.029713892720751034,0.9937145384481963
Southern Africa Cluster,NM,2015,0.8769935817687325,6.888445947348665e-4,0.9955651377365632
Southern Africa Cluster,NM,2016,0.8918109515859481,0.02351591240224446,0.997419183404744
Southern Africa Cluster,NM,2017,0.9009178082857124,0.027661033736193524,0.9992766818709481
Southern Africa Cluster,NM,2018,0.9241765749782673,0.023997188436032546,1.0011376395653375
Southern Africa Cluster,NM,2019,0.958408525815863,0.005741811991219967,1.00300206293005
Southern Africa Cluster,NM,2020,0.9258187444377857,-0.03978019299810849,1.004869958419219
Southern Africa Cluster,NM,2021,0.9976204521912333,-0.04318659114268521,1.0067413324989982
Southern Africa Cluster,NM,2022,1.0086161916485838,-0.008579284118359698,1.0086161916475838
Southern Asia Cluster,NM,2000,0.3475174996033797,0.012219495968744498,0.9741714988823373
Southern Asia Cluster,NM,2001,0.3598767867622759,0.008852149504505302,0.9759173443615875
Southern Asia Cluster,NM,2002,0.37773086818561064,-0.003138970928680873,0.9776663186291884
Southern Asia Cluster,NM,2003,0.4014115240392204,-0.012204324808999911,0.9794184272923475
Southern Asia Cluster,NM,2004,0.4325597686729602,-0.025311857756319278,0.9811736759683193
Southern Asia Cluster,NM,2005,0.4531251447414127,-0.005960245264027164,0.9829320702844273
Southern Asia Cluster,NM,2006,0.48118347477566636,-0.004738917063890291,0.9846936158780777
Southern Asia Cluster,NM,2007,0.5087764241647961,-0.0037946222379356964,0.9864583183967821
Southern Asia Cluster,NM,2008,0.5273163256336243,3.2033478669268867e-4,0.9882261834981709
Southern Asia Cluster,NM,2009,0.5523003740680159,-6.596900116915272e-4,0.9899972168500156
Southern Asia Cluster,NM,2010,0.5820177400431199,-0.011225004615287859,0.9917714241302442
Southern Asia Cluster,NM,2011,0.6045501229850995,-0.004206000113311292,0.9935488110269598
Southern Asia Cluster,NM,2012,0.6267767320269956,0.011928062604995515,0.995329383238461
Southern Asia Cluster,NM,2013,0.6441530171538009,0.03260251832368266,0.9971131464732562
Southern Asia Cluster,NM,2014,0.6719705362228571,0.04013911730796682,0.9989001064500868
Southern Asia Cluster,NM,2015,0.7399848384872485,-0.008228425195705158,1.0006902688979404
Southern Asia Cluster,NM,2016,0.7741292733375273,0.006266366277048657,1.0024836395560734
Southern Asia Cluster,NM,2017,0.8287893673024636,-0.007737606209824277,1.004280224174028
Southern Asia Cluster,NM,2018,0.8648220644746838,0.007896034748300945,1.0060800285116485
Southern Asia Cluster,NM,2019,0.8913289268602403,0.021303962102865767,1.0078830583391034
Southern Asia Cluster,NM,2020,0.9163878931517764,-0.007036549240336837,1.009689319436901
Southern Asia Cluster,NM,2021,0.9870784440042878,-0.028443746578549575,1.0114988175959096
Southern Asia Cluster,NM,2022,1.0133115586183756,-0.013223738312595388,1.0133115586173755
Switzerland,NM,2000,0.6692194944605923,-0.004440802688737477,0.912457028962397
Switzerland,NM,2001,0.6711571155566272,0.008301409150762495,0.9144008951195741
Switzerland,NM,2002,0.6819260810095472,-0.00834903309757079,0.9163489024204073
Switzerland,NM,2003,0.6845416206649362,-0.01250087789790122,0.9183010596870436
Switzerland,NM,2004,0.7051124044213122,-0.015450110059123057,0.9202573757604212
Switzerland,NM,2005,0.7186357773634877,-0.0073210500324003,0.9222178595003158
Switzerland,NM,2006,0.741824921736417,8.485839144353746e-4,0.9241825197853775
Switzerland,NM,2007,0.7683475257480468,0.004136107693546498,0.9261513655131685
Switzerland,NM,2008,0.7829169462562954,0.013044090972410716,0.9281244056002086
Switzerland,NM,2009,0.7690829679321067,0.007631141345061543,0.9301016489820135
Switzerland,NM,2010,0.7776856069895123,0.028426673683924764,0.9320831046131316
Switzerland,NM,2011,0.8048040417235612,0.01211739494844058,0.9340687814671906
Switzerland,NM,2012,0.8270655532177479,-0.003443293549353854,0.9360586885369353
Switzerland,NM,2013,0.8384829371304694,6.092302177940212e-4,0.9380528348342658
Switzerland,NM,2014,0.8659100177462292,-0.00835069332313057,0.9400512293902834
Switzerland,NM,2015,0.8833629862021748,-0.011992869150758798,0.9420538812553287
Switzerland,NM,2016,0.9041701053965477,-0.01479930575557678,0.9440607994990207
Switzerland,NM,2017,0.9228024932566017,-0.021661020021603708,0.9460719932103021
Switzerland,NM,2018,0.9346417068430105,-0.006206204576803348,0.9480874714974787
Switzerland,NM,2019,0.9413994272197788,-0.0020549915187016293,0.9501072434882577
Switzerland,NM,2020,0.9452234755039454,-0.027759313276258663,0.9521313183297939
Switzerland,NM,2021,0.9506042921902098,0.020671043873737888,0.9541597051887292
Switzerland,NM,2022,0.9561924132522313,0.04479611709135016,0.9561924132512313
Tropical Pacific Islands,NM,2000,0.4813839686561848,0.0532304252670911,0.9367966946450212
Tropical Pacific Islands,NM,2001,0.49430756459363573,0.031132620694254154,0.9394176701090106
Tropical Pacific Islands,NM,2002,0.5181471265117702,-0.007107622318331175,0.9420459785540212
Tropical Pacific Islands,NM,2003,0.5354925030238616,-0.02083826410763412,0.9446816404963121
Tropical Pacific Islands,NM,2004,0.5560111255975246,-0.02532489265849769,0.9473246765095423
Tropical Pacific Islands,NM,2005,0.5936699255185108,-0.04654249880442185,0.9499751072249325
Tropical Pacific Islands,NM,2006,0.6123870282149342,-0.03736267652170555,0.9526329533314255
Tropical Pacific Islands,NM,2007,0.6225737276548746,-0.008222558673680602,0.9552982355758459
Tropical Pacific Islands,NM,2008,0.6212757708002817,-0.0015854726031262478,0.9579709747630665
Tropical Pacific Islands,NM,2009,0.6496627622425726,-0.0080933416562603,0.9606511917561669
Tropical Pacific Islands,NM,2010,0.6894703860866764,0.006982997792110146,0.9633389074765976
Tropical Pacific Islands,NM,2011,0.7015712405974454,0.008958793742080862,0.9660341429043432
Tropical Pacific Islands,NM,2012,0.7134228984338807,0.025596612985863576,0.9687369190780867
Tropical Pacific Islands,NM,2013,0.7682375409454765,-0.011548043362359206,0.9714472570953724
Tropical Pacific Islands,NM,2014,0.8126567089632838,0.030174301519793223,0.9741651781127725
Tropical Pacific Islands,NM,2015,0.9205489798245864,-0.038212502560717926,0.9768907033460502
Tropical Pacific Islands,NM,2016,0.8949380527509841,0.037020217011692336,0.9796238540703269
Tropical Pacific Islands,NM,2017,0.9349119685411772,0.030266321799878114,0.9823646516202477
Tropical Pacific Islands,NM,2018,0.9684820428293037,0.002643097467956476,0.9851131173901473
Tropical Pacific Islands,NM,2019,1.004170944558235,-0.0016476277871541045,0.9878692728342181
Tropical Pacific Islands,NM,2020,0.9639059545068414,-0.022312389698420865,0.9906331394666772
Tropical Pacific Islands,NM,2021,0.9346401344592198,-0.004925334655947258,0.9934047388619341
Tropical Pacific Islands,NM,2022,0.9961840926557592,0.003823206494171479,0.9961840926547593
United Kingdom,NM,2000,0.7322041482451325,-0.02927023244051602,0.9226701509004859
United Kingdom,NM,2001,0.7411041697271078,-0.015949548501593247,0.9244991623908682
United Kingdom,NM,2002,0.7542936996096408,-0.015793047417331285,0.9263317995355845
United Kingdom,NM,2003,0.7679762990604388,-0.002733133855883585,0.9281680695217795
United Kingdom,NM,2004,0.7828173656321633,0.002408125038029396,0.9300079795508451
United Kingdom,NM,2005,0.8056605922468935,6.049521334517971e-4,0.9318515368384469
United Kingdom,NM,2006,0.8253085686597749,3.7884255570774794e-5,0.9336987486145562
United Kingdom,NM,2007,0.8480105997475027,-0.00118767083377036,0.9355496221234741
United Kingdom,NM,2008,0.8408134030143251,0.00484463944788574,0.9374041646238641
United Kingdom,NM,2009,0.7915127323638269,0.017961296801247917,0.939262383388778
United Kingdom,NM,2010,0.813366194328618,0.012813584291076152,0.9411242857056838
United Kingdom,NM,2011,0.8169693192294545,0.019712513565336376,0.9429898788764969
United Kingdom,NM,2012,0.8299892877533454,0.018878593883773,0.9448591702176072
United Kingdom,NM,2013,0.847072917618806,0.016343772618154007,0.9467321670599067
United Kingdom,NM,2014,0.8765865952986233,0.013541721844673033,0.9486088767488208
United Kingdom,NM,2015,0.911838687222389,-0.0039004552000886927,0.9504893066443353
United Kingdom,NM,2016,0.939556649195801,-0.014810779611051351,0.9523734641210249
United Kingdom,NM,2017,0.9568076779575069,-0.0067865480241357384,0.9542613565680842
United Kingdom,NM,2018,0.962950086188754,7.682066650080907e-4,0.9561529913893552
United Kingdom,NM,2019,0.9742119338164429,0.005255173440280973,0.9580483760033554
United Kingdom,NM,2020,0.9171649606584,-0.043068404956955894,0.9599475178433095
United Kingdom,NM,2021,0.9569967882844371,-0.003301104136407211,0.961850424357176
United Kingdom,NM,2022,0.9637571030086794,0.03691598395513941,0.9637571030076795
United States,NM,2000,0.6460739783045845,-0.009889649431209513,0.952927431330943
United States,NM,2001,0.6516667548359696,-0.00899890109989121,0.9548327142103022
United States,NM,2002,0.6521382171034114,0.00713940832414639,0.956741806511797
United States,NM,2003,0.669799730570746,0.007989574181342773,0.9586547158519851
United States,NM,2004,0.7008765553503191,3.9246460854697185e-4,0.9605714498626524
United States,NM,2005,0.7410816742122796,-0.021144111794059228,0.9624920161908442
United States,NM,2006,0.7710171404527466,-0.03327912445052855,0.9644164224988955
United States,NM,2007,0.781849525742554,-0.027390360506245187,0.966344676464461
United States,NM,2008,0.7646848327678863,-0.00405658123346897,0.9682767857805462
United States,NM,2009,0.708193200158703,0.04658749164938042,0.9702127581555381
United States,NM,2010,0.7402455119608881,0.028917683107705427,0.9721526013132356
United States,NM,2011,0.7563822305258103,0.0228756601895157,0.9740963229928817
United States,NM,2012,0.7876688868681309,0.0049777664697922,0.9760439309491906
United States,NM,2013,0.8098843551026877,-0.0018787264461275766,0.9779954329523837
United States,NM,2014,0.8339895462168392,-0.006283168602086026,0.9799508367882174
United States,NM,2015,0.862506138328407,-0.010874542508485185,0.981910150258015
United States,NM,2016,0.8713643476357005,-0.0030614567173602725,0.9838733811786975
United States,NM,2017,0.8966358504259779,-0.0073720080854033365,0.9858405373828157
United States,NM,2018,0.9282332365467233,-0.012771669200901878,0.9878116267185801
United States,NM,2019,0.9514561079777021,-0.011972108232768147,0.9897866570498931
United States,NM,2020,0.9135515499318579,0.006813973342682106,0.9917656362563806
United States,NM,2021,0.9615234534084162,0.014422977302817712,0.9937485722334223
United States,NM,2022,0.9957354728931853,0.0042736461383401,0.9957354728921853
Western Africa,NM,2000,0.36298585894744767,-0.035233474051746816,1.0066608836200663
Western Africa,NM,2001,0.3842805877542993,-0.04715301022259166,1.008640757354026
Western Africa,NM,2002,0.40220205266219294,0.0010740554458443796,1.0106245250507548
Western Africa,NM,2003,0.4221577653832047,0.004996663762536824,1.0126121943687953
Western Africa,NM,2004,0.43945798268723346,0.03373941158954652,1.014603772981752
Western Africa,NM,2005,0.4598233214178778,0.04281041942694075,1.016599268578322
Western Africa,NM,2006,0.5228139817647397,-0.03050154512731773,1.0185986888623233
Western Africa,NM,2007,0.5455269576361784,-0.020728339041303445,1.0206020415527266
Western Africa,NM,2008,0.5752477788986718,-0.011690419539549746,1.0226093343836837
Western Africa,NM,2009,0.5817482790966061,0.03840606986344597,1.024620575104558
Western Africa,NM,2010,0.632738740903659,0.025794618511258915,1.0266357714799543
Western Africa,NM,2011,0.6859967974872611,-0.005870141198292267,1.0286549312897473
Western Africa,NM,2012,0.7315296813741261,-0.02086802800638554,1.0306780623291143
Western Africa,NM,2013,0.764016339675936,4.562729154445888e-4,1.0327051724085636
Western Africa,NM,2014,0.792879589161942,0.02008250525459873,1.034736269353965
Western Africa,NM,2015,0.8105803964365674,0.029190472767556735,1.0367713610065803
Western Africa,NM,2016,0.850785942552765,-0.011268671667191643,1.038810455223092
Western Africa,NM,2017,0.8305089871891737,0.04270705152187548,1.0408535598756365
Western Africa,NM,2018,0.8716065597493237,0.027122293707094403,1.042900682851832
Western Africa,NM,2019,0.9139735736028707,0.015200382005116822,1.0449518320548101
Western Africa,NM,2020,0.9300038578483227,-0.009240819920272397,1.047007015403247
Western Africa,NM,2021,1.0077217689403133,-0.046636343943934795,1.0490662408313907
Western Africa,NM,2022,1.0511295162900964,-0.04986531578583077,1.0511295162890963
