r,method,rss,R2,adjR2,iter,conv,message,gamma,p_gamma,lambda,p_lambda,delta_KL,p_delta_KL,delta_VAE,p_delta_VAE,nu,p_nu,rho_KL,rho_VAE,sigma_KL,sigma_VAE,AIC_naive,BIC_naive,AICc_naive,AIC_plusRho,BIC_plusRho,AICc_plusRho,runtime,on_edge_KL,on_edge_VAE,valid,invalid_reason,dAICc,wAICc
Argentina,L-BFGS-B,0.00858189349617227,0.9884551110670612,0.98306749623169,29,TRUE,CONVERGENCE: REL_REDUCTION_OF_F <= FACTR*EPSMCH,0.9673929111458132,0.8679806582717075,2.54718590374435e-5,0.99317127680978,0.39193631723442585,0.01570678219462067,0.4683737238802886,0.08173235053585641,1.270975722619746,8.994551480385182e-5,-0.89,6,9.090909090909092,0.14285714285714285,-167.55268312687284,-159.6042236153688,-160.08601646020617,-163.55268312687284,-153.33323518351048,-149.706529280719,41.32561206817627,FALSE,FALSE,TRUE,NA,0,0.5
Argentina,L-BFGS-B,0.00858189349617227,0.9884551110670612,0.98306749623169,29,TRUE,CONVERGENCE: REL_REDUCTION_OF_F <= FACTR*EPSMCH,0.9673929111458132,0.8679806582717075,2.54718590374435e-5,0.99317127680978,0.39193631723442585,0.01570678219462067,0.4683737238802886,0.08173235053585641,1.270975722619746,8.994551480385182e-5,-0.89,6,9.090909090909092,0.14285714285714285,-167.55268312687284,-159.6042236153688,-160.08601646020617,-163.55268312687284,-153.33323518351048,-149.706529280719,41.32561206817627,FALSE,FALSE,TRUE,NA,0,0.5
Australia and New Zealand,NM,0.00188209041828119,0.9974376791643256,0.996241929441011,297,TRUE,NA,0.03213702793701892,0.931847404455172,0.0016948044202878,0.7694663192993186,0.05236057754907534,0.11431162626631965,0.5519773445143754,0.3625075918118306,1.3386214600929802,1.8681664275416584e-5,-0.3899999999999999,46,1.6393442622950818,0.02127659574468085,-202.44992745718787,-194.50146794568383,-194.9832607905212,-198.44992745718787,-188.23047951382551,-184.60377361103403,92.9247419834137,FALSE,FALSE,TRUE,NA,0,0.27344706814796677
Australia and New Zealand,Nelder-Mead,0.00188209041828119,0.9974376791643256,0.996241929441011,297,TRUE,NA,0.03213702793701892,0.931847404455172,0.0016948044202878,0.7694663192993186,0.05236057754907534,0.11431162626631965,0.5519773445143754,0.3625075918118306,1.3386214600929802,1.8681664275416584e-5,-0.3899999999999999,46,1.6393442622950818,0.02127659574468085,-202.44992745718787,-194.50146794568383,-194.9832607905212,-198.44992745718787,-188.23047951382551,-184.60377361103403,87.63542103767395,FALSE,FALSE,TRUE,NA,0,0.27344706814796677
Australia and New Zealand,L-BFGS-B,0.00191313291292198,0.9973954172038816,0.99617994523236,37,TRUE,CONVERGENCE: REL_REDUCTION_OF_F <= FACTR*EPSMCH,0.9288389131252326,0.927452683720026,3.300520325379034e-5,0.9951512260092108,0.01216558984969449,0.7450394446235957,0.8182135124878422,0.02475956944974024,1.4520179093599608,1.1253901945568212e-5,6,16,0.14285714285714285,0.0588235294117647,-202.07366854580383,-194.1252090342998,-194.60700187913716,-198.07366854580383,-187.85422060244147,-184.22751469965,47.94359803199768,FALSE,FALSE,TRUE,NA,0.376258911384042,0.2265529318520332
Australia and New Zealand,L-BFGS-B,0.00191313291292198,0.9973954172038816,0.99617994523236,37,TRUE,CONVERGENCE: REL_REDUCTION_OF_F <= FACTR*EPSMCH,0.9288389131252326,0.927452683720026,3.300520325379034e-5,0.9951512260092108,0.01216558984969449,0.7450394446235957,0.8182135124878422,0.02475956944974024,1.4520179093599608,1.1253901945568212e-5,6,16,0.14285714285714285,0.0588235294117647,-202.07366854580383,-194.1252090342998,-194.60700187913716,-198.07366854580383,-187.85422060244147,-184.22751469965,47.94359803199768,FALSE,FALSE,TRUE,NA,0.376258911384042,0.2265529318520332
Brazil,NM,0.00451605574215689,0.992044048067037,0.988331270498321,451,TRUE,NA,0.06240610140903756,0.912775078567342,0.00138399637465792,0.759263965341692,0.301266553624706,2.896326658578796e-15,0.9482059029133802,6.4535859606656565e-18,1.2451440422869626,2.3521019881764806e-10,0.81,0.41000000000000014,0.5524861878453039,0.7092198581560283,-182.31904162514792,-174.37058211364388,-174.85237495848125,-178.31904162514792,-168.09959368178556,-164.47288777899408,176.3847770690918,FALSE,FALSE,TRUE,NA,17.01487760266005,2.0187885833066688e-4
Brazil,Nelder-Mead,0.00451605574215689,0.992044048067037,0.988331270498321,451,TRUE,NA,0.06240610140903756,0.912775078567342,0.00138399637465792,0.759263965341692,0.301266553624706,2.896326658578796e-15,0.9482059029133802,6.4535859606656565e-18,1.2451440422869626,2.3521019881764806e-10,0.81,0.41000000000000014,0.5524861878453039,0.7092198581560283,-182.31904162514792,-174.37058211364388,-174.85237495848125,-178.31904162514792,-168.09959368178556,-164.47288777899408,179.00277090072632,FALSE,FALSE,TRUE,NA,17.01487760266005,2.0187885833066688e-4
Brazil,PORT,0.00215515296483347,0.9962032591324462,0.9944314467275878,3297,TRUE,relative convergence (4),26.49471438647288,0.8544903552237937,-0.00161275920818008,0.5500182569516097,0.27589620562870765,2.4406904797243145e-23,0.9971802149085828,0,1.41006581783607,1.78517016247437e-40,0.1100000000000001,12,0.9009009009009008,0.07692307692307693,-199.33391922780797,-191.38545971630393,-191.8672525611413,-195.33391922780797,-185.1144712844456,-181.48776538165413,3317.7076320648193,FALSE,FALSE,TRUE,NA,0,0.9995961312108871
Brazil,L-BFGS-B,0.00921232494640389,0.9837706134181992,0.9761968996800257,42,TRUE,CONVERGENCE: REL_REDUCTION_OF_F <= FACTR*EPSMCH,1.0060844690443975,0.9369610905897854,1.0567622719417056e-5,0.9986520344700818,0.6260152491607847,1.1071488539607092e-4,0.8943349154680459,3.571617038773674e-15,0.9551495441401834,1.1458925044041362e-4,0.81,4,0.5524861878453039,0.2,-165.92226650444212,-157.97380699293808,-158.45559983777545,-161.92226650444212,-151.70281856107977,-148.07611265828828,46.80907607078552,FALSE,FALSE,TRUE,NA,33.41165272336585,5.55362257975049e-8
Brazil,L-BFGS-B,0.00921232494640389,0.9837706134181992,0.9761968996800257,42,TRUE,CONVERGENCE: REL_REDUCTION_OF_F <= FACTR*EPSMCH,1.0060844690443975,0.9369610905897854,1.0567622719417056e-5,0.9986520344700818,0.6260152491607847,1.1071488539607092e-4,0.8943349154680459,3.571617038773674e-15,0.9551495441401834,1.1458925044041362e-4,0.81,4,0.5524861878453039,0.2,-165.92226650444212,-157.97380699293808,-158.45559983777545,-161.92226650444212,-151.70281856107977,-148.07611265828828,46.80907607078552,FALSE,FALSE,TRUE,NA,33.41165272336585,5.55362257975049e-8
Canada,LM,0.0017542763689597,0.9947252367194952,0.9922636805219264,75,TRUE,Relative error in the sum of squares is at most `ftol'.,5.925392757436966e-12,0.7190588149709345,0.01277552173956922,1.4861488244666064e-20,0.8087311547631352,0.6309741240772714,0.3247356066050408,0.14337783237545443,0.5725664871239915,4.282453985874261e-7,100,-0.2899999999999999,0.0099009900990099,1.408450704225352,-204.06744011324653,-196.1189806017425,-196.60077344657984,-200.06744011324653,-189.84799216988415,-186.2212862670927,1474.399118185043,FALSE,FALSE,TRUE,NA,0,0.8887692942203271
Canada,NM,0.02376087663119976,0.9285557271451028,0.8952150664794841,145,TRUE,NA,0.0175928531776243,0.925289510842771,0.00196379559364984,0.7096129154124091,0.5093516170426724,0.74090588073811,0.5367241081720229,0.19264069005470877,1.0337339569950077,0.02607370403826302,100,0.41000000000000014,0.0099009900990099,0.7092198581560283,-144.12980943443364,-136.1813499229296,-136.66314276776697,-140.12980943443364,-129.91036149107128,-126.2836555882798,115.89199209213255,FALSE,FALSE,TRUE,NA,59.937630678812894,8.580209871940325e-14
Canada,Nelder-Mead,0.02376087663119976,0.9285557271451028,0.8952150664794841,145,TRUE,NA,0.0175928531776243,0.925289510842771,0.00196379559364984,0.7096129154124091,0.5093516170426724,0.74090588073811,0.5367241081720229,0.19264069005470877,1.0337339569950077,0.02607370403826302,100,0.41000000000000014,0.0099009900990099,0.7092198581560283,-144.12980943443364,-136.1813499229296,-136.66314276776697,-140.12980943443364,-129.91036149107128,-126.2836555882798,117.61947894096376,FALSE,FALSE,TRUE,NA,59.937630678812894,8.580209871940325e-14
Canada,PORT,0.00210175462300468,0.993680438096176,0.990731309207725,310,TRUE,relative convergence (4),4.327681916470131e-13,0.5177221264908034,0.01406869276858459,2.5263020696410975e-75,0.17327759255124678,0.8609964138470109,8.155266780890033e-6,0.9889208716508312,0.5093907745532753,2.23481712090304e-9,0.51,94,0.6622516556291391,0.01052631578947368,-199.9109701785005,-191.96251066699645,-192.44430351183385,-195.9109701785005,-185.69152223513817,-182.06481633234665,418.50343799591064,FALSE,FALSE,TRUE,NA,4.156469934746042,0.11123028845255536
Canada,Newton,0.03411721046777465,0.8974162724910975,0.8495438663202762,2,TRUE,NA,1.0718282320453074,0.9563001982727128,-7.227414810191606e-5,0.9936085445445754,0.4280813729254965,0.35155282911365743,0.4003654629837263,0.8221256876308136,0.9942869670679034,0.2429503526785768,0.01,100,0.99009900990099,0.0099009900990099,-135.80929323929146,-127.86083372778742,-128.3426265726248,-131.80929323929146,-121.58984529592912,-117.96313939313762,102.1504898071289,FALSE,FALSE,TRUE,NA,68.25814687395507,1.3388156357594397e-15
Canada,L-BFGS-B,0.00661549869625929,0.9801084993090636,0.9708257989866268,33,TRUE,CONVERGENCE: REL_REDUCTION_OF_F <= FACTR*EPSMCH,0.896221474915421,0.9158784306281664,4.453191633708513e-5,0.9924086036413428,1e-6,0.9999871254023364,0.6855069886791961,0.00181256180237498,1.6805147513433327,1.7459330022102687e-4,6,14,0.14285714285714285,0.06666666666666667,-173.53818916414636,-165.58972965264232,-166.0715224974797,-169.53818916414636,-159.318741220784,-155.69203531799252,111.58591890335084,FALSE,FALSE,TRUE,NA,30.529250949100174,2.0866347226611166e-7
Canada,L-BFGS-B,0.00661549869625929,0.9801084993090636,0.9708257989866268,33,TRUE,CONVERGENCE: REL_REDUCTION_OF_F <= FACTR*EPSMCH,0.896221474915421,0.9158784306281664,4.453191633708513e-5,0.9924086036413428,1e-6,0.9999871254023364,0.6855069886791961,0.00181256180237498,1.6805147513433327,1.7459330022102687e-4,6,14,0.14285714285714285,0.06666666666666667,-173.53818916414636,-165.58972965264232,-166.0715224974797,-169.53818916414636,-159.318741220784,-155.69203531799252,111.58591890335084,FALSE,FALSE,TRUE,NA,30.529250949100174,2.0866347226611166e-7
Caribbean Extended,NM,0.02263971338133007,0.9775928384523376,0.9671361630634284,231,TRUE,NA,0.01549618651369129,0.9606098001676326,0.00202750460865751,0.8395487711979774,0.2983901804431597,0.4034780278918822,0.49430872672792414,0.7333726787786012,1.147143895926518,0.12250644159425517,0.01,46,0.99009900990099,0.02127659574468085,-145.24150973430875,-137.2930502228047,-137.77484306764208,-141.24150973430875,-131.0220617909464,-127.39535588815492,118.80695414543152,FALSE,FALSE,TRUE,NA,23.10913537028371,4.796018495863445e-6
Caribbean Extended,Nelder-Mead,0.02263971338133007,0.9775928384523376,0.9671361630634284,231,TRUE,NA,0.01549618651369129,0.9606098001676326,0.00202750460865751,0.8395487711979774,0.2983901804431597,0.4034780278918822,0.49430872672792414,0.7333726787786012,1.147143895926518,0.12250644159425517,0.01,46,0.99009900990099,0.02127659574468085,-145.24150973430875,-137.2930502228047,-137.77484306764208,-141.24150973430875,-131.0220617909464,-127.39535588815492,118.84384202957152,FALSE,FALSE,TRUE,NA,23.10913537028371,4.796018495863445e-6
Caribbean Extended,Newton,0.04020150913995472,0.9602114348982156,0.9416434378507162,2,TRUE,NA,0.930670979543762,0.9641024792942828,-4.295394137805662e-6,0.9996882886169448,0.4496167121401212,0.45649515359290993,0.5768717566541829,0.9346718299007398,0.9600505637315624,0.282168206418086,0.2100000000000002,100,0.8264462809917354,0.0099009900990099,-132.03493406150926,-124.08647455000522,-124.5682673948426,-128.03493406150926,-117.81548611814692,-114.18878021535542,58.70340204238891,FALSE,FALSE,TRUE,NA,36.31571104308321,6.5029344980290455e-9
Caribbean Extended,L-BFGS-B,0.00828925897487633,0.991795887084258,0.987967301056912,31,TRUE,CONVERGENCE: REL_REDUCTION_OF_F <= FACTR*EPSMCH,0.8820068493172686,0.9671248867941028,4.672891764680411e-5,0.9968929086058206,0.06483526267689556,0.4226032339155028,0.9154737722130016,0.07096360810488855,1.9073507914708223,0.02830757633727661,0.2100000000000002,10,0.8264462809917354,0.09090909090909093,-168.35064510459247,-160.40218559308843,-160.8839784379258,-164.35064510459247,-154.13119716123012,-150.50449125843863,50.426148891448975,FALSE,FALSE,TRUE,NA,0,0.49999520073003684
Caribbean Extended,L-BFGS-B,0.00828925897487633,0.991795887084258,0.987967301056912,31,TRUE,CONVERGENCE: REL_REDUCTION_OF_F <= FACTR*EPSMCH,0.8820068493172686,0.9671248867941028,4.672891764680411e-5,0.9968929086058206,0.06483526267689556,0.4226032339155028,0.9154737722130016,0.07096360810488855,1.9073507914708223,0.02830757633727661,0.2100000000000002,10,0.8264462809917354,0.09090909090909093,-168.35064510459247,-160.40218559308843,-160.8839784379258,-164.35064510459247,-154.13119716123012,-150.50449125843863,50.426148891448975,FALSE,FALSE,TRUE,NA,0,0.49999520073003684
Central America,LM,6.912401822700143e-4,0.9995279924394688,0.9993077222445542,575,TRUE,Relative error in the sum of squares is at most `ftol'.,2.6459194080743072e-11,0.877259658788289,0.01204390391520953,1.691411897774585e-4,0.1919206166482984,0.00128809293200573,0.9813799632194776,1.55965524544525e-116,0.8894634264859617,1.0695778269992727e-9,4,28,0.2,0.03448275862068965,-225.48790075250824,-217.5394412410042,-218.02123408584157,-221.48790075250824,-211.26845280914588,-207.6417469063544,2870.3668899536133,FALSE,FALSE,TRUE,NA,0,0.9999999728619843
Central America,NM,0.01031903475399648,0.9929537336714483,0.9896654760514576,215,TRUE,NA,0.0136476710135661,0.9528371415893288,0.00212020353260423,0.7998795798103331,0.5415631741874444,0.2384553513492372,0.5127106671445874,0.00446987447172475,1.0871683046547012,0.00312353337331218,8,2,0.1111111111111111,0.3333333333333333,-163.31296322889932,-155.36450371739528,-155.84629656223265,-159.31296322889932,-149.09351528553697,-145.46680938274548,114.854022026062,FALSE,FALSE,TRUE,NA,62.17493752360892,3.154160935168462e-14
Central America,Nelder-Mead,0.01031903475399648,0.9929537336714483,0.9896654760514576,215,TRUE,NA,0.0136476710135661,0.9528371415893288,0.00212020353260423,0.7998795798103331,0.5415631741874444,0.2384553513492372,0.5127106671445874,0.00446987447172475,1.0871683046547012,0.00312353337331218,8,2,0.1111111111111111,0.3333333333333333,-163.31296322889932,-155.36450371739528,-155.84629656223265,-159.31296322889932,-149.09351528553697,-145.46680938274548,113.93702697753906,FALSE,FALSE,TRUE,NA,62.17493752360892,3.154160935168462e-14
Central America,Newton,0.02617560082890082,0.9821262105276988,0.973785108773958,3,TRUE,NA,0.929811914457688,0.9491905251977364,2.1151245696570783e-5,0.9978254602975208,0.5991193019442747,0.8081893562486648,0.46035447665653945,0.03246030039417189,1.002804755642534,8.560581902950461e-4,100,6,0.0099009900990099,0.14285714285714285,-141.90370103463064,-133.9552415231266,-134.43703436796395,-137.90370103463064,-127.68425309126827,-124.0575471884768,72.11343789100647,FALSE,FALSE,TRUE,NA,83.5841997178776,7.0781804834217e-19
Central America,L-BFGS-B,0.00334006805288356,0.9977192625456572,0.9966549184002972,70,TRUE,CONVERGENCE: REL_REDUCTION_OF_F <= FACTR*EPSMCH,0.9295876481154652,0.9433436113860626,3.515570005213687e-5,0.9959692637525928,0.15809500285607636,0.05733630218419085,0.9887367926997525,5.114215046259988e-155,1.4608499404615956,4.917963493153639e-6,-0.69,34,3.2258064516129026,0.02857142857142857,-189.25694119935437,-181.30848168785033,-181.7902745326877,-185.25694119935437,-175.03749325599202,-171.41078735320053,73.03696203231812,FALSE,FALSE,TRUE,NA,36.230959553153866,1.356897630946457e-8
Central America,L-BFGS-B,0.00334006805288356,0.9977192625456572,0.9966549184002972,70,TRUE,CONVERGENCE: REL_REDUCTION_OF_F <= FACTR*EPSMCH,0.9295876481154652,0.9433436113860626,3.515570005213687e-5,0.9959692637525928,0.15809500285607636,0.05733630218419085,0.9887367926997525,5.114215046259988e-155,1.4608499404615956,4.917963493153639e-6,-0.69,34,3.2258064516129026,0.02857142857142857,-189.25694119935437,-181.30848168785033,-181.7902745326877,-185.25694119935437,-175.03749325599202,-171.41078735320053,73.03696203231812,FALSE,FALSE,TRUE,NA,36.230959553153866,1.356897630946457e-8
Central Asia Extended,NM,0.02068070657885641,0.9943410852734648,0.9917002584010814,251,TRUE,NA,0.01693489087820721,0.9588020830380364,0.00202350851531486,0.8325862189447129,0.5821555455938343,0.09722997478342958,0.4869005685479936,0.2409544383951948,1.0482606691583565,0.03151424927189004,-0.08999999999999997,14,1.0989010989010988,0.06666666666666667,-147.32311040776855,-139.3746508962645,-139.85644374110188,-143.32311040776855,-133.1036624644062,-129.4769565616147,156.26911282539368,FALSE,FALSE,TRUE,NA,0,0.3784897716347003
Central Asia Extended,Nelder-Mead,0.02068070657885641,0.9943410852734648,0.9917002584010814,251,TRUE,NA,0.01693489087820721,0.9588020830380364,0.00202350851531486,0.8325862189447129,0.5821555455938343,0.09722997478342958,0.4869005685479936,0.2409544383951948,1.0482606691583565,0.03151424927189004,-0.08999999999999997,14,1.0989010989010988,0.06666666666666667,-147.32311040776855,-139.3746508962645,-139.85644374110188,-143.32311040776855,-133.1036624644062,-129.4769565616147,148.8523678779602,FALSE,FALSE,TRUE,NA,0,0.3784897716347003
Central Asia Extended,Newton,0.03107591281039726,0.9914966183591096,0.987528373593361,2,TRUE,NA,0.904704094555368,0.9657495743918432,4.550785117698313e-5,0.9968471391926682,0.4979976392553091,0.10381119928435148,0.4089023919509904,0.8711078102544135,0.9637114816197636,0.12162280700954203,0.6100000000000001,100,0.6211180124223602,0.0099009900990099,-137.95677912087754,-130.0083196093735,-130.49011245421087,-133.95677912087754,-123.7373311775152,-120.1106252747237,68.73138093948364,FALSE,FALSE,TRUE,NA,9.366331286891011,0.0035009116487309906
Central Asia Extended,L-BFGS-B,0.02285710913754341,0.9937455506652412,0.990826807642354,16,TRUE,CONVERGENCE: REL_REDUCTION_OF_F <= FACTR*EPSMCH,0.9823634948822494,0.959908637671078,1.7144240153116266e-5,0.9986093915932888,0.5088339078755292,0.09066242430571517,0.508819696794652,0.3609252611547931,1.1587395925257942,0.02720261712489087,0.01,22,0.99009900990099,0.04347826086956521,-145.02170799122575,-137.0732484797217,-137.55504132455908,-141.02170799122575,-130.8022600478634,-127.17555414507191,65.28126311302185,FALSE,FALSE,TRUE,NA,2.3014024165427998,0.11975977254093416
Central Asia Extended,L-BFGS-B,0.02285710913754341,0.9937455506652412,0.990826807642354,16,TRUE,CONVERGENCE: REL_REDUCTION_OF_F <= FACTR*EPSMCH,0.9823634948822494,0.959908637671078,1.7144240153116266e-5,0.9986093915932888,0.5088339078755292,0.09066242430571517,0.508819696794652,0.3609252611547931,1.1587395925257942,0.02720261712489087,0.01,22,0.99009900990099,0.04347826086956521,-145.02170799122575,-137.0732484797217,-137.55504132455908,-141.02170799122575,-130.8022600478634,-127.17555414507191,65.28126311302185,FALSE,FALSE,TRUE,NA,2.3014024165427998,0.11975977254093416
Chile,NM,0.01223131919065334,0.9904053548603888,0.9859278537952368,487,TRUE,NA,0.01209514458175823,0.8823730901174832,0.00218087141149659,0.5143230554079959,0.19125142801482847,0.25378976619296306,0.5861766034064969,0.17597221365514518,1.2122378362767985,3.94940596474955e-11,0.6100000000000001,16,0.6211180124223602,0.0588235294117647,-159.40274277546897,-151.45428326396492,-151.9360761088023,-155.40274277546897,-145.1832948321066,-141.55658892931513,158.34373879432678,FALSE,FALSE,TRUE,NA,0,0.46279132033927073
Chile,Nelder-Mead,0.01223131919065334,0.9904053548603888,0.9859278537952368,487,TRUE,NA,0.01209514458175823,0.8823730901174832,0.00218087141149659,0.5143230554079959,0.19125142801482847,0.25378976619296306,0.5861766034064969,0.17597221365514518,1.2122378362767985,3.94940596474955e-11,0.6100000000000001,16,0.6211180124223602,0.0588235294117647,-159.40274277546897,-151.45428326396492,-151.9360761088023,-155.40274277546897,-145.1832948321066,-141.55658892931513,160.887757062912,FALSE,FALSE,TRUE,NA,0,0.46279132033927073
Chile,Newton,0.02883207413199288,0.9773831820081328,0.9668286669452616,2,TRUE,NA,1.064107291809579,0.9326058609673352,-4.638278127056294e-5,0.9936667455826284,0.5216379476521031,0.8468771527390692,0.47797339289946594,0.06829534654475317,0.9200598405941692,6.628617716739255e-4,100,-0.59,0.0099009900990099,2.4390243902439024,-139.6805039733138,-131.73204446180975,-132.21383730664712,-135.6805039733138,-125.46105602995144,-121.83435012715996,95.5493779182434,FALSE,FALSE,TRUE,NA,19.72223880215516,2.4141011552612726e-5
Chile,L-BFGS-B,0.01522931667756088,0.988053627988744,0.982478654383491,37,TRUE,CONVERGENCE: REL_REDUCTION_OF_F <= FACTR*EPSMCH,0.9551513237943352,0.8942461414186444,2.0763567844787855e-5,0.9955493595710182,0.14320614957909789,0.5168681374888409,0.41869177249088424,0.24395009167442175,1.3210713969216907,7.400372805344817e-11,2,8,0.3333333333333333,0.1111111111111111,-154.3606255052712,-146.41216599376716,-146.89395883860453,-150.3606255052712,-140.14117756190885,-136.51447165911736,96.55088210105896,FALSE,FALSE,TRUE,NA,5.042117270197764,0.0371966091549529
Chile,L-BFGS-B,0.01522931667756088,0.988053627988744,0.982478654383491,37,TRUE,CONVERGENCE: REL_REDUCTION_OF_F <= FACTR*EPSMCH,0.9551513237943352,0.8942461414186444,2.0763567844787855e-5,0.9955493595710182,0.14320614957909789,0.5168681374888409,0.41869177249088424,0.24395009167442175,1.3210713969216907,7.400372805344817e-11,2,8,0.3333333333333333,0.1111111111111111,-154.3606255052712,-146.41216599376716,-146.89395883860453,-150.3606255052712,-140.14117756190885,-136.51447165911736,96.55088210105896,FALSE,FALSE,TRUE,NA,5.042117270197764,0.0371966091549529
Eastern Africa,NM,0.01499230519568402,0.918726216677468,0.8807984511269532,147,TRUE,NA,0.01757589615375,0.8859808785719525,0.00198204008591737,0.5655148844111237,0.5363598908840892,0.2520616087708779,0.5158995145177914,0.9438159939099804,1.033631812048418,0.14376765628266464,0.41000000000000014,100,0.7092198581560283,0.0099009900990099,-154.72138548488488,-146.77292597338084,-147.2547188182182,-150.72138548488488,-140.50193754152252,-136.87523163873104,109.59457993507384,FALSE,FALSE,TRUE,NA,50.956806193696536,8.590068326606943e-12
Eastern Africa,Nelder-Mead,0.01499230519568402,0.918726216677468,0.8807984511269532,147,TRUE,NA,0.01757589615375,0.8859808785719525,0.00198204008591737,0.5655148844111237,0.5363598908840892,0.2520616087708779,0.5158995145177914,0.9438159939099804,1.033631812048418,0.14376765628266464,0.41000000000000014,100,0.7092198581560283,0.0099009900990099,-154.72138548488488,-146.77292597338084,-147.2547188182182,-150.72138548488488,-140.50193754152252,-136.87523163873104,111.69107389450072,FALSE,FALSE,TRUE,NA,50.956806193696536,8.590068326606943e-12
Eastern Africa,PORT,0.00163562299710203,0.9911332335268837,0.9869954091727624,2400,TRUE,relative convergence (4),6.252469583850441e-5,0.7907825122640799,0.00477840166773511,0.01036613876153733,0.20711957218733973,0.02414644683926263,0.8012265671862695,0.02092010348155267,1.4849420258683843,5.833500067451268e-8,0.81,26,0.5524861878453039,0.03703703703703703,-205.67819167858136,-197.72973216707737,-198.21152501191472,-201.67819167858136,-191.45874373521903,-187.83203783242757,1342.1969361305237,FALSE,FALSE,TRUE,NA,0,0.9979906924541777
Eastern Africa,Newton,0.02863355329677069,0.844776558639838,0.7723389526717624,2,TRUE,NA,0.9902870826456538,0.9191593054747804,-1.6781576696189284e-5,0.9972521719427448,0.4919537443877298,0.41362134568090303,0.5384642578666942,0.9578019377425612,1.0597070395208947,0.2911730634304033,6,100,0.14285714285714285,0.0099009900990099,-139.83941626848633,-131.8909567569823,-132.37274960181966,-135.83941626848633,-125.61996832512398,-121.99326242233248,94.31701803207396,FALSE,FALSE,TRUE,NA,65.8387754100951,5.039855247570831e-15
Eastern Africa,L-BFGS-B,0.00298058475338814,0.9838421512729713,0.9763018218670244,68,TRUE,CONVERGENCE: REL_REDUCTION_OF_F <= FACTR*EPSMCH,0.5567777739253035,0.8024247173690326,2.823823630717041e-4,0.8862951806961132,0.14001368198095424,0.04583984595405094,0.999999,7.595988161827248e-21,2.3531762145196837,5.218132579091319e-13,0.81,0.6100000000000001,0.5524861878453039,0.6211180124223602,-191.8759897165157,-183.9275302050117,-184.40932304984904,-187.8759897165157,-177.65654177315335,-174.02983587036186,112.87497901916504,FALSE,FALSE,TRUE,NA,13.802201962065709,0.0010046537643185601
Eastern Africa,L-BFGS-B,0.00298058475338814,0.9838421512729713,0.9763018218670244,68,TRUE,CONVERGENCE: REL_REDUCTION_OF_F <= FACTR*EPSMCH,0.5567777739253035,0.8024247173690326,2.823823630717041e-4,0.8862951806961132,0.14001368198095424,0.04583984595405094,0.999999,7.595988161827248e-21,2.3531762145196837,5.218132579091319e-13,0.81,0.6100000000000001,0.5524861878453039,0.6211180124223602,-191.8759897165157,-183.9275302050117,-184.40932304984904,-187.8759897165157,-177.65654177315335,-174.02983587036186,112.87497901916504,FALSE,FALSE,TRUE,NA,13.802201962065709,0.0010046537643185601
EU27,Newton,0.01624425504875086,0.994922873315983,0.9925535475301084,2,TRUE,NA,0.994062141879856,0.9856304763068756,-1.987645938653385e-5,0.9994224578912412,0.42962599446471333,0.3398423149299319,0.5851816622026969,0.9308151041733612,0.982822517392407,0.3699308187667768,-0.59,100,2.4390243902439024,0.0099009900990099,-152.87673423442465,-144.9282747229206,-145.41006756775798,-148.87673423442465,-138.6572862910623,-135.0305803882708,38.78486108779907,FALSE,FALSE,TRUE,NA,0,1
India,Newton,0.03679105440386428,0.9906679545744462,0.9863130000425212,3,TRUE,NA,0.9723520653290032,0.9610709738793528,-7.900600379558142e-6,0.999377860206814,0.463743380380941,0.995901309865406,0.5055324131065799,0.03150983185424403,1.009581560680137,1.4456325010505982e-9,100,-0.49,0.0099009900990099,1.96078431372549,-134.07387962118122,-126.12542010967718,-126.60721295451457,-130.07387962118122,-119.85443167781888,-116.22772577502738,40.79675316810608,FALSE,FALSE,TRUE,NA,0,1
Japan,LM,8.058494685279036e-4,0.9817486256448767,0.973231317612486,287,TRUE,Relative error in the sum of squares is at most `ftol'.,9.272837293269433e-14,0.5096193600832929,0.01483762985566927,3.641488431757704e-87,0.29048189047964,0.01548949617107295,0.17206771164273257,0.00380169471190484,1.287408757165778,2.01703107031316e-10,12,8,0.07692307692307693,0.1111111111111111,-221.9594796861732,-214.0110201746691,-214.4928130195065,-217.9594796861732,-207.74003174281083,-204.11332584001937,2114.842847108841,FALSE,FALSE,TRUE,NA,0,0.9999999990941313
Japan,Newton,0.04808076323611712,-0.08896269511162935,-0.597145286163723,2,TRUE,NA,0.9072754246382622,0.7902909762448351,3.455643846220161e-5,0.9851797562602468,0.5005699085679748,0.8221973815293109,0.4846553104694568,0.956155215265662,0.9145433937494696,0.2942125866089148,100,100,0.0099009900990099,0.0099009900990099,-127.91844860184614,-119.9699890903421,-120.45178193517948,-123.91844860184614,-113.69900065848378,-110.0722947556923,80.80980610847473,FALSE,FALSE,TRUE,NA,94.04103108432707,3.79533017540771e-21
Japan,L-BFGS-B,0.0052332634772133,0.8814738303468811,0.8261616178420923,845,TRUE,CONVERGENCE: REL_REDUCTION_OF_F <= FACTR*EPSMCH,1e-6,0.8138149348365716,0.00683382165806942,0.00113864311490951,0.2330495887642103,0.8476407259688189,0.29288175813845785,0.4221186729262,0.4919251893359677,0.29519028892658916,74,12,0.01333333333333333,0.07692307692307693,-178.92893165120051,-170.98047213969647,-171.46226498453385,-174.92893165120051,-164.70948370783816,-161.08277780504667,669.7645099163055,FALSE,FALSE,TRUE,NA,43.030548034972696,4.5293430710391176e-10
Japan,L-BFGS-B,0.0052332634772133,0.8814738303468811,0.8261616178420923,845,TRUE,CONVERGENCE: REL_REDUCTION_OF_F <= FACTR*EPSMCH,1e-6,0.8138149348365716,0.00683382165806942,0.00113864311490951,0.2330495887642103,0.8476407259688189,0.29288175813845785,0.4221186729262,0.4919251893359677,0.29519028892658916,74,12,0.01333333333333333,0.07692307692307693,-178.92893165120051,-170.98047213969647,-171.46226498453385,-174.92893165120051,-164.70948370783816,-161.08277780504667,669.7645099163055,FALSE,FALSE,TRUE,NA,43.030548034972696,4.5293430710391176e-10
Levant,NM,0.01775358739040355,0.9906164014421006,0.9862373887817476,145,TRUE,NA,0.01759698544222183,0.9450162845940896,0.00196063150073967,0.7846314852452522,0.5337723081340932,0.014167354015156,0.5155971601075239,0.6065278473507574,1.0367557696023098,0.00134967891582167,-0.49,62,1.96078431372549,0.01587301587301587,-150.83322353690747,-142.88476402540343,-143.3665568702408,-146.83322353690747,-136.6137755935451,-132.98706969075363,114.9756200313568,FALSE,FALSE,TRUE,NA,14.020352884371874,4.509167058752302e-4
Levant,Nelder-Mead,0.01775358739040355,0.9906164014421006,0.9862373887817476,145,TRUE,NA,0.01759698544222183,0.9450162845940896,0.00196063150073967,0.7846314852452522,0.5337723081340932,0.014167354015156,0.5155971601075239,0.6065278473507574,1.0367557696023098,0.00134967891582167,-0.49,62,1.96078431372549,0.01587301587301587,-150.83322353690747,-142.88476402540343,-143.3665568702408,-146.83322353690747,-136.6137755935451,-132.98706969075363,114.48539090156557,FALSE,FALSE,TRUE,NA,14.020352884371874,4.509167058752302e-4
Levant,Newton,0.02836720441617356,0.9850066100671504,0.9780096947651538,2,TRUE,NA,1.029331105833087,0.9583969022568094,-6.151231415766507e-5,0.9948244715704258,0.41411184918844834,0.8619870176424191,0.4860118213894819,0.00593028478915412,1.0156483298931227,0.00704183676444278,100,-0.69,0.0099009900990099,3.2258064516129026,-140.05436319502058,-132.10590368351654,-132.58769652835392,-136.05436319502058,-125.83491525165824,-122.20820934886676,57.31329393386841,FALSE,FALSE,TRUE,NA,24.799213226258743,2.0582425011253926e-6
Levant,L-BFGS-B,0.00965047408199634,0.9948992745698362,0.9925189360357596,33,TRUE,CONVERGENCE: REL_REDUCTION_OF_F <= FACTR*EPSMCH,0.9467411285628642,0.9321688456869044,5.493188362050659e-6,0.9992457857277568,0.23963761403154177,0.03662582951353797,0.5133456904178711,0.0026074863477921,1.4616259615622351,1.9172206723879056e-8,0.51,16,0.6622516556291391,0.0588235294117647,-164.85357642127934,-156.9051169097753,-157.38690975461267,-160.85357642127934,-150.634128477917,-147.0074225751255,57.335750102996826,FALSE,FALSE,TRUE,NA,0,0.49954805417287423
Levant,L-BFGS-B,0.00965047408199634,0.9948992745698362,0.9925189360357596,33,TRUE,CONVERGENCE: REL_REDUCTION_OF_F <= FACTR*EPSMCH,0.9467411285628642,0.9321688456869044,5.493188362050659e-6,0.9992457857277568,0.23963761403154177,0.03662582951353797,0.5133456904178711,0.0026074863477921,1.4616259615622351,1.9172206723879056e-8,0.51,16,0.6622516556291391,0.0588235294117647,-164.85357642127934,-156.9051169097753,-157.38690975461267,-160.85357642127934,-150.634128477917,-147.0074225751255,57.335750102996826,FALSE,FALSE,TRUE,NA,0,0.49954805417287423
Mexico,Newton,0.03143704337825005,0.8806079375669673,0.8248916417648854,3,TRUE,NA,0.9196292515519348,0.973098571181084,5.171579625129296e-5,0.997185201821616,0.5073582090622741,0.8712710769222358,0.4466316801780986,0.4439757277090767,1.0916111838116742,0.10801033821761044,100,20,0.0099009900990099,0.04761904761904761,-137.69103915379952,-129.74257964229548,-130.22437248713285,-133.69103915379952,-123.47159121043715,-119.84488530764568,79.91682004928589,FALSE,FALSE,TRUE,NA,22.562092479298002,6.304797382756803e-6
Mexico,L-BFGS-B,0.01178734361001826,0.955233854301306,0.934342986308582,48,TRUE,CONVERGENCE: REL_REDUCTION_OF_F <= FACTR*EPSMCH,0.9627937671874672,0.95515331085051,2.4183979056944067e-5,0.9978058118936256,0.06472132993982348,0.9712389690408822,0.9138096332941243,0.46929264242948093,0.8411176724601356,0.05665089348799952,60,44,0.01639344262295082,0.02222222222222222,-160.25313163309752,-152.30467212159348,-152.78646496643086,-156.25313163309752,-146.03368368973517,-142.40697778694368,86.63349294662476,FALSE,FALSE,TRUE,NA,0,0.49999684760130864
Mexico,L-BFGS-B,0.01178734361001826,0.955233854301306,0.934342986308582,48,TRUE,CONVERGENCE: REL_REDUCTION_OF_F <= FACTR*EPSMCH,0.9627937671874672,0.95515331085051,2.4183979056944067e-5,0.9978058118936256,0.06472132993982348,0.9712389690408822,0.9138096332941243,0.46929264242948093,0.8411176724601356,0.05665089348799952,60,44,0.01639344262295082,0.02222222222222222,-160.25313163309752,-152.30467212159348,-152.78646496643086,-156.25313163309752,-146.03368368973517,-142.40697778694368,86.63349294662476,FALSE,FALSE,TRUE,NA,0,0.49999684760130864
Middle Africa,L-BFGS-B,0.04439495711810443,0.9785650747526023,0.9685621096371504,37,TRUE,CONVERGENCE: REL_REDUCTION_OF_F <= FACTR*EPSMCH,0.9915733164512052,0.9701114815157532,4.9982774351487097e-5,0.996978810923466,0.5065048428704946,0.7344821496738432,0.31788929152088924,0.0847215447981451,1.06978408558942,0.03687123884298743,12,-0.79,0.07692307692307693,4.761904761904763,-129.75284303792802,-121.80438352642398,-122.28617637126136,-125.75284303792802,-115.53339509456566,-111.90668919177418,48.58582091331482,FALSE,FALSE,TRUE,NA,0,0.5
Middle Africa,L-BFGS-B,0.04439495711810443,0.9785650747526023,0.9685621096371504,37,TRUE,CONVERGENCE: REL_REDUCTION_OF_F <= FACTR*EPSMCH,0.9915733164512052,0.9701114815157532,4.9982774351487097e-5,0.996978810923466,0.5065048428704946,0.7344821496738432,0.31788929152088924,0.0847215447981451,1.06978408558942,0.03687123884298743,12,-0.79,0.07692307692307693,4.761904761904763,-129.75284303792802,-121.80438352642398,-122.28617637126136,-125.75284303792802,-115.53339509456566,-111.90668919177418,48.58582091331482,FALSE,FALSE,TRUE,NA,0,0.5
Non-EU Europe,NM,0.01247508477115817,0.9698013251296912,0.955708610190214,277,TRUE,NA,0.01324401257668455,0.8720457569598148,0.00213789316412202,0.4862782849462449,0.8395310045277975,0.999995592982334,0.2538452554596272,0.787825000307735,0.6886116158455087,9.544818709244732e-11,18,6,0.05263157894736842,0.14285714285714285,-158.94886933431215,-151.0004098228081,-151.48220266764548,-154.94886933431215,-144.7294213909498,-141.1027154881583,173.63223099708557,FALSE,FALSE,TRUE,NA,26.27375099954031,1.9711768436469674e-6
Non-EU Europe,Nelder-Mead,0.01247508477115817,0.9698013251296912,0.955708610190214,277,TRUE,NA,0.01324401257668455,0.8720457569598148,0.00213789316412202,0.4862782849462449,0.8395310045277975,0.999995592982334,0.2538452554596272,0.787825000307735,0.6886116158455087,9.544818709244732e-11,18,6,0.05263157894736842,0.14285714285714285,-158.94886933431215,-151.0004098228081,-151.48220266764548,-154.94886933431215,-144.7294213909498,-141.1027154881583,174.39883279800415,FALSE,FALSE,TRUE,NA,26.27375099954031,1.9711768436469674e-6
Non-EU Europe,PORT,0.00398045620427701,0.9903644339935572,0.9858678365238838,245,TRUE,relative convergence (4),1.2856201586567236e-13,0.764684325322051,0.01467898948991457,6.432541516369522e-19,0.21219477763906192,0.915409753851213,0.1083727305527226,0.6605840731059424,0.6980873043716305,8.226780588824007e-11,4,10,0.2,0.09090909090909093,-185.2226203338525,-177.27416082234842,-177.7559536671858,-181.2226203338525,-171.0031723904901,-167.37646648769862,1303.4687869548798,FALSE,FALSE,TRUE,NA,0,0.999995688765052
Non-EU Europe,Newton,0.03279306095262845,0.9206172139206472,0.8835719137502825,3,TRUE,NA,0.9974210542249908,NA,-1.759704517574738e-5,NA,0.5332229221949294,NA,0.5017870895390342,NA,1.041940042270704,NA,100,0.91,0.0099009900990099,0.5235602094240838,-136.7197488391678,-128.77128932766377,-129.25308217250114,-132.7197488391678,-122.50030089580544,-118.87359499301397,80.03030109405518,FALSE,FALSE,TRUE,NA,48.502871494684655,2.935846902148657e-11
Non-EU Europe,L-BFGS-B,0.01532898431893335,0.962892836238695,0.9455761598167528,49,TRUE,CONVERGENCE: REL_REDUCTION_OF_F <= FACTR*EPSMCH,0.636363918651256,0.9013490417754946,2.240309447488533e-4,0.955218846943398,0.9419663312574704,0.08989814411931282,0.45247530424345567,0.4281062770289324,0.7162096529278069,0.01839799464516273,0.41000000000000014,6,0.7092198581560283,0.14285714285714285,-154.21059334998955,-146.2621338384855,-146.74392668332288,-150.21059334998955,-139.9911454066272,-136.3644395038357,122.54143404960632,FALSE,FALSE,TRUE,NA,31.01202698386291,1.844259510822417e-7
Non-EU Europe,L-BFGS-B,0.01532898431893335,0.962892836238695,0.9455761598167528,49,TRUE,CONVERGENCE: REL_REDUCTION_OF_F <= FACTR*EPSMCH,0.636363918651256,0.9013490417754946,2.240309447488533e-4,0.955218846943398,0.9419663312574704,0.08989814411931282,0.45247530424345567,0.4281062770289324,0.7162096529278069,0.01839799464516273,0.41000000000000014,6,0.7092198581560283,0.14285714285714285,-154.21059334998955,-146.2621338384855,-146.74392668332288,-150.21059334998955,-139.9911454066272,-136.3644395038357,122.54143404960632,FALSE,FALSE,TRUE,NA,31.01202698386291,1.844259510822417e-7
Northern Africa,NM,0.02896261447394162,0.9741374596507012,0.9620682741543616,227,TRUE,NA,0.02550153944800592,0.9093103134372756,0.00178501852735158,0.681356108967611,0.5114848810438352,0.11264830725735445,0.6295700626586322,0.7674561510651928,0.9336091355275852,5.279950106021838e-12,-0.79,100,4.761904761904763,0.0099009900990099,-139.5766040114636,-131.62814449995955,-132.10993734479692,-135.5766040114636,-125.35715606810123,-121.73045016530976,156.33460092544556,FALSE,FALSE,TRUE,NA,0,0.5
Northern Africa,Nelder-Mead,0.02896261447394162,0.9741374596507012,0.9620682741543616,227,TRUE,NA,0.02550153944800592,0.9093103134372756,0.00178501852735158,0.681356108967611,0.5114848810438352,0.11264830725735445,0.6295700626586322,0.7674561510651928,0.9336091355275852,5.279950106021838e-12,-0.79,100,4.761904761904763,0.0099009900990099,-139.5766040114636,-131.62814449995955,-132.10993734479692,-135.5766040114636,-125.35715606810123,-121.73045016530976,158.26502990722656,FALSE,FALSE,TRUE,NA,0,0.5
Peninsular West Asia,NM,0.02333726553498777,0.9833017392333876,0.9755092175423018,977,TRUE,NA,0.00203511735830238,0.9673693731623526,0.00303747523048639,0.8017965540820724,0.20960967918006265,0.6145455762419321,0.5071802187660374,0.04176352622314053,0.8995750698170271,0.02124042670596699,8,-0.59,0.1111111111111111,2.4390243902439024,-144.54355475440883,-136.5950952429048,-137.07688808774216,-140.54355475440883,-130.32410681104648,-126.697400908255,133.2379858493805,FALSE,FALSE,TRUE,NA,18.243093703977777,5.463677800841038e-5
Peninsular West Asia,Nelder-Mead,0.02333726553498777,0.9833017392333876,0.9755092175423018,977,TRUE,NA,0.00203511735830238,0.9673693731623526,0.00303747523048639,0.8017965540820724,0.20960967918006265,0.6145455762419321,0.5071802187660374,0.04176352622314053,0.8995750698170271,0.02124042670596699,8,-0.59,0.1111111111111111,2.4390243902439024,-144.54355475440883,-136.5950952429048,-137.07688808774216,-140.54355475440883,-130.32410681104648,-126.697400908255,134.4817259311676,FALSE,FALSE,TRUE,NA,18.243093703977777,5.463677800841038e-5
Peninsular West Asia,L-BFGS-B,0.01055789028795776,0.9924456271490208,0.9889202531518972,49,TRUE,CONVERGENCE: REL_REDUCTION_OF_F <= FACTR*EPSMCH,0.973974689046844,0.94982910265066,-5.473453236216871e-6,0.999444875457792,1e-6,0.999993395623497,0.7657106116135951,1.412148105375621e-9,1.112357428828923,7.353726463996966e-6,6,-0.69,0.14285714285714285,3.2258064516129026,-162.78664845838662,-154.83818894688258,-155.31998179171995,-158.78664845838662,-148.56720051502427,-144.94049461223278,86.74120497703552,FALSE,FALSE,TRUE,NA,0,0.4999453632219916
Peninsular West Asia,L-BFGS-B,0.01055789028795776,0.9924456271490208,0.9889202531518972,49,TRUE,CONVERGENCE: REL_REDUCTION_OF_F <= FACTR*EPSMCH,0.973974689046844,0.94982910265066,-5.473453236216871e-6,0.999444875457792,1e-6,0.999993395623497,0.7657106116135951,1.412148105375621e-9,1.112357428828923,7.353726463996966e-6,6,-0.69,0.14285714285714285,3.2258064516129026,-162.78664845838662,-154.83818894688258,-155.31998179171995,-158.78664845838662,-148.56720051502427,-144.94049461223278,86.74120497703552,FALSE,FALSE,TRUE,NA,0,0.4999453632219916
Republic of Korea,NM,0.04236380361480201,0.9659304054295867,0.9500312612967272,147,TRUE,NA,0.01757295024455313,0.9614184549755048,0.00198315941279001,0.8461998540763193,0.5159083104770983,0.6373471202375097,0.5336263972018762,0.9502578492328144,1.0363832998225706,0.00482314317891784,78,100,0.01265822784810126,0.0099009900990099,-130.82996926886707,-122.88150975736303,-123.3633026022004,-126.82996926886707,-116.61052132550472,-112.98381542271323,86.47437620162964,FALSE,FALSE,TRUE,NA,71.470057445722,3.0232510673311145e-16
Republic of Korea,Nelder-Mead,0.04236380361480201,0.9659304054295867,0.9500312612967272,147,TRUE,NA,0.01757295024455313,0.9614184549755048,0.00198315941279001,0.8461998540763193,0.5159083104770983,0.6373471202375097,0.5336263972018762,0.9502578492328144,1.0363832998225706,0.00482314317891784,78,100,0.01265822784810126,0.0099009900990099,-130.82996926886707,-122.88150975736303,-123.3633026022004,-126.82996926886707,-116.61052132550472,-112.98381542271323,81.67569994926453,FALSE,FALSE,TRUE,NA,71.470057445722,3.0232510673311145e-16
Republic of Korea,PORT,0.00189439685835409,0.9984764981561516,0.9977655306290222,1071,TRUE,relative convergence (4),5.152488554757305e-17,0.7834190620594876,0.01854589905258655,6.502915178061519e-25,2.8465134592764233e-07,0.961536522446846,0.32539633988685696,0.3699915103658705,0.8527255776065381,2.046004611558955e-18,98,26,0.0101010101010101,0.03703703703703703,-202.30002671458908,-194.35156720308504,-194.8333600479224,-198.30002671458908,-188.08057877122673,-184.45387286843524,409.0283839702606,FALSE,FALSE,TRUE,NA,0,0.9999999996804281
Republic of Korea,Newton,0.05653191200506801,0.9545362040713928,0.933319765971376,3,TRUE,NA,1.0086446577231505,0.9668747773227894,-2.7567411118267504e-5,0.9981530895879692,0.5469967044292232,0.6769483697122637,0.5011617302426482,0.9570249733327044,1.0525526523588309,0.01348904074275557,100,100,0.0099009900990099,0.0099009900990099,-124.19421664502092,-116.24575713351688,-116.72754997835426,-120.19421664502092,-109.97476870165858,-106.34806279886708,60.31946301460266,FALSE,FALSE,TRUE,NA,78.10581006956816,1.0953145100254211e-17
Republic of Korea,L-BFGS-B,0.01346905853554684,0.9891679848267706,0.9841130444125968,49,TRUE,CONVERGENCE: REL_REDUCTION_OF_F <= FACTR*EPSMCH,0.9386908809667066,0.9289995314419308,1.4121165366606514e-5,0.9979701451774916,0.03486084801943744,0.7005029563187078,0.5211460866114763,0.8579814488863905,1.484387142796087,5.246042349287644e-12,32,90,0.0303030303030303,0.01098901098901099,-157.1856512082349,-149.23719169673086,-149.71898454156823,-153.1856512082349,-142.96620326487255,-139.33949736208106,71.1772129535675,FALSE,FALSE,TRUE,NA,45.11437550635418,1.597856712325804e-10
Republic of Korea,L-BFGS-B,0.01346905853554684,0.9891679848267706,0.9841130444125968,49,TRUE,CONVERGENCE: REL_REDUCTION_OF_F <= FACTR*EPSMCH,0.9386908809667066,0.9289995314419308,1.4121165366606514e-5,0.9979701451774916,0.03486084801943744,0.7005029563187078,0.5211460866114763,0.8579814488863905,1.484387142796087,5.246042349287644e-12,32,90,0.0303030303030303,0.01098901098901099,-157.1856512082349,-149.23719169673086,-149.71898454156823,-153.1856512082349,-142.96620326487255,-139.33949736208106,71.1772129535675,FALSE,FALSE,TRUE,NA,45.11437550635418,1.597856712325804e-10
Russia,NM,0.00695939332908168,0.992182075006669,0.9885337100097812,1039,TRUE,NA,2.2173016951472648e-4,0.7964484171940837,0.00417492414178081,0.0293858242376058,0.9277394525982254,0.4637143464078155,0.610901968651095,0.02582839059231424,0.838584801562201,0.2575964630708703,0.81,0.2100000000000002,0.5524861878453039,0.8264462809917354,-172.37261536369584,-164.4241558521918,-164.90594869702915,-168.37261536369584,-158.1531674203335,-154.526461517542,156.2255208492279,FALSE,FALSE,TRUE,NA,22.336468708715813,1.4115139287356512e-5
Russia,Nelder-Mead,0.00695939332908168,0.992182075006669,0.9885337100097812,1039,TRUE,NA,2.2173016951472648e-4,0.7964484171940837,0.00417492414178081,0.0293858242376058,0.9277394525982254,0.4637143464078155,0.610901968651095,0.02582839059231424,0.838584801562201,0.2575964630708703,0.81,0.2100000000000002,0.5524861878453039,0.8264462809917354,-172.37261536369584,-164.4241558521918,-164.90594869702915,-168.37261536369584,-158.1531674203335,-154.526461517542,158.90500712394714,FALSE,FALSE,TRUE,NA,22.336468708715813,1.4115139287356512e-5
Russia,PORT,0.00263515365072259,0.9970397658799994,0.9956583232906658,1226,TRUE,relative convergence (4),2.8079305726539914e-8,0.5506893940506363,0.00860645282990289,2.995676026677624e-25,0.03631031479875529,0.928026588167024,0.7797428541971451,9.596407497453557e-16,0.5098861297728622,1.5875461237487853e-11,60,4,0.01639344262295082,0.2,-194.70908407241168,-186.7606245609076,-187.242417405745,-190.70908407241168,-180.4896361290493,-176.86293022625782,1301.8788430690763,FALSE,FALSE,TRUE,NA,0,0.9999717264881096
Russia,Newton,0.01437570376991746,0.9838508662342856,0.9763146038102856,3,TRUE,NA,1.0573697671273463,0.8327201242709724,-2.0694533446700955e-5,0.9929480881193296,0.47734040191872334,0.8486804934025041,0.4132934439293722,7.418866478880196e-8,1.01992478857225,4.613079657101126e-6,28,2,0.03448275862068965,0.3333333333333333,-155.6873288849363,-147.7388693734323,-148.22066221826964,-151.6873288849363,-141.46788094157395,-137.84117503878247,87.48736190795898,FALSE,FALSE,TRUE,NA,39.02175518747535,3.361408119259111e-9
Russia,L-BFGS-B,0.01231407108807829,0.9861668281160584,0.9797113479035524,17,TRUE,CONVERGENCE: REL_REDUCTION_OF_F <= FACTR*EPSMCH,0.9991760606465808,0.8199572506176084,6.6541185488658366e-6,0.9975565620727798,0.5004115093468297,0.8622825633588024,0.500396929024001,5.045547552947341e-12,1.007402557921185,7.47685489200017e-9,40,0.81,0.02439024390243902,0.5524861878453039,-159.24765859629775,-151.2991990847937,-151.78099192963109,-155.24765859629775,-145.0282106529354,-141.40150475014391,91.37996912002563,FALSE,FALSE,TRUE,NA,35.4614254761139,1.9935953795838156e-8
Russia,L-BFGS-B,0.01231407108807829,0.9861668281160584,0.9797113479035524,17,TRUE,CONVERGENCE: REL_REDUCTION_OF_F <= FACTR*EPSMCH,0.9991760606465808,0.8199572506176084,6.6541185488658366e-6,0.9975565620727798,0.5004115093468297,0.8622825633588024,0.500396929024001,5.045547552947341e-12,1.007402557921185,7.47685489200017e-9,40,0.81,0.02439024390243902,0.5524861878453039,-159.24765859629775,-151.2991990847937,-151.78099192963109,-155.24765859629775,-145.0282106529354,-141.40150475014391,91.37996912002563,FALSE,FALSE,TRUE,NA,35.4614254761139,1.9935953795838156e-8
South Africa,NM,0.01128555089824816,0.9799772947691252,0.9706333656613836,239,TRUE,NA,0.01561370549063048,0.8850558934803825,0.00204912666493194,0.549188846943695,0.380001487294048,4.552250897765936e-5,0.6739400691128166,0.9948634827966922,0.9913457668156244,4.088552728841709e-6,0.91,100,0.5235602094240838,0.0099009900990099,-161.25370418642024,-153.3052446749162,-153.78703751975357,-157.25370418642024,-147.03425624305788,-143.4075503402664,120.62599515914916,FALSE,FALSE,TRUE,NA,0,0.402932348314354
South Africa,Nelder-Mead,0.01128555089824816,0.9799772947691252,0.9706333656613836,239,TRUE,NA,0.01561370549063048,0.8850558934803825,0.00204912666493194,0.549188846943695,0.380001487294048,4.552250897765936e-5,0.6739400691128166,0.9948634827966922,0.9913457668156244,4.088552728841709e-6,0.91,100,0.5235602094240838,0.0099009900990099,-161.25370418642024,-153.3052446749162,-153.78703751975357,-157.25370418642024,-147.03425624305788,-143.4075503402664,123.17116212844849,FALSE,FALSE,TRUE,NA,0,0.402932348314354
South Africa,Newton,0.03002702318983511,0.9467263725349874,0.921865346384648,2,TRUE,NA,1.054559941893439,0.9226857089969542,-4.2293049170446906e-5,0.9933780199965236,0.5686606279770375,0.0401453791308283,0.505841285290139,0.989347067600124,0.9835305144498756,0.00745911373275424,6,100,0.14285714285714285,0.0099009900990099,-138.74649015126465,-130.7980306397606,-131.27982348459798,-134.74649015126465,-124.5270422079023,-120.9003363051108,99.99684286117554,FALSE,FALSE,TRUE,NA,22.5072140351556,5.2221904435179995e-6
South Africa,L-BFGS-B,0.0127725207081482,0.9773391286344564,0.9667640553305362,77,TRUE,CONVERGENCE: REL_REDUCTION_OF_F <= FACTR*EPSMCH,0.8590271280958278,0.9083148796177848,7.439326061726284e-5,0.9861746193281766,0.3030067089197818,5.543418574848981e-5,0.999999,0.00126724269284228,1.195830197932632,3.8557394335837635e-07,0.01,-0.3899999999999999,0.99009900990099,1.6393442622950818,-158.40692938179586,-150.45846987029182,-150.9402627151292,-154.40692938179586,-144.1874814384335,-140.56077553564202,107.07759499549866,FALSE,FALSE,TRUE,NA,2.846774804624374,0.09706504059042427
South Africa,L-BFGS-B,0.0127725207081482,0.9773391286344564,0.9667640553305362,77,TRUE,CONVERGENCE: REL_REDUCTION_OF_F <= FACTR*EPSMCH,0.8590271280958278,0.9083148796177848,7.439326061726284e-5,0.9861746193281766,0.3030067089197818,5.543418574848981e-5,0.999999,0.00126724269284228,1.195830197932632,3.8557394335837635e-07,0.01,-0.3899999999999999,0.99009900990099,1.6393442622950818,-158.40692938179586,-150.45846987029182,-150.9402627151292,-154.40692938179586,-144.1874814384335,-140.56077553564202,107.07759499549866,FALSE,FALSE,TRUE,NA,2.846774804624374,0.09706504059042427
South America Cluster,Newton,0.071993631928475,0.9557479248709884,0.9350969564774496,2,TRUE,NA,0.9719185879210632,0.9726897140414869,-3.42303538941157e-5,0.9981089823404452,0.40946232920514586,0.23546111915847573,0.5772795438836819,0.8528036729188307,1.079914888767102,0.17383544756295935,0.01,100,0.99009900990099,0.0099009900990099,-118.63345198062598,-110.68499246912194,-111.16678531395932,-114.63345198062598,-104.41400403726362,-100.78729813447214,58.422343015670776,FALSE,FALSE,TRUE,NA,27.40011254799083,5.611912862991435e-7
South America Cluster,L-BFGS-B,0.02187333748018612,0.986555191791726,0.980280947961198,60,TRUE,CONVERGENCE: REL_REDUCTION_OF_F <= FACTR*EPSMCH,0.8500118775573126,0.9731469269649318,5.704758953533205e-5,0.9969034348220412,0.0587859034308512,0.6116988069241007,0.999999,3.734234719812523e-5,2.102317357842846,0.01416303675418223,-0.89,12,9.090909090909092,0.07692307692307693,-146.0335645286168,-138.08510501711277,-138.56689786195014,-142.0335645286168,-131.81411658525445,-128.18741068246297,56.60979104042053,FALSE,FALSE,TRUE,NA,0,0.4999997194043569
South America Cluster,L-BFGS-B,0.02187333748018612,0.986555191791726,0.980280947961198,60,TRUE,CONVERGENCE: REL_REDUCTION_OF_F <= FACTR*EPSMCH,0.8500118775573126,0.9731469269649318,5.704758953533205e-5,0.9969034348220412,0.0587859034308512,0.6116988069241007,0.999999,3.734234719812523e-5,2.102317357842846,0.01416303675418223,-0.89,12,9.090909090909092,0.07692307692307693,-146.0335645286168,-138.08510501711277,-138.56689786195014,-142.0335645286168,-131.81411658525445,-128.18741068246297,56.60979104042053,FALSE,FALSE,TRUE,NA,0,0.4999997194043569
South-eastern Asia,NM,0.00747450381981843,0.9968913913483202,0.9954407073108696,1879,TRUE,NA,4.031556514577865e-6,0.9285344863485387,0.00615595429251222,0.26431693046528587,0.3943036577809128,0.14608055803292638,0.7119176273728317,4.813474189067643e-8,1.5401893993410485,0.0022016486556952,-0.49,0.91,1.96078431372549,0.5235602094240838,-170.73029039851795,-162.7818308870139,-163.26362373185128,-166.73029039851795,-156.5108424551556,-152.8841365523641,154.6305968761444,FALSE,FALSE,TRUE,NA,0,0.4527533783052107
South-eastern Asia,Nelder-Mead,0.00747450381981843,0.9968913913483202,0.9954407073108696,1879,TRUE,NA,4.031556514577865e-6,0.9285344863485387,0.00615595429251222,0.26431693046528587,0.3943036577809128,0.14608055803292638,0.7119176273728317,4.813474189067643e-8,1.5401893993410485,0.0022016486556952,-0.49,0.91,1.96078431372549,0.5235602094240838,-170.73029039851795,-162.7818308870139,-163.26362373185128,-166.73029039851795,-156.5108424551556,-152.8841365523641,146.73133182525635,FALSE,FALSE,TRUE,NA,0,0.4527533783052107
South-eastern Asia,Newton,0.03162326981389902,0.986848040685023,0.980710459671367,2,TRUE,NA,1.0992754727967906,0.9537081861980188,-5.974680558951777e-5,0.9944048006311464,0.5662048210175866,0.9753094980182816,0.5249047608364302,0.5033594577179221,0.9044950896649336,4.488791399789759e-11,100,32,0.0099009900990099,0.0303030303030303,-137.55519395244937,-129.60673444094533,-130.0885272857827,-133.55519395244937,-123.33574600908702,-119.70904010629552,71.4052300453186,FALSE,FALSE,TRUE,NA,33.175096446068594,2.8312683753471175e-8
South-eastern Asia,L-BFGS-B,0.00909765403912175,0.9962163313127196,0.9944506192586556,36,TRUE,CONVERGENCE: REL_REDUCTION_OF_F <= FACTR*EPSMCH,0.962518420168191,0.9450591950607186,9.070349989406518e-6,0.9989918744131178,0.6513288245531146,0.1908557368499534,0.8962823712765895,3.414020600047526e-9,1.2853708570936244,0.07046470702809765,-0.89,6,9.090909090909092,0.14285714285714285,-166.21035698802396,-158.26189747651992,-158.7436903213573,-162.21035698802396,-151.9909090446616,-148.36420314187012,74.97495698928833,FALSE,FALSE,TRUE,NA,4.519933410493991,0.04724660753844744
South-eastern Asia,L-BFGS-B,0.00909765403912175,0.9962163313127196,0.9944506192586556,36,TRUE,CONVERGENCE: REL_REDUCTION_OF_F <= FACTR*EPSMCH,0.962518420168191,0.9450591950607186,9.070349989406518e-6,0.9989918744131178,0.6513288245531146,0.1908557368499534,0.8962823712765895,3.414020600047526e-9,1.2853708570936244,0.07046470702809765,-0.89,6,9.090909090909092,0.14285714285714285,-166.21035698802396,-158.26189747651992,-158.7436903213573,-162.21035698802396,-151.9909090446616,-148.36420314187012,74.97495698928833,FALSE,FALSE,TRUE,NA,4.519933410493991,0.04724660753844744
Southern Africa Cluster,NM,0.02487574516867723,0.9766794797860058,0.9657965703528084,603,TRUE,NA,0.00665215754866697,0.9808815138294014,0.00247805240127484,0.9044198680788966,0.11787934958419162,0.5341167927848212,0.564546512301521,0.493338776897818,1.3848862032291558,0.34340594220344495,0.51,22,0.6622516556291391,0.04347826086956521,-143.07519388306835,-135.1267343715643,-135.60852721640168,-139.07519388306835,-128.855745939706,-125.22904003691453,132.88674187660217,FALSE,FALSE,TRUE,NA,2.677767713198577,0.10379429036388446
Southern Africa Cluster,Nelder-Mead,0.02487574516867723,0.9766794797860058,0.9657965703528084,603,TRUE,NA,0.00665215754866697,0.9808815138294014,0.00247805240127484,0.9044198680788966,0.11787934958419162,0.5341167927848212,0.564546512301521,0.493338776897818,1.3848862032291558,0.34340594220344495,0.51,22,0.6622516556291391,0.04347826086956521,-143.07519388306835,-135.1267343715643,-135.60852721640168,-139.07519388306835,-128.855745939706,-125.22904003691453,135.8802089691162,FALSE,FALSE,TRUE,NA,2.677767713198577,0.10379429036388446
Southern Africa Cluster,Newton,0.03952061384445782,0.9629502043946953,0.9456602997788864,3,TRUE,NA,1.051682280170979,0.9823618351992408,-6.178285717241936e-5,0.9977956715124416,0.4853035630528014,0.7432229684225551,0.4206402222023037,0.5120832225915428,1.0963185363044428,0.48994326248815767,0.31000000000000005,0.91,0.7633587786259541,0.5235602094240838,-132.42782306196804,-124.479363550464,-124.96115639530136,-128.42782306196804,-118.20837511860567,-114.5816692158142,66.12309980392456,FALSE,FALSE,TRUE,NA,13.325138534298901,5.059717468797758e-4
Southern Africa Cluster,L-BFGS-B,0.02214182947417392,0.9792424718003032,0.9695556253071116,39,TRUE,CONVERGENCE: REL_REDUCTION_OF_F <= FACTR*EPSMCH,0.914277189377614,0.9781842200021064,4.506805834866645e-5,0.9980114862469572,0.10690967559857596,0.4791984073910523,0.5113522245053764,0.15271501956292616,1.7194449286089817,0.1781622422713078,-0.59,10,2.4390243902439024,0.09090909090909093,-145.75296159626694,-137.8045020847629,-138.28629492960027,-141.75296159626694,-131.5335136529046,-127.9068077501131,62.868139028549194,FALSE,FALSE,TRUE,NA,0,0.39595272376267565
Southern Africa Cluster,L-BFGS-B,0.02214182947417392,0.9792424718003032,0.9695556253071116,39,TRUE,CONVERGENCE: REL_REDUCTION_OF_F <= FACTR*EPSMCH,0.914277189377614,0.9781842200021064,4.506805834866645e-5,0.9980114862469572,0.10690967559857596,0.4791984073910523,0.5113522245053764,0.15271501956292616,1.7194449286089817,0.1781622422713078,-0.59,10,2.4390243902439024,0.09090909090909093,-145.75296159626694,-137.8045020847629,-138.28629492960027,-141.75296159626694,-131.5335136529046,-127.9068077501131,62.868139028549194,FALSE,FALSE,TRUE,NA,0,0.39595272376267565
Southern Asia Cluster,NM,0.00609898289361632,0.9975110599638306,0.9963495546136182,519,TRUE,NA,0.01063592058369496,0.9660511097927328,0.00225011487872413,0.8464510811869697,0.08513769506894805,0.02950716633323546,0.5034780540982933,0.4175066804649401,1.7778251152160938,1.9565203287674328e-4,0.41000000000000014,76,0.7092198581560283,0.01298701298701298,-175.40793195687553,-167.4594724453715,-167.94126529020886,-171.40793195687553,-161.18848401351318,-157.5617781107217,89.36982488632202,FALSE,FALSE,TRUE,NA,0,0.2622382527778378
Southern Asia Cluster,Nelder-Mead,0.00609898289361632,0.9975110599638306,0.9963495546136182,519,TRUE,NA,0.01063592058369496,0.9660511097927328,0.00225011487872413,0.8464510811869697,0.08513769506894805,0.02950716633323546,0.5034780540982933,0.4175066804649401,1.7778251152160938,1.9565203287674328e-4,0.41000000000000014,76,0.7092198581560283,0.01298701298701298,-175.40793195687553,-167.4594724453715,-167.94126529020886,-171.40793195687553,-161.18848401351318,-157.5617781107217,86.68446183204651,FALSE,FALSE,TRUE,NA,0,0.2622382527778378
Southern Asia Cluster,Newton,0.03708287016850147,0.9848668143806304,0.977804661091591,3,TRUE,NA,0.96327078426638,0.9880088376607224,-6.602207511764206e-6,0.999839926362084,0.5579200348388736,0.6658395358393192,0.5708664795861632,0.4926529521955909,0.9579952144951188,0.5138295122299033,0.91,8,0.5235602094240838,0.1111111111111111,-133.89217010633178,-125.94371059482772,-126.4255034396651,-129.89217010633178,-119.67272216296942,-116.04601626017794,45.01237607002258,FALSE,FALSE,TRUE,NA,41.515761850543754,2.533161628177442e-10
Southern Asia Cluster,L-BFGS-B,0.00615117054449833,0.997489762653125,0.9963183185579166,40,TRUE,CONVERGENCE: REL_REDUCTION_OF_F <= FACTR*EPSMCH,0.9007372519556922,0.9665868655327086,5.5466974548517095e-5,0.9962513443307476,0.09021048234126638,0.01666330483229857,0.5529464612537541,0.3244780562139574,1.872526409158868,1.7082386845588572e-4,0.1100000000000001,76,0.9009009009009008,0.01298701298701298,-175.2119632715956,-167.26350376009157,-167.74529660492894,-171.2119632715956,-160.99251532823325,-157.36580942544177,40.719200134277344,FALSE,FALSE,TRUE,NA,0.19596868527992228,0.23776174709550413
Southern Asia Cluster,L-BFGS-B,0.00615117054449833,0.997489762653125,0.9963183185579166,40,TRUE,CONVERGENCE: REL_REDUCTION_OF_F <= FACTR*EPSMCH,0.9007372519556922,0.9665868655327086,5.5466974548517095e-5,0.9962513443307476,0.09021048234126638,0.01666330483229857,0.5529464612537541,0.3244780562139574,1.872526409158868,1.7082386845588572e-4,0.1100000000000001,76,0.9009009009009008,0.01298701298701298,-175.2119632715956,-167.26350376009157,-167.74529660492894,-171.2119632715956,-160.99251532823325,-157.36580942544177,40.719200134277344,FALSE,FALSE,TRUE,NA,0.19596868527992228,0.23776174709550413
Switzerland,NM,0.00678411335056373,0.9807996802139458,0.9718395309804538,143,TRUE,NA,0.0175883911886374,0.929385087968659,0.00197064863487398,0.7240029448748283,0.533701578741387,0.1443117977287258,0.5157463487280118,0.950442995065762,1.0365357214656012,0.01560046106161203,2,100,0.3333333333333333,0.0099009900990099,-172.95931542507105,-165.010855913567,-165.4926487584044,-168.95931542507105,-158.7398674817087,-155.1131615789172,113.21598386764526,FALSE,FALSE,TRUE,NA,0,0.49928426811875337
Switzerland,Nelder-Mead,0.00678411335056373,0.9807996802139458,0.9718395309804538,143,TRUE,NA,0.0175883911886374,0.929385087968659,0.00197064863487398,0.7240029448748283,0.533701578741387,0.1443117977287258,0.5157463487280118,0.950442995065762,1.0365357214656012,0.01560046106161203,2,100,0.3333333333333333,0.0099009900990099,-172.95931542507105,-165.010855913567,-165.4926487584044,-168.95931542507105,-158.7398674817087,-155.1131615789172,114.39501094818117,FALSE,FALSE,TRUE,NA,0,0.49928426811875337
Switzerland,Newton,0.01128719228894316,0.9680551178561332,0.9531475061889952,3,TRUE,NA,1.0038901296599745,0.8996536578451698,-2.9808254563745493e-5,0.993935898569324,0.4671404210596436,0.9171657564146206,0.5768753820735546,0.9801351967721256,0.973936401766934,9.565283721809106e-7,100,100,0.0099009900990099,0.0099009900990099,-161.2503592685484,-153.30189975704437,-153.78369260188174,-157.2503592685484,-147.03091132518605,-143.40420542239457,100.60051107406616,FALSE,FALSE,TRUE,NA,11.708956156522618,0.0014314637624932825
Tropical Pacific Islands,NM,0.01474783602246529,0.9891186713227202,0.9840407179399896,789,TRUE,NA,0.00350667159545854,0.917109347101841,0.00279389947987066,0.5569282753537267,0.14047252273821384,0.02077208818248911,0.01326551864704682,0.7394395721692785,1.6861516197015125,4.845107190873953e-15,-0.49,32,1.96078431372549,0.0303030303030303,-155.0995220642856,-147.15106255278155,-147.63285539761893,-151.0995220642856,-140.88007412092324,-137.25336821813175,186.65776085853577,FALSE,FALSE,TRUE,NA,0.9563929239708671,0.19133904740718155
Tropical Pacific Islands,Nelder-Mead,0.01474783602246529,0.9891186713227202,0.9840407179399896,789,TRUE,NA,0.00350667159545854,0.917109347101841,0.00279389947987066,0.5569282753537267,0.14047252273821384,0.02077208818248911,0.01326551864704682,0.7394395721692785,1.6861516197015125,4.845107190873953e-15,-0.49,32,1.96078431372549,0.0303030303030303,-155.0995220642856,-147.15106255278155,-147.63285539761893,-151.0995220642856,-140.88007412092324,-137.25336821813175,181.84310793876648,FALSE,FALSE,TRUE,NA,0.9563929239708671,0.19133904740718155
Tropical Pacific Islands,L-BFGS-B,0.01414716231176057,0.9895618636706704,0.98469073338365,94,TRUE,CONVERGENCE: REL_REDUCTION_OF_F <= FACTR*EPSMCH,0.9028056328466244,0.914482201070246,4.5858969703176745e-5,0.9920626879267204,0.1672556497024985,0.02355419689093665,0.02148568134675706,0.6369283453969643,1.827229938980407,4.822002351133268e-18,-0.69,26,3.2258064516129026,0.03703703703703703,-156.05591498825646,-148.10745547675242,-148.5892483215898,-152.05591498825646,-141.8364670448941,-138.20976114210262,87.37750005722046,FALSE,FALSE,TRUE,NA,0,0.3086609525928185
Tropical Pacific Islands,L-BFGS-B,0.01414716231176057,0.9895618636706704,0.98469073338365,94,TRUE,CONVERGENCE: REL_REDUCTION_OF_F <= FACTR*EPSMCH,0.9028056328466244,0.914482201070246,4.5858969703176745e-5,0.9920626879267204,0.1672556497024985,0.02355419689093665,0.02148568134675706,0.6369283453969643,1.827229938980407,4.822002351133268e-18,-0.69,26,3.2258064516129026,0.03703703703703703,-156.05591498825646,-148.10745547675242,-148.5892483215898,-152.05591498825646,-141.8364670448941,-138.20976114210262,87.37750005722046,FALSE,FALSE,TRUE,NA,0,0.3086609525928185
United Kingdom,PORT,0.00463215805143318,0.9770176480550128,0.9662925504806854,3655,TRUE,relative convergence (4),4.2530500882976915e-5,0.9357068116636836,0.0049560636423666,0.41878495086763384,0.3726466033099225,0.5113306307249901,0.43423952414837913,0.4031118558294124,1.1572081036781865,0.13779453350201645,0.6100000000000001,8,0.6211180124223602,0.1111111111111111,-181.735212572419,-173.78675306091495,-174.26854590575232,-177.735212572419,-167.51576462905663,-163.88905872626515,1536.47442984581,FALSE,FALSE,TRUE,NA,0,0.779033601584142
United Kingdom,L-BFGS-B,0.00548965565887386,0.9727631922295928,0.960052681936736,37,TRUE,CONVERGENCE: REL_REDUCTION_OF_F <= FACTR*EPSMCH,0.9413214542617692,0.9406835680184464,6.886623399992038e-6,0.9991731538961964,0.28255549507229016,0.2570121215017876,0.5506949243947608,0.15375274886556853,1.4755714942767868,0.03892740799671104,0.01,14,0.99009900990099,0.06666666666666667,-177.82883114609106,-169.88037163458702,-170.3621644794244,-173.82883114609106,-163.6093832027287,-159.98267729993722,69.53835201263428,FALSE,FALSE,TRUE,NA,3.9063814263279255,0.110483199207929
United Kingdom,L-BFGS-B,0.00548965565887386,0.9727631922295928,0.960052681936736,37,TRUE,CONVERGENCE: REL_REDUCTION_OF_F <= FACTR*EPSMCH,0.9413214542617692,0.9406835680184464,6.886623399992038e-6,0.9991731538961964,0.28255549507229016,0.2570121215017876,0.5506949243947608,0.15375274886556853,1.4755714942767868,0.03892740799671104,0.01,14,0.99009900990099,0.06666666666666667,-177.82883114609106,-169.88037163458702,-170.3621644794244,-173.82883114609106,-163.6093832027287,-159.98267729993722,69.53835201263428,FALSE,FALSE,TRUE,NA,3.9063814263279255,0.110483199207929
United States,Newton,0.01722137281609703,0.9551937185969256,0.9342841206088242,2,TRUE,NA,1.0622562527103436,0.936998926121776,-5.049559021798156e-5,0.99355906393683,0.44276255639756673,0.3687472482124806,0.5731910535108092,0.8038376783054066,0.9618390753444964,0.29754858568503806,0.91,100,0.5235602094240838,0.0099009900990099,-151.5332603687047,-143.58480085720066,-144.06659370203803,-147.5332603687047,-137.31381242534235,-133.68710652255086,84.27816200256348,FALSE,FALSE,TRUE,NA,33.38116847176278,2.8205990721046565e-8
United States,L-BFGS-B,0.0040341517923233,0.9895040109543068,0.9846058827329832,42,TRUE,CONVERGENCE: REL_REDUCTION_OF_F <= FACTR*EPSMCH,0.8184618283349926,0.8819091057587828,8.73637583037572e-5,0.9790673527635488,0.09460325897142578,0.01438106091044243,0.9876663614064182,1.8447306218563618e-12,2.201375169530521,3.42472382173085e-7,0.51,34,0.6622516556291391,0.02857142857142857,-184.91442884046748,-176.96596932896344,-177.4477621738008,-180.91442884046748,-170.69498089710513,-167.06827499431364,83.28052997589111,FALSE,FALSE,TRUE,NA,0,0.4999999858970046
United States,L-BFGS-B,0.0040341517923233,0.9895040109543068,0.9846058827329832,42,TRUE,CONVERGENCE: REL_REDUCTION_OF_F <= FACTR*EPSMCH,0.8184618283349926,0.8819091057587828,8.73637583037572e-5,0.9790673527635488,0.09460325897142578,0.01438106091044243,0.9876663614064182,1.8447306218563618e-12,2.201375169530521,3.42472382173085e-7,0.51,34,0.6622516556291391,0.02857142857142857,-184.91442884046748,-176.96596932896344,-177.4477621738008,-180.91442884046748,-170.69498089710513,-167.06827499431364,83.28052997589111,FALSE,FALSE,TRUE,NA,0,0.4999999858970046
Western Africa,NM,0.01948903570743392,0.9920449857050032,0.9883326457006716,407,TRUE,NA,0.01978077759615274,0.9943603034116332,0.00196484171963593,0.9775943728018835,0.08581272721818656,0.7913892282508488,0.5529658931146969,0.538766007464345,1.3888597994307017,0.6061482386992327,0.91,2,0.5235602094240838,0.3333333333333333,-148.68814155444886,-140.73968204294482,-141.2214748877822,-144.68814155444886,-134.4686936110865,-130.84198770829502,105.66149187088013,FALSE,FALSE,TRUE,NA,2.1081374650282214,0.1292222791155863
Western Africa,Nelder-Mead,0.01948903570743392,0.9920449857050032,0.9883326457006716,407,TRUE,NA,0.01978077759615274,0.9943603034116332,0.00196484171963593,0.9775943728018835,0.08581272721818656,0.7913892282508488,0.5529658931146969,0.538766007464345,1.3888597994307017,0.6061482386992327,0.91,2,0.5235602094240838,0.3333333333333333,-148.68814155444886,-140.73968204294482,-141.2214748877822,-144.68814155444886,-134.4686936110865,-130.84198770829502,99.82000589370728,FALSE,FALSE,TRUE,NA,2.1081374650282214,0.1292222791155863
Western Africa,L-BFGS-B,0.01778212759821921,0.9927417096790822,0.9893545075293204,48,TRUE,CONVERGENCE: REL_REDUCTION_OF_F <= FACTR*EPSMCH,0.926598687375773,0.9927267465862818,5.96143744620854e-5,0.9991231823743436,0.03403883791425531,0.7396281206718488,0.49536038035429536,0.5048559334410925,1.4607014924257606,0.4787783701363952,2,6,0.3333333333333333,0.14285714285714285,-150.79627901947708,-142.84781950797304,-143.3296123528104,-146.79627901947708,-136.57683107611473,-132.95012517332324,43.057623863220215,FALSE,FALSE,TRUE,NA,0,0.3707777208844137
Western Africa,L-BFGS-B,0.01778212759821921,0.9927417096790822,0.9893545075293204,48,TRUE,CONVERGENCE: REL_REDUCTION_OF_F <= FACTR*EPSMCH,0.926598687375773,0.9927267465862818,5.96143744620854e-5,0.9991231823743436,0.03403883791425531,0.7396281206718488,0.49536038035429536,0.5048559334410925,1.4607014924257606,0.4787783701363952,2,6,0.3333333333333333,0.14285714285714285,-150.79627901947708,-142.84781950797304,-143.3296123528104,-146.79627901947708,-136.57683107611473,-132.95012517332324,43.057623863220215,FALSE,FALSE,TRUE,NA,0,0.3707777208844137
